# Checking deviation from orthogonality of eigenvectors (dot product).
# Filename:           k1_l-1_b0.27_s0.9999/k1_l-1_b0.27_s0.9999_Check_Orthogonality.txt
# Program version:    Spectral_2.0
# Started in:         Fri Jan 30 15:09:24 2026
# Digits used:        15
# ================================================================================
# Level i,	Level j,	Error
# ================================================================================
1	2	3.21964677141295396723e-14
1	3	-1.11022302462515654042e-15
1	4	-1.58206781009084807010e-15
1	5	1.45716771982051795931e-15
1	6	8.29197821516913791129e-16
1	7	1.52655665885959024308e-16
1	8	7.88431819831458824410e-16
1	9	4.38017677684143791339e-16
1	10	3.48679418671338225977e-16
1	11	4.98082478039840736983e-16
1	12	-1.44524149592317741053e-16
1	13	3.26995375221628137297e-16
1	14	-3.98877979257417081271e-16
1	15	3.00974523081976030880e-16
1	16	-1.13190706807486662910e-16
1	17	1.59811400224363353573e-16
1	18	4.33680868994201773603e-17
1	19	2.61075883134509467709e-16
1	20	2.44596010112729800312e-16
1	21	2.52402265754625432237e-16
1	22	1.07552855510562039854e-16
1	23	1.93421667571413991027e-16
1	24	8.32667268468867405318e-17
1	25	-4.33680868994201773603e-18
1	26	-1.14491749414469268231e-16
1	27	1.27502175484295321439e-16
1	28	9.80118763926896008343e-17
1	29	5.20417042793042128324e-18
1	30	3.87710696880816385601e-16
1	31	1.89952220619460376838e-16
1	32	2.26381413614973325821e-16
1	33	2.15105711021124079707e-16
1	34	1.70436581514721297026e-15
1	35	1.12063136548101738299e-15
1	36	-1.90819582357448780385e-16
1	37	6.39245600897453414291e-16
1	38	2.09034178855205254877e-16
1	39	3.81639164714897560771e-17
1	40	1.91686944095437183933e-16
1	41	5.75060832286311551798e-16
1	42	4.39752401160120598433e-16
1	43	-5.12610787151146496399e-16
1	44	-9.54097911787243901927e-18
1	45	5.23452808876001540739e-16
1	46	3.10515502199848469900e-16
1	47	5.60315682740508691495e-16
1	48	5.91540705308091219194e-16
1	49	7.24247051220316961917e-17
1	50	-2.72785266597352915596e-16
1	51	-2.43728648374741396765e-16
1	52	1.30537941567254733854e-16
1	53	8.37004077158809423054e-17
1	54	-1.47451495458028603025e-16
1	55	-2.57606436182555853520e-16
1	56	9.80118763926896008343e-17
1	57	-5.63785129692462305684e-18
1	58	-2.57172755313561651747e-16
1	59	-3.07479736116889057485e-16
1	60	1.73472347597680709441e-16
1	61	-1.00180280737660609702e-16
1	62	4.81385764583563968699e-17
1	63	-1.64798730217796673969e-17
1	64	-3.53883589099268647260e-16
1	65	-1.89084858881471973291e-16
1	66	-1.56125112837912638497e-16
1	67	-4.26741975090294545225e-16
1	68	-3.90746462963775798016e-16
1	69	-5.29090660172926163796e-17
1	70	-2.94252469612565903390e-16
1	71	1.21430643318376496609e-17
1	72	1.45066250678560493270e-16
1	73	-4.20236762055381518621e-16
1	74	-8.84708972748171618150e-17
1	75	-2.28549817959944334689e-16
1	76	-1.85181731060524157328e-16
1	77	-4.09828421199520676055e-16
1	78	-3.97251675998688824620e-16
1	79	-1.15792792021451873552e-16
1	80	-3.68628738645071507563e-16
1	81	-2.32886626649886352425e-16
1	82	-2.85362011798184767031e-16
1	83	-2.73218947466347117370e-16
1	84	-2.60208521396521064162e-17
1	85	-2.46764414457700809180e-16
1	86	-1.07336015076064938967e-16
1	87	-1.54173548927438730516e-16
1	88	6.63531729561128713613e-17
1	89	-5.42101086242752217004e-18
1	90	-5.76361874893294157118e-16
1	91	-4.70977423727703126133e-16
1	92	-2.22478285794025509858e-16
1	93	-1.52005144582467721648e-16
1	94	7.00394603425635864369e-17
1	95	-5.26922255827955154928e-17
1	96	-2.48065457064683414501e-16
1	97	-3.74266589941996130619e-16
1	98	-3.97685356867683026394e-16
1	99	2.42427605767758791444e-16
1	100	6.50521303491302660404e-17
2	3	5.73985303731205931399e-14
2	4	2.96984659087229374563e-15
2	5	2.04003480774872514303e-15
2	6	2.33840724561673596327e-15
2	7	-1.68615121864945649577e-15
2	8	6.92154666914746030670e-16
2	9	-1.22644949751560261575e-15
2	10	-6.29704621779580975272e-16
2	11	-1.05601291600088131872e-15
2	12	2.17490955800592189462e-16
2	13	1.01481323344643215023e-16
2	14	1.02261948908832778216e-15
2	15	-5.41233724504763813457e-16
2	16	8.41340885848751440790e-16
2	17	4.22838847269346729263e-17
2	18	3.46944695195361418882e-17
2	19	1.34441069388202549817e-16
2	20	8.67361737988403547206e-18
2	21	-1.85615411929518359102e-16
2	22	-4.92661467177413214813e-16
2	23	-4.56232274181900265830e-16
2	24	-3.15719672627778891183e-16
2	25	-1.12757025938492461137e-16
2	26	-4.52762827229946651642e-16
2	27	-2.53269627492613835784e-16
2	28	-7.12971348626467715803e-16
2	29	-7.23379689482328558370e-16
2	30	-6.50521303491302660404e-16
2	31	-7.19910242530374944181e-16
2	32	-5.91540705308091219194e-16
2	33	-3.10515502199848469900e-16
2	34	-8.88178419700125232339e-16
2	35	-3.27862736959616540844e-16
2	36	-2.15105711021124079707e-16
2	37	3.19189119579732505372e-16
2	38	1.23512311489548665122e-15
2	39	5.81132364452230376628e-16
2	40	-8.84708972748171618150e-17
2	41	2.42861286636752993218e-17
2	42	1.61329283265843059780e-16
2	43	-4.18935719448398913300e-16
2	44	-4.51028103753969844547e-16
2	45	-3.29597460435593347938e-17
2	46	1.73472347597680709441e-18
2	47	2.38524477946810975482e-16
2	48	3.20056481317720908919e-16
2	49	-6.33174068731534589460e-17
2	50	1.95156391047390798121e-16
2	51	2.94035629178068802503e-16
2	52	1.12757025938492461137e-17
2	53	2.68014777038416696087e-16
2	54	1.78676518025611130724e-16
2	55	1.82145964977564744913e-17
2	56	1.33573707650214146270e-16
2	57	2.46330733588706607406e-16
2	58	7.80625564189563192485e-17
2	59	3.20056481317720908919e-16
2	60	3.64291929955129489827e-17
2	61	4.68375338513737915491e-17
2	62	-1.33573707650214146270e-16
2	63	2.16840434497100886801e-16
2	64	1.24900090270330110798e-16
2	65	3.72965547335013525299e-17
2	66	5.20417042793042128324e-18
2	67	2.31151903173909545330e-16
2	68	3.59955121265187472090e-17
2	69	-2.34187669256868957746e-17
2	70	2.73218947466347117370e-17
2	71	2.29850860566926940010e-17
2	72	-5.85469173142172394364e-17
2	73	2.00794242344315421178e-16
2	74	-5.76795555762288358892e-17
2	75	9.54097911787243901927e-18
2	76	-1.81278603239576341366e-16
2	77	-1.43114686768086585289e-16
2	78	-7.45931094670027050597e-17
2	79	1.89084858881471973291e-16
2	80	-1.78676518025611130724e-16
2	81	-1.13624387676480864684e-16
2	82	-4.46691295064027826811e-17
2	83	-4.85722573273505986435e-17
2	84	-1.75207071073657516536e-16
2	85	8.41340885848751440790e-17
2	86	-1.65232411086790875743e-16
2	87	1.17093834628434478873e-17
2	88	1.34441069388202549817e-17
2	89	-2.11636264069170465518e-16
2	90	-3.03576608295941241522e-18
2	91	-3.42607886505419401146e-17
2	92	-7.28583859910258979653e-17
2	93	-8.19656842399041352110e-17
2	94	9.06393016197881706830e-17
2	95	2.16840434497100886801e-18
2	96	-5.07406616723216075115e-17
2	97	-1.03216046820620022118e-16
2	98	3.46944695195361418882e-18
2	99	2.63677968348474678351e-16
2	100	2.28116137090950132915e-16
3	4	1.84297022087775985710e-14
3	5	1.00752739484732956043e-14
3	6	-3.85802501057241897797e-15
3	7	1.02695629777826979989e-15
3	8	-1.08940634291343485529e-15
3	9	-8.76035355368287582678e-16
3	10	-9.05525654459893303283e-16
3	11	2.56739074444567449973e-16
3	12	2.65846372693445687219e-16
3	13	-7.42461647718073436408e-16
3	14	-2.98806118737005022012e-16
3	15	1.11022302462515654042e-16
3	16	-2.30718222304915343557e-16
3	17	-1.30104260698260532081e-16
3	18	-1.31838984174237339175e-16
3	19	-4.71844785465691529680e-16
3	20	-1.59594559789866252686e-16
3	21	-2.77555756156289135106e-17
3	22	4.16333634234433702659e-17
3	23	2.91433543964103591861e-16
3	24	-4.85722573273505986435e-17
3	25	2.49800180540660221595e-16
3	26	5.55111512312578270212e-17
3	27	6.93889390390722837765e-18
3	28	1.87350135405495166196e-16
3	29	-4.37150315946155387792e-16
3	30	-2.70616862252381906728e-16
3	31	-1.04777297948999148502e-15
3	32	-5.82867087928207183722e-16
3	33	1.87350135405495166196e-16
3	34	2.84494650060196363484e-16
3	35	4.99600361081320443191e-16
3	36	-3.81639164714897560771e-16
3	37	-3.12250225675825276994e-16
3	38	8.74300631892310775584e-16
3	39	7.97972798949331263429e-16
3	40	7.63278329429795121541e-17
3	41	1.11022302462515654042e-16
3	42	-2.87964097012149977672e-16
3	43	1.04083408558608425665e-16
3	44	-5.96744875736021640478e-16
3	45	-2.74086309204335520917e-16
3	46	2.42861286636752993218e-16
3	47	-1.24900090270330110798e-16
3	48	-6.24500451351650553988e-17
3	49	2.84494650060196363484e-16
3	50	3.22658566531686119561e-16
3	51	3.64291929955129489827e-16
3	52	4.54497550705923458736e-16
3	53	-2.77555756156289135106e-17
3	54	9.71445146547011972871e-17
3	55	-2.60208521396521064162e-16
3	56	1.45716771982051795931e-16
3	57	1.73472347597680709441e-17
3	58	3.46944695195361418882e-17
3	59	5.89805981832114412100e-17
3	60	-6.59194920871186695877e-17
3	61	-2.22044604925031308085e-16
3	62	-1.73472347597680709441e-17
3	63	-4.16333634234433702659e-17
3	64	-2.65412691824451485445e-16
3	65	-9.02056207507939689094e-17
3	66	-2.25514051876984922274e-17
3	67	-1.56125112837912638497e-17
3	68	-6.07153216591882483044e-17
3	69	-2.44596010112729800312e-16
3	70	6.07153216591882483044e-17
3	71	4.51028103753969844547e-17
3	72	-3.69496100383059911110e-16
3	73	1.17961196366422882420e-16
3	74	-6.76542155630954766821e-17
3	75	-1.24900090270330110798e-16
3	76	-2.49800180540660221595e-16
3	77	-9.36750677027475830982e-17
3	78	-2.02962646689286430046e-16
3	79	-2.08166817117216851329e-17
3	80	-5.72458747072346341156e-17
3	81	-2.23779328401008115179e-16
3	82	-9.19403442267707760038e-17
3	83	-3.13984949151802084089e-16
3	84	-9.88792381306780043815e-17
3	85	-1.30104260698260532081e-16
3	86	-2.30718222304915343557e-16
3	87	-1.14491749414469268231e-16
3	88	1.28369537222283724986e-16
3	89	-3.15719672627778891183e-16
3	90	-1.83880688453541552008e-16
3	91	-2.58473797920544257067e-16
3	92	-6.41847686111418624932e-17
3	93	3.64291929955129489827e-17
3	94	2.25514051876984922274e-17
3	95	-1.04083408558608425665e-17
3	96	-8.32667268468867405318e-17
3	97	1.42247325030098181742e-16
3	98	-1.96023752785379201669e-16
3	99	-2.25514051876984922274e-17
3	100	-2.22044604925031308085e-16
4	5	-1.74749104075999639463e-13
4	6	1.18516307878735460690e-14
4	7	1.27953203588049291284e-14
4	8	5.96744875736021640478e-16
4	9	1.50920942409982217214e-15
4	10	1.62023172656233782618e-15
4	11	-6.95624113866699644859e-16
4	12	1.76247905159243600792e-15
4	13	-5.96744875736021640478e-16
4	14	-9.10729824887823724566e-18
4	15	-2.77555756156289135106e-17
4	16	0.00000000000000000000e+00
4	17	-1.56992474575901042044e-16
4	18	1.94289029309402394574e-16
4	19	-9.02056207507939689094e-17
4	20	6.66133814775093924254e-16
4	21	5.27355936696949356701e-16
4	22	2.35922392732845764840e-16
4	23	4.85722573273505986435e-17
4	24	-4.44089209850062616169e-16
4	25	-7.49400541621980664786e-16
4	26	-6.59194920871186695877e-16
4	27	-6.38378239159465010744e-16
4	28	-1.31838984174237339175e-16
4	29	-5.55111512312578270212e-16
4	30	-2.63677968348474678351e-16
4	31	-1.01307850997045534314e-15
4	32	-1.01307850997045534314e-15
4	33	-7.91033905045424035052e-16
4	34	-8.18789480661052948562e-16
4	35	-2.01227923213309622952e-16
4	36	-2.28983498828938536462e-16
4	37	-3.67761376907083104015e-16
4	38	-3.46944695195361418882e-17
4	39	5.55111512312578270212e-17
4	40	-2.49800180540660221595e-16
4	41	2.28983498828938536462e-16
4	42	-1.45716771982051795931e-16
4	43	4.16333634234433702659e-17
4	44	-1.31838984174237339175e-16
4	45	-2.35922392732845764840e-16
4	46	3.12250225675825276994e-16
4	47	5.16947595841088514135e-16
4	48	1.21430643318376496609e-16
4	49	4.85722573273505986435e-17
4	50	-1.21430643318376496609e-16
4	51	-1.73472347597680709441e-16
4	52	3.95516952522712017526e-16
4	53	3.50414142147315033071e-16
4	54	2.18575157973077693896e-16
4	55	7.63278329429795121541e-17
4	56	1.52655665885959024308e-16
4	57	-3.46944695195361418882e-17
4	58	-7.63278329429795121541e-17
4	59	-2.08166817117216851329e-17
4	60	1.24900090270330110798e-16
4	61	-2.42861286636752993218e-16
4	62	-3.81639164714897560771e-17
4	63	5.55111512312578270212e-17
4	64	5.30825383648902970890e-16
4	65	-6.93889390390722837765e-18
4	66	-2.04697370165263237141e-16
4	67	1.24900090270330110798e-16
4	68	8.32667268468867405318e-17
4	69	-1.38777878078144567553e-17
4	70	4.16333634234433702659e-17
4	71	1.04083408558608425665e-17
4	72	-1.94289029309402394574e-16
4	73	-7.63278329429795121541e-17
4	74	-1.63064006741819866875e-16
4	75	8.67361737988403547206e-17
4	76	-2.39391839684799379029e-16
4	77	-4.85722573273505986435e-17
4	78	-6.24500451351650553988e-17
4	79	-9.02056207507939689094e-17
4	80	1.04083408558608425665e-17
4	81	1.42247325030098181742e-16
4	82	7.28583859910258979653e-17
4	83	4.85722573273505986435e-17
4	84	-1.07552855510562039854e-16
4	85	-3.12250225675825276994e-17
4	86	3.81639164714897560771e-17
4	87	-7.97972798949331263429e-17
4	88	-2.08166817117216851329e-17
4	89	1.28369537222283724986e-16
4	90	1.76941794549634323630e-16
4	91	1.31838984174237339175e-16
4	92	3.26128013483639733749e-16
4	93	2.42861286636752993218e-16
4	94	1.31838984174237339175e-16
4	95	-2.35922392732845764840e-16
4	96	1.70002900645727095252e-16
4	97	3.46944695195361418882e-18
4	98	1.59594559789866252686e-16
4	99	1.07552855510562039854e-16
4	100	5.89805981832114412100e-17
5	6	7.69384556065233482514e-14
5	7	2.80539480534969243308e-14
5	8	1.60982338570647698361e-15
5	9	2.35922392732845764840e-16
5	10	4.10695782937509079602e-15
5	11	-1.66013036650980438935e-15
5	12	9.15933995315754145849e-16
5	13	-9.05525654459893303283e-16
5	14	-2.16840434497100886801e-16
5	15	-8.63892291036449933017e-16
5	16	-1.70870262383715498800e-16
5	17	-1.35134958778593272655e-15
5	18	-7.11670306019485110482e-16
5	19	-8.17054757185076141468e-16
5	20	-9.00538324466459982887e-16
5	21	-1.14665221762066948941e-15
5	22	-1.12149872721900578654e-15
5	23	-8.27896778909931185808e-16
5	24	-1.08420217248550443401e-15
5	25	-1.57903204400788865769e-15
5	26	-8.93816270997049855396e-16
5	27	-7.18175519054398137087e-16
5	28	-1.21430643318376496609e-16
5	29	-2.08513761812412212748e-15
5	30	6.44449771325383835574e-16
5	31	-5.48172618408671041834e-16
5	32	-1.08940634291343485529e-15
5	33	-1.07899800205757401272e-15
5	34	-4.07660016854549667187e-16
5	35	-2.06432093641240044235e-16
5	36	2.37657116208822571934e-16
5	37	-6.24500451351650553988e-16
5	38	-4.12864187282480088470e-16
5	39	-8.15320033709099334374e-16
5	40	-2.98372437868010820239e-16
5	41	-7.91033905045424035052e-16
5	42	-8.43075609324728247884e-16
5	43	-7.58074159001864700258e-16
5	44	-3.88578058618804789148e-16
5	45	-9.19403442267707760038e-17
5	46	-6.48786580015325853310e-16
5	47	-5.34294830600856585079e-16
5	48	-4.78783679369598758058e-16
5	49	-3.36536354339500576316e-16
5	50	-3.62557206479152682732e-16
5	51	1.23165366794353303703e-16
5	52	-3.43475248243407804694e-16
5	53	-2.77555756156289135106e-17
5	54	-3.26128013483639733749e-16
5	55	-2.01227923213309622952e-16
5	56	-2.13370987545147272613e-16
5	57	1.31838984174237339175e-16
5	58	-1.11022302462515654042e-16
5	59	-9.19403442267707760038e-17
5	60	4.80518402845575565152e-16
5	61	-2.67147415300428292539e-16
5	62	2.39391839684799379029e-16
5	63	-2.35922392732845764840e-16
5	64	-1.33573707650214146270e-16
5	65	-1.43982048506074988836e-16
5	66	-9.19403442267707760038e-17
5	67	1.21430643318376496609e-16
5	68	-2.75821032680312328011e-16
5	69	-1.23165366794353303703e-16
5	70	-1.19695919842399689514e-16
5	71	-1.61329283265843059780e-16
5	72	1.78676518025611130724e-16
5	73	-4.37150315946155387792e-16
5	74	-1.99493199737332815857e-16
5	75	5.20417042793042128324e-18
5	76	1.35308431126190953364e-16
5	77	-1.85615411929518359102e-16
5	78	6.59194920871186695877e-17
5	79	-1.82145964977564744913e-16
5	80	-7.28583859910258979653e-17
5	81	4.85722573273505986435e-17
5	82	-1.43982048506074988836e-16
5	83	-2.94902990916057206050e-17
5	84	8.67361737988403547206e-17
5	85	-2.39391839684799379029e-16
5	86	-6.93889390390722837765e-18
5	87	-2.77555756156289135106e-17
5	88	7.45931094670027050597e-17
5	89	-1.04083408558608425665e-17
5	90	1.12757025938492461137e-16
5	91	7.97972798949331263429e-17
5	92	5.37764277552810199268e-17
5	93	-1.37043154602167760459e-16
5	94	-1.21430643318376496609e-17
5	95	5.37764277552810199268e-17
5	96	-1.90819582357448780385e-17
5	97	-1.30104260698260532081e-16
5	98	-1.38777878078144567553e-17
5	99	1.71737624121703902347e-16
5	100	2.08166817117216851329e-17
6	7	-2.25208740545213004225e-13
6	8	1.36002320516581676202e-15
6	9	-4.95437024738976106164e-15
6	10	8.09421973890778190253e-15
6	11	-1.21430643318376496609e-15
6	12	-5.96744875736021640478e-16
6	13	-1.33226762955018784851e-15
6	14	2.68014777038416696087e-16
6	15	-1.22037796534968379092e-15
6	16	1.03172678733720601940e-15
6	17	3.90312782094781596243e-17
6	18	-1.03736463863413064246e-15
6	19	-6.71337985203024345537e-16
6	20	-2.48897582232066039154e-15
6	21	-8.82974249272194811056e-16
6	22	-1.15879528195250713907e-15
6	23	1.38777878078144567553e-16
6	24	-2.87964097012149977672e-16
6	25	-7.63278329429795121541e-17
6	26	-1.76941794549634323630e-16
6	27	-8.32667268468867405318e-16
6	28	-5.51642065360624656023e-16
6	29	-2.58473797920544257067e-16
6	30	1.19695919842399689514e-16
6	31	4.31946145518224966509e-16
6	32	7.39859562504108225767e-16
6	33	4.10262102068514877828e-16
6	34	8.51749226704612283356e-16
6	35	-1.26201132877312716118e-16
6	36	-3.50414142147315033071e-16
6	37	-6.35342473076505598328e-16
6	38	3.29380620001096247051e-16
6	39	1.06007867414770196035e-16
6	40	-9.71445146547011972871e-17
6	41	9.49761103097301884191e-17
6	42	2.03830008427274833593e-17
6	43	1.19695919842399689514e-16
6	44	-1.28369537222283724986e-16
6	45	-2.64545330086463081898e-16
6	46	-8.64759652774438336564e-16
6	47	-6.11490025281824500780e-16
6	48	-3.27862736959616540844e-16
6	49	5.72458747072346341156e-17
6	50	-9.80118763926896008343e-17
6	51	2.30718222304915343557e-16
6	52	-5.20417042793042128324e-17
6	53	4.33680868994201773603e-17
6	54	-5.11743425413158092852e-17
6	55	2.11636264069170465518e-16
6	56	-9.28077059647591795510e-17
6	57	-1.30104260698260532081e-17
6	58	-3.46944695195361418882e-18
6	59	-9.88792381306780043815e-17
6	60	1.64798730217796673969e-16
6	61	-1.70002900645727095252e-16
6	62	2.24646690138996518726e-16
6	63	2.47198095326695010954e-16
6	64	-1.15359111152457671778e-16
6	65	-9.80118763926896008343e-17
6	66	1.36175792864179356911e-16
6	67	-9.10729824887823724566e-17
6	68	-6.24500451351650553988e-17
6	69	4.59701721133853880019e-17
6	70	3.38271077815477383410e-17
6	71	-1.03216046820620022118e-16
6	72	-1.56125112837912638497e-17
6	73	-2.77555756156289135106e-17
6	74	6.76542155630954766821e-17
6	75	-2.60208521396521064162e-17
6	76	4.25007251614317738131e-17
6	77	7.71951946809679157013e-17
6	78	-3.98986399474665631715e-17
6	79	3.98986399474665631715e-17
6	80	1.96023752785379201669e-16
6	81	-1.27502175484295321439e-16
6	82	4.85722573273505986435e-17
6	83	-1.47451495458028603025e-17
6	84	-7.63278329429795121541e-17
6	85	-1.07552855510562039854e-16
6	86	-4.07660016854549667187e-17
6	87	1.04950770296596829212e-16
6	88	2.68882138776405099634e-17
6	89	1.90819582357448780385e-17
6	90	1.02348685082631618570e-16
6	91	1.62196645003831463328e-16
6	92	-3.03576608295941241522e-16
6	93	-3.36536354339500576316e-16
6	94	-2.14238349283135676160e-16
6	95	-1.47451495458028603025e-17
6	96	-3.90312782094781596243e-17
6	97	-5.97612237474010044025e-16
6	98	5.72458747072346341156e-17
6	99	8.58688120608519511734e-17
6	100	2.79290479632265942200e-16
7	8	4.20219414820621750550e-14
7	9	1.70419234279961528955e-14
7	10	1.32116539930393628310e-14
7	11	4.01068067645837800228e-15
7	12	-4.40619762898109001981e-16
7	13	-1.56992474575901042044e-15
7	14	9.14199271839777338755e-16
7	15	-8.84708972748171618150e-16
7	16	1.22384741230163740511e-15
7	17	-1.73472347597680709441e-16
7	18	-6.64399091299117117160e-16
7	19	-1.61329283265843059780e-16
7	20	-1.28716481917479086405e-15
7	21	-3.64291929955129489827e-16
7	22	-7.00828284294630066142e-16
7	23	8.98586760555986074905e-16
7	24	3.05311331771918048616e-16
7	25	1.18308141061618243839e-15
7	26	1.11022302462515654042e-15
7	27	3.92047505570758403337e-16
7	28	3.81639164714897560771e-16
7	29	-2.03656536079677152884e-15
7	30	9.74914593498965587060e-16
7	31	9.22872889219661374227e-16
7	32	3.64291929955129489827e-16
7	33	-6.45317133063372239121e-16
7	34	-1.00613961606654811476e-16
7	35	9.02056207507939689094e-16
7	36	8.30932544992890598223e-16
7	37	5.36029554076833392173e-16
7	38	4.38885039422132194886e-16
7	39	7.35522753814166208031e-16
7	40	9.54097911787243901927e-17
7	41	1.21257170970778815899e-15
7	42	2.61943244872497871256e-16
7	43	2.80157841370254345748e-16
7	44	6.39679281766447616064e-16
7	45	3.14296657276391666613e-16
7	46	6.78710559975925775689e-16
7	47	3.88144377749810587375e-16
7	48	3.44342609981396208241e-16
7	49	4.68375338513737915491e-17
7	50	4.16333634234433702659e-17
7	51	6.85215773010838802293e-17
7	52	-7.89299181569447227957e-17
7	53	2.94035629178068802503e-16
7	54	-2.34187669256868957746e-16
7	55	-1.90819582357448780385e-17
7	56	-1.73472347597680709441e-18
7	57	4.25007251614317738131e-17
7	58	-1.89084858881471973291e-16
7	59	-2.25514051876984922274e-17
7	60	1.17527515497428680646e-16
7	61	2.07733136248222649556e-16
7	62	5.98479599211998447572e-17
7	63	1.72604985859692305894e-16
7	64	2.10768902331182061971e-16
7	65	-5.72458747072346341156e-17
7	66	1.19262238973405487741e-16
7	67	5.72458747072346341156e-17
7	68	2.13370987545147272613e-16
7	69	1.96023752785379201669e-16
7	70	1.42247325030098181742e-16
7	71	2.64545330086463081898e-17
7	72	6.93889390390722837765e-18
7	73	9.45424294407359866454e-17
7	74	9.36750677027475830982e-17
7	75	2.25514051876984922274e-16
7	76	5.50774703622636252476e-17
7	77	-3.72965547335013525299e-17
7	78	1.12757025938492461137e-17
7	79	2.34187669256868957746e-16
7	80	1.77809156287622727177e-17
7	81	9.36750677027475830982e-17
7	82	8.37004077158809423054e-17
7	83	-9.02056207507939689094e-17
7	84	8.80372164058229600414e-17
7	85	-8.41340885848751440790e-17
7	86	2.37223435339828370161e-16
7	87	7.06899816460548890973e-17
7	88	-9.75781955236953990607e-17
7	89	7.50267903359969068333e-17
7	90	3.40439482160448392278e-16
7	91	1.25767452008318514345e-16
7	92	1.61329283265843059780e-16
7	93	-5.68121938382404323420e-17
7	94	1.16226472890446075326e-16
7	95	3.04010289164935443296e-16
7	96	-5.20417042793042128324e-18
7	97	-3.59955121265187472090e-17
7	98	-1.90819582357448780385e-17
7	99	1.54390389361935831403e-16
7	100	3.80771802976909157223e-16
8	9	2.06466788110759580377e-14
8	10	2.86229373536173170578e-15
8	11	1.85962356624713720521e-15
8	12	-2.77555756156289135106e-17
8	13	-1.42941214420488904580e-15
8	14	-1.94982918699793117412e-15
8	15	-1.17961196366422882420e-15
8	16	8.96852037080009267811e-16
8	17	-8.34401991944844212412e-16
8	18	2.56739074444567449973e-16
8	19	4.71844785465691529680e-16
8	20	-6.93889390390722837765e-18
8	21	-7.91033905045424035052e-16
8	22	-6.38378239159465010744e-16
8	23	-5.41233724504763813457e-16
8	24	-5.89805981832114412100e-16
8	25	2.08166817117216851329e-16
8	26	8.67361737988403547206e-16
8	27	-3.81639164714897560771e-16
8	28	1.06165076729780594178e-15
8	29	-3.19189119579732505372e-16
8	30	0.00000000000000000000e+00
8	31	2.63677968348474678351e-16
8	32	-1.59594559789866252686e-16
8	33	-9.22872889219661374227e-16
8	34	1.24900090270330110798e-16
8	35	-2.84494650060196363484e-16
8	36	-2.08166817117216851329e-17
8	37	8.32667268468867405318e-17
8	38	-1.87350135405495166196e-16
8	39	6.10622663543836097233e-16
8	40	-2.32452945780892150651e-16
8	41	8.01442245901284877618e-16
8	42	2.32452945780892150651e-16
8	43	2.42861286636752993218e-16
8	44	7.04297731246583680331e-16
8	45	1.10154940724527250495e-16
8	46	5.87854417921640504119e-16
8	47	2.43511807940244295878e-16
8	48	1.01481323344643215023e-16
8	49	8.76035355368287582678e-17
8	50	1.96023752785379201669e-16
8	51	1.31838984174237339175e-16
8	52	-3.46944695195361418882e-17
8	53	1.85615411929518359102e-16
8	54	-7.63278329429795121541e-17
8	55	6.07153216591882483044e-17
8	56	-5.37764277552810199268e-17
8	57	2.30718222304915343557e-16
8	58	-2.58473797920544257067e-16
8	59	-8.67361737988403547206e-18
8	60	1.04083408558608425665e-17
8	61	-2.94902990916057206050e-17
8	62	-2.81025203108242749295e-16
8	63	-2.42861286636752993218e-17
8	64	6.07153216591882483044e-17
8	65	6.59194920871186695877e-17
8	66	-7.45931094670027050597e-17
8	67	5.55111512312578270212e-17
8	68	1.35308431126190953364e-16
8	69	6.93889390390722837765e-17
8	70	-1.33573707650214146270e-16
8	71	1.26634813746306917892e-16
8	72	4.16333634234433702659e-17
8	73	1.14491749414469268231e-16
8	74	1.02348685082631618570e-16
8	75	1.37043154602167760459e-16
8	76	2.16840434497100886801e-16
8	77	1.19695919842399689514e-16
8	78	2.27248775352961729368e-16
8	79	2.61943244872497871256e-16
8	80	7.11236625150490908709e-17
8	81	7.80625564189563192485e-17
8	82	7.80625564189563192485e-17
8	83	1.56125112837912638497e-16
8	84	-2.06432093641240044235e-16
8	85	1.07552855510562039854e-16
8	86	-1.90819582357448780385e-17
8	87	2.08166817117216851329e-17
8	88	2.01227923213309622952e-16
8	89	3.34801630863523769222e-16
8	90	-7.97972798949331263429e-17
8	91	8.67361737988403547206e-18
8	92	1.38777878078144567553e-17
8	93	3.12250225675825276994e-17
8	94	-8.15320033709099334374e-17
8	95	5.03069808033274057379e-17
8	96	-1.31838984174237339175e-16
8	97	2.67147415300428292539e-16
8	98	-1.11022302462515654042e-16
8	99	-1.80411241501587937819e-16
8	100	3.29597460435593347938e-17
9	10	-1.20459198171829484636e-14
9	11	3.96904731303493463201e-15
9	12	1.18655085756813605258e-15
9	13	1.67921232474554926739e-15
9	14	-5.07927033766009117244e-15
9	15	4.99600361081320443191e-16
9	16	9.99200722162640886381e-16
9	17	-2.42861286636752993218e-16
9	18	5.41233724504763813457e-16
9	19	1.09981468376929569786e-15
9	20	1.38083988687753844715e-15
9	21	1.23338839141950984413e-15
9	22	1.03389519168217702827e-15
9	23	7.70217223333702349919e-16
9	24	3.26128013483639733749e-16
9	25	1.17440779323629840292e-15
9	26	3.05311331771918048616e-15
9	27	1.13277442981285503265e-15
9	28	1.24726617922732430088e-15
9	29	2.49366499671666019822e-16
9	30	-4.40619762898109001981e-16
9	31	7.97972798949331263429e-17
9	32	1.04777297948999148502e-15
9	33	7.97972798949331263429e-16
9	34	1.17961196366422882420e-16
9	35	9.99200722162640886381e-16
9	36	8.95117313604032460717e-16
9	37	5.41233724504763813457e-16
9	38	7.49400541621980664786e-16
9	39	7.35522753814166208031e-16
9	40	-3.46944695195361418882e-17
9	41	-1.38777878078144567553e-17
9	42	-2.22044604925031308085e-16
9	43	-3.12250225675825276994e-16
9	44	-1.11022302462515654042e-16
9	45	4.09394740330526474281e-16
9	46	6.24500451351650553988e-17
9	47	-1.52655665885959024308e-16
9	48	2.70616862252381906728e-16
9	49	4.23272528138340931037e-16
9	50	-7.63278329429795121541e-17
9	51	-8.32667268468867405318e-17
9	52	-3.19189119579732505372e-16
9	53	-5.75928194024299955345e-16
9	54	-4.23272528138340931037e-16
9	55	-6.24500451351650553988e-17
9	56	-1.11022302462515654042e-16
9	57	-2.63677968348474678351e-16
9	58	-3.40005801291454190505e-16
9	59	3.53883589099268647260e-16
9	60	-2.84494650060196363484e-16
9	61	-7.63278329429795121541e-17
9	62	1.45716771982051795931e-16
9	63	-1.45716771982051795931e-16
9	64	0.00000000000000000000e+00
9	65	-1.73472347597680709441e-16
9	66	1.31838984174237339175e-16
9	67	-4.16333634234433702659e-17
9	68	1.31838984174237339175e-16
9	69	-1.87350135405495166196e-16
9	70	1.38777878078144567553e-16
9	71	-4.85722573273505986435e-17
9	72	1.52655665885959024308e-16
9	73	4.16333634234433702659e-17
9	74	-1.11022302462515654042e-16
9	75	2.08166817117216851329e-17
9	76	-1.94289029309402394574e-16
9	77	-1.38777878078144567553e-17
9	78	-1.31838984174237339175e-16
9	79	1.24900090270330110798e-16
9	80	1.04083408558608425665e-16
9	81	-9.71445146547011972871e-17
9	82	4.16333634234433702659e-17
9	83	2.22044604925031308085e-16
9	84	-6.24500451351650553988e-17
9	85	-1.38777878078144567553e-16
9	86	-2.63677968348474678351e-16
9	87	-1.24900090270330110798e-16
9	88	-2.49800180540660221595e-16
9	89	-3.46944695195361418882e-17
9	90	-1.59594559789866252686e-16
9	91	-1.38777878078144567553e-17
9	92	2.77555756156289135106e-17
9	93	7.63278329429795121541e-17
9	94	4.16333634234433702659e-17
9	95	-1.38777878078144567553e-17
9	96	2.08166817117216851329e-17
9	97	1.38777878078144567553e-16
9	98	2.84494650060196363484e-16
9	99	5.41233724504763813457e-16
9	100	-2.77555756156289135106e-17
10	11	-5.93969318174458749127e-15
10	12	3.83026943495679006446e-15
10	13	1.33226762955018784851e-15
10	14	-2.78943534937070580781e-15
10	15	-2.29677388219329259300e-15
10	16	6.73072708679001152632e-16
10	17	-4.44089209850062616169e-16
10	18	5.55111512312578270212e-16
10	19	-1.94289029309402394574e-16
10	20	1.25593979660720833635e-15
10	21	1.85268467234322997683e-15
10	22	2.30371277609719982138e-15
10	23	2.82412981889024194970e-15
10	24	2.34881558647259680583e-15
10	25	4.52415882534751290223e-15
10	26	7.71605002114483795594e-15
10	27	-4.78783679369598758058e-16
10	28	6.10622663543836097233e-16
10	29	1.01307850997045534314e-15
10	30	-6.93889390390722837765e-18
10	31	6.43582409587395432027e-16
10	32	4.16333634234433702659e-16
10	33	7.28583859910258979653e-17
10	34	-4.14598910758456895564e-16
10	35	3.71230823859036718204e-16
10	36	2.39174999250302278142e-16
10	37	1.76941794549634323630e-16
10	38	4.63171168085807494208e-16
10	39	5.03069808033274057379e-16
10	40	6.24500451351650553988e-17
10	41	-2.18575157973077693896e-16
10	42	-1.28369537222283724986e-16
10	43	4.78783679369598758058e-16
10	44	6.24500451351650553988e-17
10	45	-1.76941794549634323630e-16
10	46	1.24900090270330110798e-16
10	47	7.63278329429795121541e-17
10	48	3.12250225675825276994e-17
10	49	-7.63278329429795121541e-17
10	50	-7.63278329429795121541e-17
10	51	-7.28583859910258979653e-17
10	52	-1.31838984174237339175e-16
10	53	-1.04083408558608425665e-17
10	54	-1.24900090270330110798e-16
10	55	2.08166817117216851329e-16
10	56	-6.93889390390722837765e-18
10	57	1.70002900645727095252e-16
10	58	0.00000000000000000000e+00
10	59	2.01227923213309622952e-16
10	60	6.24500451351650553988e-17
10	61	-1.07552855510562039854e-16
10	62	-1.87350135405495166196e-16
10	63	-2.28983498828938536462e-16
10	64	-2.42861286636752993218e-16
10	65	4.51028103753969844547e-17
10	66	-1.38777878078144567553e-17
10	67	-6.93889390390722837765e-17
10	68	-1.11022302462515654042e-16
10	69	-8.67361737988403547206e-17
10	70	4.85722573273505986435e-17
10	71	4.51028103753969844547e-17
10	72	6.59194920871186695877e-17
10	73	-1.14491749414469268231e-16
10	74	1.73472347597680709441e-17
10	75	-3.46944695195361418882e-18
10	76	-6.93889390390722837765e-17
10	77	5.89805981832114412100e-17
10	78	2.08166817117216851329e-16
10	79	-1.59594559789866252686e-16
10	80	5.20417042793042128324e-17
10	81	-6.93889390390722837765e-17
10	82	-1.38777878078144567553e-16
10	83	-1.45716771982051795931e-16
10	84	2.39391839684799379029e-16
10	85	2.39391839684799379029e-16
10	86	2.70616862252381906728e-16
10	87	3.60822483003175875638e-16
10	88	1.11022302462515654042e-16
10	89	1.38777878078144567553e-17
10	90	2.77555756156289135106e-17
10	91	-4.16333634234433702659e-17
10	92	1.49186218934005410119e-16
10	93	1.73472347597680709441e-17
10	94	6.59194920871186695877e-17
10	95	2.22044604925031308085e-16
10	96	2.94902990916057206050e-16
10	97	3.81639164714897560771e-17
10	98	2.81025203108242749295e-16
10	99	0.00000000000000000000e+00
10	100	4.40619762898109001981e-16
11	12	-7.69939667577546060784e-14
11	13	-1.94289029309402394574e-15
11	14	1.22124532708767219447e-15
11	15	-1.38777878078144567553e-15
11	16	1.41553435639707458904e-15
11	17	9.15933995315754145849e-16
11	18	1.87350135405495166196e-15
11	19	5.23886489744995742512e-16
11	20	-2.70616862252381906728e-16
11	21	3.60822483003175875638e-16
11	22	4.78783679369598758058e-16
11	23	1.29063426612674447824e-15
11	24	-4.64905891561784301302e-16
11	25	6.66133814775093924254e-16
11	26	5.41233724504763813457e-16
11	27	-1.19348975147204328096e-15
11	28	-1.32532873564628062013e-15
11	29	-8.88178419700125232339e-16
11	30	-3.50414142147315033071e-16
11	31	3.36536354339500576316e-16
11	32	3.23525928269674523108e-16
11	33	5.10008701937181285757e-16
11	34	2.35922392732845764840e-16
11	35	3.36536354339500576316e-16
11	36	1.05818132034585232759e-16
11	37	4.57099635919888669378e-16
11	38	-8.32667268468867405318e-17
11	39	5.03069808033274057379e-16
11	40	7.04297731246583680331e-16
11	41	5.48172618408671041834e-16
11	42	8.46545056276681862073e-16
11	43	6.86950496486815609387e-16
11	44	4.37150315946155387792e-16
11	45	9.71445146547011972871e-17
11	46	9.71445146547011972871e-17
11	47	-2.91433543964103591861e-16
11	48	-4.99600361081320443191e-16
11	49	-4.16333634234433702659e-17
11	50	4.16333634234433702659e-17
11	51	-6.93889390390722837765e-17
11	52	1.38777878078144567553e-17
11	53	3.05311331771918048616e-16
11	54	8.32667268468867405318e-17
11	55	1.52655665885959024308e-16
11	56	-2.77555756156289135106e-17
11	57	-1.38777878078144567553e-16
11	58	-2.08166817117216851329e-16
11	59	-1.11022302462515654042e-16
11	60	-2.01227923213309622952e-16
11	61	1.94289029309402394574e-16
11	62	1.59594559789866252686e-16
11	63	8.32667268468867405318e-17
11	64	1.38777878078144567553e-17
11	65	-1.59594559789866252686e-16
11	66	9.02056207507939689094e-17
11	67	-3.46944695195361418882e-17
11	68	9.71445146547011972871e-17
11	69	1.17961196366422882420e-16
11	70	8.32667268468867405318e-17
11	71	3.12250225675825276994e-16
11	72	1.45716771982051795931e-16
11	73	9.71445146547011972871e-17
11	74	2.42861286636752993218e-16
11	75	2.77555756156289135106e-17
11	76	1.87350135405495166196e-16
11	77	2.08166817117216851329e-17
11	78	2.49800180540660221595e-16
11	79	-5.55111512312578270212e-17
11	80	-3.05311331771918048616e-16
11	81	-9.71445146547011972871e-17
11	82	-1.66533453693773481064e-16
11	83	-2.08166817117216851329e-17
11	84	1.17961196366422882420e-16
11	85	-1.24900090270330110798e-16
11	86	-2.91433543964103591861e-16
11	87	-7.63278329429795121541e-17
11	88	-1.94289029309402394574e-16
11	89	-2.98372437868010820239e-16
11	90	-9.71445146547011972871e-17
11	91	-8.32667268468867405318e-17
11	92	8.32667268468867405318e-17
11	93	-6.93889390390722837765e-17
11	94	6.93889390390722837765e-17
11	95	1.24900090270330110798e-16
11	96	-2.01227923213309622952e-16
11	97	-6.93889390390722837765e-17
11	98	-6.93889390390722837765e-18
11	99	-2.08166817117216851329e-17
11	100	2.08166817117216851329e-17
12	13	-2.80053757961695737322e-14
12	14	-1.78468351208493913873e-14
12	15	4.44089209850062616169e-16
12	16	9.43689570931383059360e-16
12	17	-8.88178419700125232339e-16
12	18	1.27675647831893002149e-15
12	19	4.99600361081320443191e-16
12	20	-2.74780198594726243755e-15
12	21	-2.27595720048157090787e-15
12	22	-1.24900090270330110798e-15
12	23	-4.61436444609830687114e-16
12	24	-1.59941504485061614105e-15
12	25	-3.67761376907083104015e-16
12	26	-2.94902990916057206050e-16
12	27	-8.08381139805192105996e-16
12	28	6.38378239159465010744e-16
12	29	3.46944695195361418882e-18
12	30	-3.67761376907083104015e-16
12	31	2.08166817117216851329e-17
12	32	6.93889390390722837765e-17
12	33	-8.23993651088983369846e-16
12	34	8.06646416329215298902e-17
12	35	-3.69929781252054112883e-16
12	36	1.07552855510562039854e-16
12	37	-1.26634813746306917892e-16
12	38	-3.81639164714897560771e-17
12	39	-3.29597460435593347938e-17
12	40	-1.02348685082631618570e-16
12	41	1.75207071073657516536e-16
12	42	2.70616862252381906728e-16
12	43	-9.54097911787243901927e-17
12	44	2.16840434497100886801e-16
12	45	1.96023752785379201669e-16
12	46	1.24900090270330110798e-16
12	47	-1.23165366794353303703e-16
12	48	1.11022302462515654042e-16
12	49	-1.24900090270330110798e-16
12	50	1.31838984174237339175e-16
12	51	-1.38777878078144567553e-17
12	52	8.67361737988403547206e-18
12	53	-1.28369537222283724986e-16
12	54	1.90819582357448780385e-17
12	55	4.23272528138340931037e-16
12	56	2.23779328401008115179e-16
12	57	1.04083408558608425665e-17
12	58	-1.05818132034585232759e-16
12	59	-5.20417042793042128324e-18
12	60	-4.85722573273505986435e-17
12	61	5.70724023596369534062e-16
12	62	9.19403442267707760038e-17
12	63	1.75207071073657516536e-16
12	64	2.25514051876984922274e-16
12	65	7.97972798949331263429e-17
12	66	6.85215773010838802293e-17
12	67	1.30104260698260532081e-17
12	68	1.21430643318376496609e-17
12	69	1.62196645003831463328e-16
12	70	-1.57859836313889445591e-16
12	71	1.30104260698260532081e-16
12	72	5.63785129692462305684e-17
12	73	1.02348685082631618570e-16
12	74	1.55257751099924234950e-16
12	75	-1.73472347597680709441e-18
12	76	4.51028103753969844547e-17
12	77	8.50014503228635476262e-17
12	78	1.10154940724527250495e-16
12	79	2.38524477946810975482e-16
12	80	1.85615411929518359102e-16
12	81	-1.04083408558608425665e-16
12	82	4.07660016854549667187e-17
12	83	1.06685493772573636306e-16
12	84	3.57353036051222261449e-16
12	85	3.36536354339500576316e-16
12	86	1.45716771982051795931e-16
12	87	6.33174068731534589460e-17
12	88	2.23779328401008115179e-16
12	89	-1.25767452008318514345e-16
12	90	3.77302356024955543035e-16
12	91	7.63278329429795121541e-17
12	92	8.93382590128055653622e-17
12	93	2.68882138776405099634e-16
12	94	6.24500451351650553988e-17
12	95	2.74953670942323924464e-16
12	96	3.93782229046735210432e-16
12	97	5.82867087928207183722e-16
12	98	1.28369537222283724986e-16
12	99	-2.14238349283135676160e-16
12	100	3.34801630863523769222e-16
13	14	-4.79234707473352727902e-14
13	15	-7.49053596926785303367e-15
13	16	-5.82867087928207183722e-16
13	17	-2.63677968348474678351e-15
13	18	-3.33066907387546962127e-16
13	19	1.94289029309402394574e-15
13	20	-1.60982338570647698361e-15
13	21	-1.88737914186276611872e-15
13	22	4.99600361081320443191e-16
13	23	3.60822483003175875638e-16
13	24	-5.82867087928207183722e-16
13	25	3.74700270810990332393e-16
13	26	-6.66133814775093924254e-16
13	27	-9.36750677027475830982e-16
13	28	-1.11022302462515654042e-16
13	29	-2.77555756156289135106e-17
13	30	-3.88578058618804789148e-16
13	31	-3.40005801291454190505e-16
13	32	2.28983498828938536462e-16
13	33	-4.02455846426619245904e-16
13	34	2.77555756156289135106e-16
13	35	-3.53883589099268647260e-16
13	36	1.49186218934005410119e-16
13	37	-2.08166817117216851329e-16
13	38	-6.24500451351650553988e-17
13	39	-3.46944695195361418882e-17
13	40	2.02962646689286430046e-16
13	41	3.29597460435593347938e-16
13	42	3.32199545649558558580e-16
13	43	5.31692745386891374437e-16
13	44	3.39138439553465786958e-16
13	45	1.37910516340156164006e-16
13	46	1.99059518868338614084e-16
13	47	1.70870262383715498800e-16
13	48	4.33680868994201773603e-17
13	49	4.54063869836929256962e-16
13	50	3.17454396103755698277e-16
13	51	2.19442519711066097443e-16
13	52	1.57426155444895243818e-16
13	53	2.89698820488126784767e-16
13	54	-5.89805981832114412100e-17
13	55	4.19803081186387316848e-16
13	56	2.10335221462187860197e-16
13	57	-1.22731685925359101930e-16
13	58	-2.77555756156289135106e-17
13	59	-1.90819582357448780385e-17
13	60	-1.61329283265843059780e-16
13	61	1.67834496300756086384e-16
13	62	-6.93889390390722837765e-18
13	63	8.10983225019157316638e-17
13	64	1.58293517182883647365e-16
13	65	1.54824070230930033176e-16
13	66	1.34441069388202549817e-16
13	67	-1.29236898960272128534e-16
13	68	1.49186218934005410119e-16
13	69	1.08420217248550443401e-16
13	70	1.82145964977564744913e-17
13	71	1.28369537222283724986e-16
13	72	1.49186218934005410119e-16
13	73	2.31585584042903747104e-16
13	74	2.36789754470834168387e-16
13	75	2.91433543964103591861e-16
13	76	1.78676518025611130724e-16
13	77	2.77555756156289135106e-16
13	78	1.01481323344643215023e-16
13	79	1.89084858881471973291e-16
13	80	2.75821032680312328011e-16
13	81	1.08420217248550443401e-16
13	82	3.25260651745651330202e-16
13	83	2.51534904016637028690e-17
13	84	2.34187669256868957746e-16
13	85	1.57859836313889445591e-16
13	86	3.66026653431106296921e-16
13	87	3.53883589099268647260e-16
13	88	1.76941794549634323630e-16
13	89	-5.20417042793042128324e-18
13	90	1.78676518025611130724e-16
13	91	6.93889390390722837765e-18
13	92	1.31838984174237339175e-16
13	93	1.73472347597680709441e-18
13	94	1.54390389361935831403e-16
13	95	-3.12250225675825276994e-17
13	96	1.76941794549634323630e-16
13	97	3.71230823859036718204e-16
13	98	4.26741975090294545225e-16
13	99	1.52655665885959024308e-16
13	100	6.10622663543836097233e-16
14	15	-2.57710519591114461946e-14
14	16	9.88792381306780043815e-16
14	17	5.00988139862101888866e-15
14	18	1.69829428298129414543e-15
14	19	2.60902410786911787000e-15
14	20	-2.05391259555653959978e-15
14	21	-7.21644966006351751275e-16
14	22	1.94289029309402394574e-15
14	23	-8.88178419700125232339e-16
14	24	-1.11022302462515654042e-16
14	25	1.05471187339389871340e-15
14	26	-7.77156117237609578297e-16
14	27	-7.21644966006351751275e-16
14	28	-6.93889390390722837765e-16
14	29	-2.49800180540660221595e-16
14	30	1.11022302462515654042e-16
14	31	5.27355936696949356701e-16
14	32	4.16333634234433702659e-16
14	33	6.52256026967279467499e-16
14	34	-4.85722573273505986435e-17
14	35	-2.84494650060196363484e-16
14	36	1.52655665885959024308e-16
14	37	-3.74700270810990332393e-16
14	38	-4.51028103753969844547e-17
14	39	-6.93889390390722837765e-16
14	40	-1.38777878078144567553e-16
14	41	-1.45716771982051795931e-16
14	42	3.05311331771918048616e-16
14	43	5.20417042793042128324e-17
14	44	-6.93889390390722837765e-18
14	45	-1.90819582357448780385e-16
14	46	1.17961196366422882420e-16
14	47	6.24500451351650553988e-17
14	48	5.03069808033274057379e-17
14	49	2.42861286636752993218e-16
14	50	-3.12250225675825276994e-17
14	51	4.64905891561784301302e-16
14	52	4.23272528138340931037e-16
14	53	3.78169717762943946582e-16
14	54	1.80411241501587937819e-16
14	55	2.65412691824451485445e-16
14	56	1.21430643318376496609e-16
14	57	1.59594559789866252686e-16
14	58	2.96637714392034013144e-16
14	59	1.76941794549634323630e-16
14	60	1.19695919842399689514e-16
14	61	1.40512601554121374647e-16
14	62	2.49800180540660221595e-16
14	63	4.85722573273505986435e-17
14	64	1.02348685082631618570e-16
14	65	4.51028103753969844547e-17
14	66	9.19403442267707760038e-17
14	67	1.73472347597680709441e-18
14	68	-1.73472347597680709441e-18
14	69	1.49186218934005410119e-16
14	70	9.88792381306780043815e-17
14	71	-1.28369537222283724986e-16
14	72	1.64798730217796673969e-16
14	73	1.21430643318376496609e-16
14	74	-7.97972798949331263429e-17
14	75	4.33680868994201773603e-17
14	76	2.16840434497100886801e-16
14	77	3.29597460435593347938e-16
14	78	3.55618312575245454354e-16
14	79	3.83373888190874367865e-16
14	80	4.59701721133853880019e-16
14	81	3.01841884819964434428e-16
14	82	1.73472347597680709441e-16
14	83	1.33573707650214146270e-16
14	84	3.92047505570758403337e-16
14	85	4.33680868994201773603e-17
14	86	2.70616862252381906728e-16
14	87	-8.32667268468867405318e-17
14	88	1.59594559789866252686e-16
14	89	-6.93889390390722837765e-18
14	90	1.23165366794353303703e-16
14	91	3.64291929955129489827e-17
14	92	-1.78676518025611130724e-16
14	93	1.52655665885959024308e-16
14	94	3.93782229046735210432e-16
14	95	-1.38777878078144567553e-17
14	96	2.37657116208822571934e-16
14	97	-1.19695919842399689514e-16
14	98	2.61943244872497871256e-16
14	99	-1.23165366794353303703e-16
14	100	7.45931094670027050597e-17
15	16	1.10467190950203075772e-14
15	17	1.69447789133414516982e-14
15	18	2.86923262926563893416e-15
15	19	-1.94289029309402394574e-16
15	20	-2.52575738102223112946e-15
15	21	-2.84494650060196363484e-16
15	22	-8.18789480661052948562e-16
15	23	-1.49880108324396132957e-15
15	24	-8.32667268468867405318e-16
15	25	2.22044604925031308085e-16
15	26	-1.27675647831893002149e-15
15	27	-2.05391259555653959978e-15
15	28	-1.16573417585641436744e-15
15	29	-2.49800180540660221595e-15
15	30	-1.11022302462515654042e-15
15	31	-4.99600361081320443191e-16
15	32	-2.49800180540660221595e-16
15	33	-6.66133814775093924254e-16
15	34	-4.99600361081320443191e-16
15	35	-3.33066907387546962127e-16
15	36	-3.88578058618804789148e-16
15	37	-3.19189119579732505372e-16
15	38	-5.68989300120392726967e-16
15	39	-2.49800180540660221595e-16
15	40	-3.88578058618804789148e-16
15	41	-9.15933995315754145849e-16
15	42	-3.60822483003175875638e-16
15	43	-5.55111512312578270212e-17
15	44	-1.38777878078144567553e-17
15	45	2.01227923213309622952e-16
15	46	3.60822483003175875638e-16
15	47	2.70616862252381906728e-16
15	48	1.04083408558608425665e-16
15	49	2.28983498828938536462e-16
15	50	8.32667268468867405318e-17
15	51	-1.59594559789866252686e-16
15	52	3.95516952522712017526e-16
15	53	2.77555756156289135106e-16
15	54	2.15105711021124079707e-16
15	55	1.38777878078144567553e-17
15	56	2.63677968348474678351e-16
15	57	2.18575157973077693896e-16
15	58	4.99600361081320443191e-16
15	59	9.02056207507939689094e-17
15	60	2.08166817117216851329e-16
15	61	6.93889390390722837765e-18
15	62	1.87350135405495166196e-16
15	63	2.22044604925031308085e-16
15	64	1.76941794549634323630e-16
15	65	9.36750677027475830982e-17
15	66	4.37150315946155387792e-16
15	67	1.21430643318376496609e-16
15	68	2.87964097012149977672e-16
15	69	7.97972798949331263429e-17
15	70	6.24500451351650553988e-17
15	71	2.39391839684799379029e-16
15	72	3.71230823859036718204e-16
15	73	5.27355936696949356701e-16
15	74	3.26128013483639733749e-16
15	75	1.38777878078144567553e-16
15	76	2.08166817117216851329e-16
15	77	4.12864187282480088470e-16
15	78	2.15105711021124079707e-16
15	79	3.43475248243407804694e-16
15	80	3.67761376907083104015e-16
15	81	1.49186218934005410119e-16
15	82	3.46944695195361418882e-16
15	83	3.05311331771918048616e-16
15	84	6.93889390390722837765e-18
15	85	3.53883589099268647260e-16
15	86	4.64905891561784301302e-16
15	87	6.00214322687975254667e-16
15	88	4.33680868994201773603e-16
15	89	1.76941794549634323630e-16
15	90	1.83880688453541552008e-16
15	91	3.67761376907083104015e-16
15	92	5.37764277552810199268e-16
15	93	4.12864187282480088470e-16
15	94	4.37150315946155387792e-16
15	95	3.19189119579732505372e-16
15	96	5.62050406216485498589e-16
15	97	3.67761376907083104015e-16
15	98	-2.08166817117216851329e-17
15	99	6.41847686111418624932e-16
15	100	8.32667268468867405318e-16
16	17	1.72778458207289986603e-14
16	18	-6.10622663543836097233e-16
16	19	-5.30131494258512248052e-15
16	20	-7.18869408444788859924e-15
16	21	-4.51028103753969844547e-16
16	22	-1.29063426612674447824e-15
16	23	3.60822483003175875638e-16
16	24	-9.71445146547011972871e-16
16	25	-1.56125112837912638497e-15
16	26	-2.22044604925031308085e-16
16	27	-1.11022302462515654042e-16
16	28	1.66533453693773481064e-16
16	29	3.88578058618804789148e-16
16	30	9.99200722162640886381e-16
16	31	0.00000000000000000000e+00
16	32	9.99200722162640886381e-16
16	33	2.22044604925031308085e-16
16	34	4.44089209850062616169e-16
16	35	2.77555756156289135106e-16
16	36	4.99600361081320443191e-16
16	37	5.55111512312578270212e-16
16	38	4.99600361081320443191e-16
16	39	2.22044604925031308085e-16
16	40	-3.33066907387546962127e-16
16	41	-3.05311331771918048616e-16
16	42	-1.66533453693773481064e-16
16	43	1.38777878078144567553e-16
16	44	-1.66533453693773481064e-16
16	45	1.66533453693773481064e-16
16	46	3.33066907387546962127e-16
16	47	3.33066907387546962127e-16
16	48	2.35922392732845764840e-16
16	49	9.71445146547011972871e-17
16	50	0.00000000000000000000e+00
16	51	-1.24900090270330110798e-16
16	52	6.93889390390722837765e-17
16	53	5.55111512312578270212e-17
16	54	-1.66533453693773481064e-16
16	55	-2.63677968348474678351e-16
16	56	-9.71445146547011972871e-17
16	57	1.38777878078144567553e-17
16	58	5.55111512312578270212e-17
16	59	7.63278329429795121541e-17
16	60	-1.45716771982051795931e-16
16	61	6.93889390390722837765e-18
16	62	-2.63677968348474678351e-16
16	63	9.02056207507939689094e-17
16	64	9.02056207507939689094e-17
16	65	-4.16333634234433702659e-17
16	66	1.45716771982051795931e-16
16	67	2.77555756156289135106e-17
16	68	-1.73472347597680709441e-16
16	69	-2.28983498828938536462e-16
16	70	2.77555756156289135106e-17
16	71	3.26128013483639733749e-16
16	72	-8.32667268468867405318e-17
16	73	9.71445146547011972871e-17
16	74	1.17961196366422882420e-16
16	75	1.73472347597680709441e-16
16	76	1.80411241501587937819e-16
16	77	1.45716771982051795931e-16
16	78	-2.01227923213309622952e-16
16	79	9.02056207507939689094e-17
16	80	6.93889390390722837765e-17
16	81	2.22044604925031308085e-16
16	82	3.74700270810990332393e-16
16	83	1.94289029309402394574e-16
16	84	9.71445146547011972871e-17
16	85	3.46944695195361418882e-16
16	86	1.94289029309402394574e-16
16	87	-4.16333634234433702659e-17
16	88	2.77555756156289135106e-17
16	89	1.38777878078144567553e-17
16	90	1.24900090270330110798e-16
16	91	-1.80411241501587937819e-16
16	92	1.94289029309402394574e-16
16	93	-6.93889390390722837765e-17
16	94	5.55111512312578270212e-17
16	95	1.80411241501587937819e-16
16	96	1.24900090270330110798e-16
16	97	2.77555756156289135106e-17
16	98	-5.55111512312578270212e-17
16	99	6.93889390390722837765e-17
16	100	4.44089209850062616169e-16
17	18	1.11022302462515654042e-15
17	19	7.11583569845686270128e-15
17	20	5.89805981832114412100e-15
17	21	6.07847105982273205882e-15
17	22	6.93889390390722837765e-16
17	23	2.68535194081209738215e-15
17	24	-9.02056207507939689094e-17
17	25	-7.35522753814166208031e-16
17	26	-1.94289029309402394574e-16
17	27	-7.35522753814166208031e-16
17	28	1.38777878078144567553e-17
17	29	2.94902990916057206050e-16
17	30	-1.38777878078144567553e-16
17	31	-4.44089209850062616169e-16
17	32	-2.77555756156289135106e-17
17	33	-5.55111512312578270212e-16
17	34	-3.33066907387546962127e-16
17	35	-1.11022302462515654042e-16
17	36	-1.66533453693773481064e-16
17	37	-1.66533453693773481064e-16
17	38	-6.10622663543836097233e-16
17	39	-3.33066907387546962127e-16
17	40	-3.33066907387546962127e-16
17	41	5.55111512312578270212e-17
17	42	0.00000000000000000000e+00
17	43	0.00000000000000000000e+00
17	44	-5.55111512312578270212e-17
17	45	-5.55111512312578270212e-17
17	46	1.94289029309402394574e-16
17	47	1.94289029309402394574e-16
17	48	1.38777878078144567553e-16
17	49	5.55111512312578270212e-17
17	50	1.66533453693773481064e-16
17	51	-8.32667268468867405318e-17
17	52	2.49800180540660221595e-16
17	53	1.11022302462515654042e-16
17	54	2.77555756156289135106e-17
17	55	2.77555756156289135106e-17
17	56	-1.38777878078144567553e-16
17	57	-2.08166817117216851329e-16
17	58	1.38777878078144567553e-17
17	59	-2.77555756156289135106e-17
17	60	-4.16333634234433702659e-17
17	61	1.66533453693773481064e-16
17	62	5.55111512312578270212e-17
17	63	2.35922392732845764840e-16
17	64	8.32667268468867405318e-17
17	65	1.38777878078144567553e-16
17	66	0.00000000000000000000e+00
17	67	-5.55111512312578270212e-17
17	68	1.11022302462515654042e-16
17	69	2.77555756156289135106e-17
17	70	-2.77555756156289135106e-16
17	71	-8.32667268468867405318e-17
17	72	-1.24900090270330110798e-16
17	73	-1.52655665885959024308e-16
17	74	-4.16333634234433702659e-17
17	75	9.71445146547011972871e-17
17	76	-1.38777878078144567553e-16
17	77	-1.80411241501587937819e-16
17	78	8.32667268468867405318e-17
17	79	-2.77555756156289135106e-17
17	80	8.32667268468867405318e-17
17	81	1.38777878078144567553e-16
17	82	-1.38777878078144567553e-17
17	83	-4.16333634234433702659e-17
17	84	-2.63677968348474678351e-16
17	85	-1.11022302462515654042e-16
17	86	-9.71445146547011972871e-17
17	87	-2.35922392732845764840e-16
17	88	-2.91433543964103591861e-16
17	89	-2.77555756156289135106e-17
17	90	-8.32667268468867405318e-17
17	91	-2.49800180540660221595e-16
17	92	-2.77555756156289135106e-17
17	93	-1.38777878078144567553e-16
17	94	1.80411241501587937819e-16
17	95	-2.35922392732845764840e-16
17	96	-1.94289029309402394574e-16
17	97	0.00000000000000000000e+00
17	98	2.35922392732845764840e-16
17	99	-1.11022302462515654042e-16
17	100	-4.99600361081320443191e-16
18	19	1.21014309684142062906e-14
18	20	9.45077349712164505036e-15
18	21	3.30291349825984070776e-15
18	22	-2.40085729075190101867e-15
18	23	2.37310171513627210516e-15
18	24	1.27675647831893002149e-15
18	25	6.38378239159465010744e-16
18	26	-1.33920652345409507689e-15
18	27	-1.15879528195250713907e-15
18	28	-1.30451205393455893500e-15
18	29	8.88178419700125232339e-16
18	30	-3.05311331771918048616e-16
18	31	-1.11022302462515654042e-16
18	32	-7.21644966006351751275e-16
18	33	-3.88578058618804789148e-16
18	34	-1.51267887105177578633e-15
18	35	2.77555756156289135106e-17
18	36	2.77555756156289135106e-17
18	37	4.16333634234433702659e-16
18	38	2.77555756156289135106e-17
18	39	-2.77555756156289135106e-16
18	40	0.00000000000000000000e+00
18	41	5.55111512312578270212e-17
18	42	2.22044604925031308085e-16
18	43	-3.88578058618804789148e-16
18	44	1.66533453693773481064e-16
18	45	-6.66133814775093924254e-16
18	46	4.99600361081320443191e-16
18	47	1.66533453693773481064e-16
18	48	5.27355936696949356701e-16
18	49	-2.77555756156289135106e-17
18	50	2.22044604925031308085e-16
18	51	5.55111512312578270212e-17
18	52	2.77555756156289135106e-16
18	53	-1.94289029309402394574e-16
18	54	2.22044604925031308085e-16
18	55	8.32667268468867405318e-17
18	56	5.55111512312578270212e-17
18	57	-3.05311331771918048616e-16
18	58	-1.38777878078144567553e-16
18	59	-1.38777878078144567553e-16
18	60	1.66533453693773481064e-16
18	61	8.32667268468867405318e-17
18	62	2.77555756156289135106e-17
18	63	-2.77555756156289135106e-17
18	64	-1.66533453693773481064e-16
18	65	-1.11022302462515654042e-16
18	66	-2.22044604925031308085e-16
18	67	-1.66533453693773481064e-16
18	68	-2.22044604925031308085e-16
18	69	-1.80411241501587937819e-16
18	70	-1.80411241501587937819e-16
18	71	-2.63677968348474678351e-16
18	72	-3.19189119579732505372e-16
18	73	-3.33066907387546962127e-16
18	74	-3.33066907387546962127e-16
18	75	-1.52655665885959024308e-16
18	76	-2.35922392732845764840e-16
18	77	-3.05311331771918048616e-16
18	78	1.80411241501587937819e-16
18	79	-1.38777878078144567553e-16
18	80	2.77555756156289135106e-17
18	81	-1.94289029309402394574e-16
18	82	-4.16333634234433702659e-17
18	83	-1.38777878078144567553e-17
18	84	-3.33066907387546962127e-16
18	85	-8.32667268468867405318e-17
18	86	8.32667268468867405318e-17
18	87	2.35922392732845764840e-16
18	88	-1.11022302462515654042e-16
18	89	5.55111512312578270212e-17
18	90	-1.66533453693773481064e-16
18	91	-2.08166817117216851329e-16
18	92	-4.85722573273505986435e-16
18	93	-4.99600361081320443191e-16
18	94	-3.88578058618804789148e-16
18	95	1.38777878078144567553e-17
18	96	-1.52655665885959024308e-16
18	97	-3.74700270810990332393e-16
18	98	-2.49800180540660221595e-16
18	99	6.93889390390722837765e-17
18	100	-8.32667268468867405318e-17
19	20	-2.10872985739740670397e-14
19	21	1.90125692967058057548e-15
19	22	-2.91433543964103591861e-16
19	23	-5.68989300120392726967e-16
19	24	2.77555756156289135106e-17
19	25	-8.74300631892310775584e-16
19	26	1.80411241501587937819e-16
19	27	-9.71445146547011972871e-16
19	28	-4.02455846426619245904e-16
19	29	3.40005801291454190505e-16
19	30	7.00828284294630066142e-16
19	31	-2.77555756156289135106e-16
19	32	5.82867087928207183722e-16
19	33	-3.60822483003175875638e-16
19	34	2.22044604925031308085e-16
19	35	5.55111512312578270212e-17
19	36	9.29811783123568602605e-16
19	37	2.91433543964103591861e-16
19	38	-6.93889390390722837765e-18
19	39	-6.93889390390722837765e-18
19	40	-3.88578058618804789148e-16
19	41	-2.77555756156289135106e-16
19	42	3.88578058618804789148e-16
19	43	-2.49800180540660221595e-16
19	44	-1.11022302462515654042e-16
19	45	-3.60822483003175875638e-16
19	46	1.11022302462515654042e-16
19	47	-1.11022302462515654042e-16
19	48	1.66533453693773481064e-16
19	49	-2.77555756156289135106e-16
19	50	-5.55111512312578270212e-17
19	51	5.55111512312578270212e-17
19	52	1.38777878078144567553e-16
19	53	-2.77555756156289135106e-16
19	54	1.94289029309402394574e-16
19	55	1.66533453693773481064e-16
19	56	-1.94289029309402394574e-16
19	57	-8.32667268468867405318e-17
19	58	-2.49800180540660221595e-16
19	59	-1.38777878078144567553e-16
19	60	0.00000000000000000000e+00
19	61	-8.32667268468867405318e-17
19	62	-2.77555756156289135106e-17
19	63	-2.77555756156289135106e-17
19	64	0.00000000000000000000e+00
19	65	1.11022302462515654042e-16
19	66	5.55111512312578270212e-17
19	67	-2.49800180540660221595e-16
19	68	-3.05311331771918048616e-16
19	69	-2.22044604925031308085e-16
19	70	-2.49800180540660221595e-16
19	71	-1.94289029309402394574e-16
19	72	-3.60822483003175875638e-16
19	73	-2.77555756156289135106e-17
19	74	1.94289029309402394574e-16
19	75	1.66533453693773481064e-16
19	76	2.77555756156289135106e-16
19	77	2.77555756156289135106e-17
19	78	2.77555756156289135106e-17
19	79	-5.55111512312578270212e-17
19	80	0.00000000000000000000e+00
19	81	3.33066907387546962127e-16
19	82	1.66533453693773481064e-16
19	83	1.38777878078144567553e-16
19	84	2.22044604925031308085e-16
19	85	2.22044604925031308085e-16
19	86	2.77555756156289135106e-16
19	87	-1.11022302462515654042e-16
19	88	8.32667268468867405318e-17
19	89	-3.88578058618804789148e-16
19	90	-1.66533453693773481064e-16
19	91	-8.32667268468867405318e-17
19	92	-3.05311331771918048616e-16
19	93	2.77555756156289135106e-17
19	94	1.11022302462515654042e-16
19	95	-2.77555756156289135106e-17
19	96	1.94289029309402394574e-16
19	97	3.05311331771918048616e-16
19	98	0.00000000000000000000e+00
19	99	8.32667268468867405318e-17
19	100	4.16333634234433702659e-16
20	21	-1.76247905159243600792e-15
20	22	7.86870568703079698025e-15
20	23	3.48332473976142864558e-15
20	24	1.24900090270330110798e-15
20	25	3.38618022510672744829e-15
20	26	2.02615701994091068627e-15
20	27	1.99146255042137454438e-15
20	28	1.58206781009084807010e-15
20	29	-1.38777878078144567553e-15
20	30	-1.19348975147204328096e-15
20	31	-4.85722573273505986435e-16
20	32	6.86950496486815609387e-16
20	33	2.39391839684799379029e-16
20	34	3.88578058618804789148e-16
20	35	6.38378239159465010744e-16
20	36	6.93889390390722837765e-16
20	37	1.66533453693773481064e-16
20	38	-1.11022302462515654042e-15
20	39	-6.66133814775093924254e-16
20	40	-7.91033905045424035052e-16
20	41	-2.22044604925031308085e-16
20	42	-4.23272528138340931037e-16
20	43	3.10949183068842671673e-16
20	44	-2.91433543964103591861e-16
20	45	6.93889390390722837765e-17
20	46	-3.05311331771918048616e-16
20	47	1.94289029309402394574e-16
20	48	-1.66533453693773481064e-16
20	49	3.88578058618804789148e-16
20	50	-1.94289029309402394574e-16
20	51	2.77555756156289135106e-17
20	52	-4.99600361081320443191e-16
20	53	-2.77555756156289135106e-16
20	54	-5.27355936696949356701e-16
20	55	1.94289029309402394574e-16
20	56	-3.33066907387546962127e-16
20	57	-1.11022302462515654042e-16
20	58	-5.27355936696949356701e-16
20	59	0.00000000000000000000e+00
20	60	-2.49800180540660221595e-16
20	61	0.00000000000000000000e+00
20	62	1.38777878078144567553e-16
20	63	1.66533453693773481064e-16
20	64	5.55111512312578270212e-17
20	65	3.88578058618804789148e-16
20	66	1.94289029309402394574e-16
20	67	2.22044604925031308085e-16
20	68	-5.55111512312578270212e-17
20	69	-2.77555756156289135106e-17
20	70	1.66533453693773481064e-16
20	71	2.77555756156289135106e-17
20	72	2.77555756156289135106e-17
20	73	5.55111512312578270212e-17
20	74	5.55111512312578270212e-17
20	75	-1.94289029309402394574e-16
20	76	0.00000000000000000000e+00
20	77	2.77555756156289135106e-17
20	78	1.11022302462515654042e-16
20	79	-5.55111512312578270212e-17
20	80	0.00000000000000000000e+00
20	81	0.00000000000000000000e+00
20	82	1.94289029309402394574e-16
20	83	1.94289029309402394574e-16
20	84	-4.44089209850062616169e-16
20	85	-1.11022302462515654042e-16
20	86	0.00000000000000000000e+00
20	87	1.11022302462515654042e-16
20	88	-4.44089209850062616169e-16
20	89	-2.22044604925031308085e-16
20	90	-1.11022302462515654042e-16
20	91	-5.55111512312578270212e-17
20	92	5.55111512312578270212e-17
20	93	5.55111512312578270212e-17
20	94	0.00000000000000000000e+00
20	95	-1.38777878078144567553e-16
20	96	-2.77555756156289135106e-16
20	97	1.11022302462515654042e-16
20	98	8.32667268468867405318e-17
20	99	-3.60822483003175875638e-16
20	100	1.66533453693773481064e-16
21	22	6.93195501000332114927e-15
21	23	5.37070388162419476430e-15
21	24	-3.44169137633798527531e-15
21	25	-2.36963226818431849097e-15
21	26	2.65759636519646846864e-15
21	27	3.76088049591771778069e-15
21	28	1.66533453693773481064e-15
21	29	1.70696790036117818090e-15
21	30	-1.38777878078144567553e-16
21	31	1.45716771982051795931e-15
21	32	0.00000000000000000000e+00
21	33	5.55111512312578270212e-16
21	34	-9.15933995315754145849e-16
21	35	-1.31838984174237339175e-16
21	36	-2.39391839684799379029e-16
21	37	7.56339435525887893164e-16
21	38	3.60822483003175875638e-16
21	39	-3.88578058618804789148e-16
21	40	-2.22044604925031308085e-16
21	41	-3.05311331771918048616e-16
21	42	-8.32667268468867405318e-17
21	43	3.05311331771918048616e-16
21	44	5.55111512312578270212e-17
21	45	-4.02455846426619245904e-16
21	46	-4.44089209850062616169e-16
21	47	-2.77555756156289135106e-17
21	48	-3.64291929955129489827e-17
21	49	-1.63064006741819866875e-16
21	50	-3.60822483003175875638e-16
21	51	-8.32667268468867405318e-17
21	52	-4.02455846426619245904e-16
21	53	1.11022302462515654042e-16
21	54	-8.32667268468867405318e-17
21	55	1.94289029309402394574e-16
21	56	-4.44089209850062616169e-16
21	57	-1.11022302462515654042e-16
21	58	2.77555756156289135106e-17
21	59	1.94289029309402394574e-16
21	60	-3.60822483003175875638e-16
21	61	-1.38777878078144567553e-16
21	62	0.00000000000000000000e+00
21	63	5.55111512312578270212e-17
21	64	2.77555756156289135106e-17
21	65	-1.94289029309402394574e-16
21	66	8.32667268468867405318e-17
21	67	5.55111512312578270212e-17
21	68	1.94289029309402394574e-16
21	69	-2.77555756156289135106e-17
21	70	1.66533453693773481064e-16
21	71	-1.38777878078144567553e-16
21	72	-8.32667268468867405318e-17
21	73	-1.38777878078144567553e-16
21	74	-1.66533453693773481064e-16
21	75	-1.11022302462515654042e-16
21	76	-1.94289029309402394574e-16
21	77	-4.99600361081320443191e-16
21	78	-8.32667268468867405318e-17
21	79	-2.49800180540660221595e-16
21	80	-3.88578058618804789148e-16
21	81	2.77555756156289135106e-17
21	82	1.11022302462515654042e-16
21	83	-2.22044604925031308085e-16
21	84	-1.94289029309402394574e-16
21	85	-3.33066907387546962127e-16
21	86	-8.32667268468867405318e-17
21	87	-2.77555756156289135106e-16
21	88	-3.05311331771918048616e-16
21	89	-5.55111512312578270212e-16
21	90	-2.22044604925031308085e-16
21	91	-1.11022302462515654042e-16
21	92	-2.22044604925031308085e-16
21	93	-6.10622663543836097233e-16
21	94	-1.66533453693773481064e-16
21	95	-2.22044604925031308085e-16
21	96	0.00000000000000000000e+00
21	97	1.66533453693773481064e-16
21	98	2.22044604925031308085e-16
21	99	-1.66533453693773481064e-16
21	100	2.22044604925031308085e-16
22	23	1.11854969730984521448e-14
22	24	5.93969318174458749127e-15
22	25	5.93969318174458749127e-15
22	26	3.51108031537705755909e-15
22	27	2.10248485288389019843e-15
22	28	7.04297731246583680331e-16
22	29	2.85882428840977809159e-15
22	30	2.55351295663786004297e-15
22	31	5.13478148889134899946e-16
22	32	7.21644966006351751275e-16
22	33	-9.36750677027475830982e-16
22	34	-1.38777878078144567553e-15
22	35	-1.52655665885959024308e-15
22	36	-4.99600361081320443191e-16
22	37	2.22044604925031308085e-16
22	38	4.30211422042248159414e-16
22	39	3.60822483003175875638e-16
22	40	-8.32667268468867405318e-16
22	41	-2.49800180540660221595e-16
22	42	4.16333634234433702659e-17
22	43	3.33066907387546962127e-16
22	44	-2.77555756156289135106e-16
22	45	-2.77555756156289135106e-17
22	46	-4.71844785465691529680e-16
22	47	-1.38777878078144567553e-16
22	48	2.77555756156289135106e-16
22	49	-3.60822483003175875638e-16
22	50	-4.57966997657877072925e-16
22	51	-2.49800180540660221595e-16
22	52	1.80411241501587937819e-16
22	53	3.81639164714897560771e-16
22	54	2.91433543964103591861e-16
22	55	-1.38777878078144567553e-16
22	56	2.08166817117216851329e-17
22	57	-3.33066907387546962127e-16
22	58	5.55111512312578270212e-16
22	59	2.49800180540660221595e-16
22	60	4.71844785465691529680e-16
22	61	-1.38777878078144567553e-17
22	62	3.60822483003175875638e-16
22	63	2.22044604925031308085e-16
22	64	2.77555756156289135106e-16
22	65	0.00000000000000000000e+00
22	66	3.88578058618804789148e-16
22	67	-5.55111512312578270212e-17
22	68	3.05311331771918048616e-16
22	69	0.00000000000000000000e+00
22	70	0.00000000000000000000e+00
22	71	-1.66533453693773481064e-16
22	72	0.00000000000000000000e+00
22	73	8.32667268468867405318e-17
22	74	5.55111512312578270212e-17
22	75	-1.66533453693773481064e-16
22	76	-5.55111512312578270212e-17
22	77	-1.66533453693773481064e-16
22	78	-1.94289029309402394574e-16
22	79	-1.11022302462515654042e-16
22	80	-1.11022302462515654042e-16
22	81	-5.55111512312578270212e-17
22	82	-2.49800180540660221595e-16
22	83	1.38777878078144567553e-16
22	84	-2.22044604925031308085e-16
22	85	-1.11022302462515654042e-16
22	86	1.11022302462515654042e-16
22	87	0.00000000000000000000e+00
22	88	-5.55111512312578270212e-17
22	89	-2.22044604925031308085e-16
22	90	-2.77555756156289135106e-17
22	91	0.00000000000000000000e+00
22	92	-2.49800180540660221595e-16
22	93	-3.33066907387546962127e-16
22	94	-4.71844785465691529680e-16
22	95	-9.15933995315754145849e-16
22	96	-3.60822483003175875638e-16
22	97	-1.11022302462515654042e-16
22	98	1.94289029309402394574e-16
22	99	2.22044604925031308085e-16
22	100	-2.77555756156289135106e-17
23	24	6.93889390390722837765e-17
23	25	5.74540415243518509669e-15
23	26	2.08860706507607574167e-15
23	27	5.27355936696949356701e-16
23	28	9.71445146547011972871e-16
23	29	1.88737914186276611872e-15
23	30	2.76167977375507689430e-15
23	31	1.65145674912992035388e-15
23	32	2.04003480774872514303e-15
23	33	-1.66533453693773481064e-16
23	34	-3.33066907387546962127e-16
23	35	-9.67975699595058358682e-16
23	36	4.37150315946155387792e-16
23	37	3.33066907387546962127e-16
23	38	-5.27355936696949356701e-16
23	39	-4.16333634234433702659e-16
23	40	-2.49800180540660221595e-16
23	41	4.02455846426619245904e-16
23	42	2.84494650060196363484e-16
23	43	2.42861286636752993218e-16
23	44	-6.45317133063372239121e-16
23	45	-6.38378239159465010744e-16
23	46	5.55111512312578270212e-17
23	47	-2.49800180540660221595e-16
23	48	-3.33066907387546962127e-16
23	49	-7.77156117237609578297e-16
23	50	-7.49400541621980664786e-16
23	51	-3.60822483003175875638e-16
23	52	0.00000000000000000000e+00
23	53	-4.44089209850062616169e-16
23	54	-5.55111512312578270212e-16
23	55	-2.49800180540660221595e-16
23	56	-4.57966997657877072925e-16
23	57	-2.01227923213309622952e-16
23	58	-2.08166817117216851329e-17
23	59	-2.28983498828938536462e-16
23	60	-1.45716771982051795931e-16
23	61	-1.31838984174237339175e-16
23	62	-2.84494650060196363484e-16
23	63	-6.24500451351650553988e-17
23	64	-5.55111512312578270212e-17
23	65	2.49800180540660221595e-16
23	66	5.55111512312578270212e-17
23	67	2.35922392732845764840e-16
23	68	3.05311331771918048616e-16
23	69	2.77555756156289135106e-16
23	70	1.38777878078144567553e-16
23	71	2.77555756156289135106e-16
23	72	1.11022302462515654042e-16
23	73	1.11022302462515654042e-16
23	74	-5.55111512312578270212e-17
23	75	1.11022302462515654042e-16
23	76	1.38777878078144567553e-16
23	77	1.11022302462515654042e-16
23	78	0.00000000000000000000e+00
23	79	2.22044604925031308085e-16
23	80	2.77555756156289135106e-16
23	81	3.60822483003175875638e-16
23	82	1.94289029309402394574e-16
23	83	3.88578058618804789148e-16
23	84	4.16333634234433702659e-16
23	85	4.44089209850062616169e-16
23	86	2.49800180540660221595e-16
23	87	3.88578058618804789148e-16
23	88	4.44089209850062616169e-16
23	89	-4.16333634234433702659e-16
23	90	-1.66533453693773481064e-16
23	91	3.88578058618804789148e-16
23	92	-2.22044604925031308085e-16
23	93	-5.55111512312578270212e-17
23	94	3.60822483003175875638e-16
23	95	3.05311331771918048616e-16
23	96	1.11022302462515654042e-16
23	97	-2.77555756156289135106e-17
23	98	2.22044604925031308085e-16
23	99	5.27355936696949356701e-16
23	100	-2.22044604925031308085e-16
24	25	-1.07136521876327606151e-14
24	26	1.21014309684142062906e-14
24	27	6.61970478432749587228e-15
24	28	4.26048085699903822388e-15
24	29	1.42247325030098181742e-15
24	30	-1.42941214420488904580e-15
24	31	3.01147995429573711590e-15
24	32	1.78329573330415769306e-15
24	33	1.01654795692240895733e-15
24	34	-2.08166817117216851329e-16
24	35	-3.60822483003175875638e-16
24	36	1.11022302462515654042e-16
24	37	-5.13478148889134899946e-16
24	38	-4.92661467177413214813e-16
24	39	-1.33920652345409507689e-15
24	40	3.05311331771918048616e-16
24	41	-5.27355936696949356701e-16
24	42	1.19348975147204328096e-15
24	43	-2.77555756156289135106e-16
24	44	5.82867087928207183722e-16
24	45	-2.77555756156289135106e-16
24	46	1.15185638804859991069e-15
24	47	0.00000000000000000000e+00
24	48	2.42861286636752993218e-16
24	49	-1.38777878078144567553e-16
24	50	6.93889390390722837765e-17
24	51	-2.49800180540660221595e-16
24	52	5.55111512312578270212e-17
24	53	-3.05311331771918048616e-16
24	54	-3.88578058618804789148e-16
24	55	-1.11022302462515654042e-16
24	56	-1.66533453693773481064e-16
24	57	2.77555756156289135106e-17
24	58	-1.94289029309402394574e-16
24	59	-2.77555756156289135106e-17
24	60	-2.49800180540660221595e-16
24	61	-2.08166817117216851329e-16
24	62	-6.93889390390722837765e-18
24	63	1.59594559789866252686e-16
24	64	-1.04083408558608425665e-17
24	65	-1.12757025938492461137e-16
24	66	-1.73472347597680709441e-16
24	67	2.22044604925031308085e-16
24	68	7.63278329429795121541e-17
24	69	6.93889390390722837765e-18
24	70	-2.49800180540660221595e-16
24	71	-2.49800180540660221595e-16
24	72	1.52655665885959024308e-16
24	73	6.93889390390722837765e-17
24	74	-5.55111512312578270212e-17
24	75	2.77555756156289135106e-17
24	76	-2.77555756156289135106e-16
24	77	1.38777878078144567553e-16
24	78	-3.05311331771918048616e-16
24	79	2.77555756156289135106e-17
24	80	4.71844785465691529680e-16
24	81	0.00000000000000000000e+00
24	82	1.38777878078144567553e-16
24	83	1.94289029309402394574e-16
24	84	4.44089209850062616169e-16
24	85	4.99600361081320443191e-16
24	86	2.22044604925031308085e-16
24	87	1.11022302462515654042e-16
24	88	5.55111512312578270212e-17
24	89	3.33066907387546962127e-16
24	90	3.88578058618804789148e-16
24	91	2.77555756156289135106e-16
24	92	3.33066907387546962127e-16
24	93	4.44089209850062616169e-16
24	94	5.55111512312578270212e-17
24	95	5.55111512312578270212e-16
24	96	4.99600361081320443191e-16
24	97	3.33066907387546962127e-16
24	98	5.55111512312578270212e-17
24	99	-5.55111512312578270212e-17
24	100	0.00000000000000000000e+00
25	26	2.20518048266171717842e-14
25	27	1.88633830777718003446e-14
25	28	4.06619182768963582930e-15
25	29	-1.66533453693773481064e-16
25	30	-1.85962356624713720521e-15
25	31	2.73739364509140159498e-15
25	32	4.59354776438658518600e-15
25	33	2.95596880306447928888e-15
25	34	1.88737914186276611872e-15
25	35	-6.03683769639928868855e-16
25	36	-8.32667268468867405318e-16
25	37	-2.49800180540660221595e-16
25	38	4.99600361081320443191e-16
25	39	-5.68989300120392726967e-16
25	40	2.49800180540660221595e-16
25	41	-8.70831184940357161395e-16
25	42	2.84494650060196363484e-16
25	43	5.55111512312578270212e-17
25	44	-3.05311331771918048616e-16
25	45	-8.32667268468867405318e-16
25	46	-2.77555756156289135106e-17
25	47	-1.52655665885959024308e-16
25	48	1.38777878078144567553e-17
25	49	-1.17961196366422882420e-16
25	50	-2.63677968348474678351e-16
25	51	-8.32667268468867405318e-16
25	52	-3.67761376907083104015e-16
25	53	-9.71445146547011972871e-16
25	54	-2.08166817117216851329e-16
25	55	-2.77555756156289135106e-17
25	56	3.60822483003175875638e-16
25	57	-5.82867087928207183722e-16
25	58	-2.77555756156289135106e-17
25	59	-3.60822483003175875638e-16
25	60	6.10622663543836097233e-16
25	61	1.38777878078144567553e-16
25	62	4.99600361081320443191e-16
25	63	4.85722573273505986435e-16
25	64	4.57966997657877072925e-16
25	65	2.91433543964103591861e-16
25	66	6.80011602582908381009e-16
25	67	-4.16333634234433702659e-17
25	68	4.92661467177413214813e-16
25	69	-1.73472347597680709441e-16
25	70	1.42247325030098181742e-16
25	71	1.56125112837912638497e-16
25	72	3.64291929955129489827e-16
25	73	-1.38777878078144567553e-16
25	74	4.92661467177413214813e-16
25	75	5.55111512312578270212e-17
25	76	2.77555756156289135106e-17
25	77	5.55111512312578270212e-17
25	78	5.55111512312578270212e-17
25	79	-2.77555756156289135106e-17
25	80	4.44089209850062616169e-16
25	81	0.00000000000000000000e+00
25	82	1.11022302462515654042e-16
25	83	-3.33066907387546962127e-16
25	84	-8.32667268468867405318e-17
25	85	-2.77555756156289135106e-16
25	86	-2.77555756156289135106e-16
25	87	-2.22044604925031308085e-16
25	88	-4.44089209850062616169e-16
25	89	-3.33066907387546962127e-16
25	90	-1.66533453693773481064e-16
25	91	2.22044604925031308085e-16
25	92	-1.66533453693773481064e-16
25	93	-2.22044604925031308085e-16
25	94	-5.55111512312578270212e-17
25	95	-5.55111512312578270212e-17
25	96	-2.77555756156289135106e-16
25	97	-4.99600361081320443191e-16
25	98	0.00000000000000000000e+00
25	99	-1.66533453693773481064e-16
25	100	2.77555756156289135106e-16
26	27	-5.59274848654922607238e-15
26	28	1.37112543541206832742e-14
26	29	7.04297731246583680331e-15
26	30	4.63518112781002855627e-15
26	31	1.55431223447521915659e-15
26	32	3.87190279838023343473e-15
26	33	1.70002900645727095252e-15
26	34	1.62370117351429144037e-15
26	35	-7.91033905045424035052e-16
26	36	5.55111512312578270212e-16
26	37	-7.63278329429795121541e-17
26	38	7.63278329429795121541e-16
26	39	-8.32667268468867405318e-16
26	40	-1.80411241501587937819e-16
26	41	0.00000000000000000000e+00
26	42	9.71445146547011972871e-17
26	43	3.46944695195361418882e-16
26	44	-3.60822483003175875638e-16
26	45	2.28983498828938536462e-16
26	46	-2.77555756156289135106e-16
26	47	2.91433543964103591861e-16
26	48	6.38378239159465010744e-16
26	49	4.71844785465691529680e-16
26	50	-6.66133814775093924254e-16
26	51	-4.71844785465691529680e-16
26	52	2.08166817117216851329e-16
26	53	4.16333634234433702659e-17
26	54	1.28369537222283724986e-16
26	55	8.67361737988403547206e-17
26	56	3.46944695195361418882e-17
26	57	1.80411241501587937819e-16
26	58	4.16333634234433702659e-16
26	59	1.11022302462515654042e-16
26	60	4.71844785465691529680e-16
26	61	5.55111512312578270212e-17
26	62	-1.38777878078144567553e-16
26	63	4.44089209850062616169e-16
26	64	-1.11022302462515654042e-16
26	65	2.77555756156289135106e-16
26	66	2.22044604925031308085e-16
26	67	1.94289029309402394574e-16
26	68	2.22044604925031308085e-16
26	69	8.46545056276681862073e-16
26	70	3.05311331771918048616e-16
26	71	6.10622663543836097233e-16
26	72	2.63677968348474678351e-16
26	73	-2.77555756156289135106e-17
26	74	3.40005801291454190505e-16
26	75	5.06539254985227671568e-16
26	76	3.17454396103755698277e-16
26	77	1.94289029309402394574e-16
26	78	3.53883589099268647260e-16
26	79	2.49800180540660221595e-16
26	80	1.80411241501587937819e-16
26	81	-8.32667268468867405318e-17
26	82	3.60822483003175875638e-16
26	83	2.77555756156289135106e-17
26	84	-2.77555756156289135106e-17
26	85	1.38777878078144567553e-16
26	86	-1.11022302462515654042e-16
26	87	2.77555756156289135106e-17
26	88	1.11022302462515654042e-16
26	89	-2.22044604925031308085e-16
26	90	2.22044604925031308085e-16
26	91	2.77555756156289135106e-16
26	92	1.66533453693773481064e-16
26	93	-1.11022302462515654042e-16
26	94	5.55111512312578270212e-17
26	95	-2.22044604925031308085e-16
26	96	5.55111512312578270212e-16
26	97	3.33066907387546962127e-16
26	98	3.33066907387546962127e-16
26	99	2.22044604925031308085e-16
26	100	-1.11022302462515654042e-16
27	28	1.31847657791617223211e-14
27	29	2.67147415300428292539e-14
27	30	1.56819002228303361335e-15
27	31	1.12410081243297099718e-15
27	32	4.51028103753969844547e-16
27	33	2.01227923213309622952e-15
27	34	2.24820162486594199436e-15
27	35	1.73472347597680709441e-15
27	36	1.39471767468535290391e-15
27	37	-9.71445146547011972871e-17
27	38	-5.27355936696949356701e-16
27	39	-1.41553435639707458904e-15
27	40	-1.87350135405495166196e-16
27	41	6.93889390390722837765e-17
27	42	2.35922392732845764840e-16
27	43	1.11022302462515654042e-16
27	44	-8.32667268468867405318e-17
27	45	2.35922392732845764840e-16
27	46	3.60822483003175875638e-16
27	47	-5.68989300120392726967e-16
27	48	1.11022302462515654042e-16
27	49	-4.02455846426619245904e-16
27	50	-4.71844785465691529680e-16
27	51	-9.43689570931383059360e-16
27	52	-2.77555756156289135106e-16
27	53	-3.05311331771918048616e-16
27	54	-4.16333634234433702659e-16
27	55	-3.60822483003175875638e-16
27	56	-4.57966997657877072925e-16
27	57	3.40005801291454190505e-16
27	58	2.79290479632265942200e-16
27	59	-3.46944695195361418882e-18
27	60	-1.04083408558608425665e-16
27	61	-5.55111512312578270212e-17
27	62	6.93889390390722837765e-17
27	63	6.10622663543836097233e-16
27	64	-2.49800180540660221595e-16
27	65	2.77555756156289135106e-16
27	66	0.00000000000000000000e+00
27	67	-8.32667268468867405318e-17
27	68	-1.11022302462515654042e-16
27	69	0.00000000000000000000e+00
27	70	2.22044604925031308085e-16
27	71	-2.22044604925031308085e-16
27	72	-1.66533453693773481064e-16
27	73	-4.85722573273505986435e-16
27	74	4.16333634234433702659e-17
27	75	1.52655665885959024308e-16
27	76	-2.77555756156289135106e-16
27	77	-3.19189119579732505372e-16
27	78	-2.15105711021124079707e-16
27	79	-2.60208521396521064162e-16
27	80	8.32667268468867405318e-17
27	81	-1.80411241501587937819e-16
27	82	0.00000000000000000000e+00
27	83	1.38777878078144567553e-17
27	84	5.82867087928207183722e-16
27	85	4.44089209850062616169e-16
27	86	3.33066907387546962127e-16
27	87	5.55111512312578270212e-17
27	88	5.55111512312578270212e-17
27	89	5.55111512312578270212e-17
27	90	4.44089209850062616169e-16
27	91	0.00000000000000000000e+00
27	92	1.66533453693773481064e-16
27	93	-1.11022302462515654042e-16
27	94	-3.88578058618804789148e-16
27	95	-4.99600361081320443191e-16
27	96	1.11022302462515654042e-16
27	97	-3.33066907387546962127e-16
27	98	2.77555756156289135106e-16
27	99	4.99600361081320443191e-16
27	100	2.22044604925031308085e-16
28	29	1.95399252334027551115e-14
28	30	3.16413562018169614021e-15
28	31	-1.62370117351429144037e-15
28	32	2.49800180540660221595e-16
28	33	-1.59594559789866252686e-16
28	34	2.35922392732845764840e-15
28	35	2.12330153459561188356e-15
28	36	2.35922392732845764840e-16
28	37	-4.57966997657877072925e-16
28	38	-1.31838984174237339175e-16
28	39	-1.60982338570647698361e-15
28	40	-8.32667268468867405318e-17
28	41	1.12410081243297099718e-15
28	42	2.35922392732845764840e-16
28	43	8.79504802320241196867e-16
28	44	-4.99600361081320443191e-16
28	45	-3.60822483003175875638e-16
28	46	8.32667268468867405318e-17
28	47	-2.77555756156289135106e-17
28	48	-9.15933995315754145849e-16
28	49	1.11022302462515654042e-16
28	50	-5.55111512312578270212e-16
28	51	-1.87350135405495166196e-16
28	52	-3.46944695195361418882e-16
28	53	6.93889390390722837765e-17
28	54	1.38777878078144567553e-16
28	55	3.60822483003175875638e-16
28	56	1.66533453693773481064e-16
28	57	3.88578058618804789148e-16
28	58	3.05311331771918048616e-16
28	59	4.30211422042248159414e-16
28	60	4.99600361081320443191e-16
28	61	0.00000000000000000000e+00
28	62	1.28369537222283724986e-16
28	63	5.86336534880160797911e-16
28	64	-1.38777878078144567553e-17
28	65	3.60822483003175875638e-16
28	66	6.93889390390722837765e-17
28	67	2.49800180540660221595e-16
28	68	4.44089209850062616169e-16
28	69	2.22044604925031308085e-16
28	70	8.04911692853238491807e-16
28	71	2.22044604925031308085e-16
28	72	3.05311331771918048616e-16
28	73	4.44089209850062616169e-16
28	74	4.99600361081320443191e-16
28	75	7.77156117237609578297e-16
28	76	2.49800180540660221595e-16
28	77	5.82867087928207183722e-16
28	78	2.91433543964103591861e-16
28	79	6.24500451351650553988e-16
28	80	6.10622663543836097233e-16
28	81	5.27355936696949356701e-16
28	82	8.08381139805192105996e-16
28	83	3.40005801291454190505e-16
28	84	2.35922392732845764840e-16
28	85	4.44089209850062616169e-16
28	86	1.94289029309402394574e-16
28	87	1.11022302462515654042e-16
28	88	1.11022302462515654042e-16
28	89	-2.49800180540660221595e-16
28	90	-1.11022302462515654042e-16
28	91	-1.11022302462515654042e-16
28	92	-5.55111512312578270212e-17
28	93	-3.88578058618804789148e-16
28	94	5.55111512312578270212e-17
28	95	1.66533453693773481064e-16
28	96	-5.55111512312578270212e-17
28	97	-2.77555756156289135106e-16
28	98	1.66533453693773481064e-16
28	99	-1.11022302462515654042e-16
28	100	3.33066907387546962127e-16
29	30	-1.41900380334902820323e-13
29	31	-1.38777878078144567553e-15
29	32	-5.47999146061073361125e-15
29	33	1.13797860024078545393e-15
29	34	1.11022302462515654042e-15
29	35	2.16493489801905525383e-15
29	36	1.25247034965525472217e-15
29	37	-6.66133814775093924254e-16
29	38	-5.55111512312578270212e-17
29	39	-7.49400541621980664786e-16
29	40	-4.44089209850062616169e-16
29	41	8.04911692853238491807e-16
29	42	5.41233724504763813457e-16
29	43	1.66533453693773481064e-16
29	44	-3.19189119579732505372e-16
29	45	-4.85722573273505986435e-16
29	46	-2.37657116208822571934e-16
29	47	4.02455846426619245904e-16
29	48	-1.24900090270330110798e-15
29	49	-1.11022302462515654042e-16
29	50	-4.71844785465691529680e-16
29	51	-2.77555756156289135106e-16
29	52	-3.60822483003175875638e-16
29	53	-4.51028103753969844547e-16
29	54	-5.89805981832114412100e-16
29	55	2.08166817117216851329e-17
29	56	-5.41233724504763813457e-16
29	57	-2.91433543964103591861e-16
29	58	1.11022302462515654042e-16
29	59	5.55111512312578270212e-17
29	60	3.88578058618804789148e-16
29	61	-1.11022302462515654042e-16
29	62	-1.80411241501587937819e-16
29	63	7.49400541621980664786e-16
29	64	-2.08166817117216851329e-17
29	65	-8.32667268468867405318e-17
29	66	-6.93889390390722837765e-17
29	67	1.45716771982051795931e-16
29	68	3.46944695195361418882e-17
29	69	-1.11022302462515654042e-16
29	70	-1.66533453693773481064e-16
29	71	-1.11022302462515654042e-16
29	72	1.66533453693773481064e-16
29	73	2.77555756156289135106e-16
29	74	2.77555756156289135106e-16
29	75	-2.77555756156289135106e-17
29	76	-1.66533453693773481064e-16
29	77	-1.11022302462515654042e-16
29	78	1.94289029309402394574e-16
29	79	-8.32667268468867405318e-17
29	80	3.33066907387546962127e-16
29	81	4.30211422042248159414e-16
29	82	2.22044604925031308085e-16
29	83	9.02056207507939689094e-17
29	84	1.17961196366422882420e-16
29	85	4.64905891561784301302e-16
29	86	0.00000000000000000000e+00
29	87	1.11022302462515654042e-16
29	88	5.55111512312578270212e-17
29	89	8.32667268468867405318e-17
29	90	3.33066907387546962127e-16
29	91	2.22044604925031308085e-16
29	92	2.77555756156289135106e-16
29	93	1.11022302462515654042e-16
29	94	-3.33066907387546962127e-16
29	95	4.99600361081320443191e-16
29	96	3.33066907387546962127e-16
29	97	5.55111512312578270212e-16
29	98	1.66533453693773481064e-16
29	99	2.22044604925031308085e-16
29	100	3.33066907387546962127e-16
30	31	2.58404408981505184784e-14
30	32	1.68337566108789360442e-14
30	33	6.02295990859147423180e-15
30	34	8.26422263955350899778e-15
30	35	1.90125692967058057548e-15
30	36	4.02455846426619245904e-15
30	37	6.93889390390722837765e-17
30	38	7.35522753814166208031e-16
30	39	2.01227923213309622952e-15
30	40	-1.52655665885959024308e-16
30	41	1.49880108324396132957e-15
30	42	1.24900090270330110798e-16
30	43	1.28716481917479086405e-15
30	44	4.02455846426619245904e-16
30	45	1.24900090270330110798e-16
30	46	2.77555756156289135106e-16
30	47	1.62370117351429144037e-15
30	48	-1.21430643318376496609e-15
30	49	-5.96744875736021640478e-16
30	50	3.60822483003175875638e-16
30	51	2.22044604925031308085e-16
30	52	-1.94289029309402394574e-16
30	53	-5.55111512312578270212e-17
30	54	-6.93889390390722837765e-17
30	55	5.68989300120392726967e-16
30	56	1.87350135405495166196e-16
30	57	3.53883589099268647260e-16
30	58	-1.73472347597680709441e-16
30	59	-1.94289029309402394574e-16
30	60	3.74700270810990332393e-16
30	61	1.52655665885959024308e-16
30	62	3.33066907387546962127e-16
30	63	3.60822483003175875638e-16
30	64	2.77555756156289135106e-16
30	65	4.71844785465691529680e-16
30	66	4.44089209850062616169e-16
30	67	6.10622663543836097233e-16
30	68	4.37150315946155387792e-16
30	69	3.53883589099268647260e-16
30	70	3.81639164714897560771e-16
30	71	3.05311331771918048616e-16
30	72	5.41233724504763813457e-16
30	73	2.49800180540660221595e-16
30	74	4.99600361081320443191e-16
30	75	5.27355936696949356701e-16
30	76	-1.38777878078144567553e-16
30	77	-2.22044604925031308085e-16
30	78	-2.77555756156289135106e-16
30	79	-6.93889390390722837765e-16
30	80	0.00000000000000000000e+00
30	81	1.94289029309402394574e-16
30	82	1.11022302462515654042e-16
30	83	-1.66533453693773481064e-16
30	84	-4.16333634234433702659e-17
30	85	4.44089209850062616169e-16
30	86	3.19189119579732505372e-16
30	87	1.52655665885959024308e-16
30	88	2.35922392732845764840e-16
30	89	8.32667268468867405318e-17
30	90	2.22044604925031308085e-16
30	91	4.99600361081320443191e-16
30	92	6.10622663543836097233e-16
30	93	3.33066907387546962127e-16
30	94	1.11022302462515654042e-16
30	95	5.55111512312578270212e-16
30	96	4.44089209850062616169e-16
30	97	3.88578058618804789148e-16
30	98	7.77156117237609578297e-16
30	99	2.22044604925031308085e-16
30	100	2.22044604925031308085e-16
31	32	1.10883524584437509475e-14
31	33	6.98052726733067174791e-15
31	34	-1.52655665885959024308e-15
31	35	3.05311331771918048616e-15
31	36	2.77555756156289135106e-16
31	37	-2.42861286636752993218e-16
31	38	2.22044604925031308085e-16
31	39	-1.05471187339389871340e-15
31	40	-1.97758476261356008763e-16
31	41	-3.46944695195361418882e-17
31	42	-6.93889390390722837765e-17
31	43	2.09554595897998297005e-15
31	44	-4.02455846426619245904e-16
31	45	-1.05471187339389871340e-15
31	46	-7.63278329429795121541e-17
31	47	1.16573417585641436744e-15
31	48	-9.85322934354826429626e-16
31	49	-3.05311331771918048616e-16
31	50	3.33066907387546962127e-16
31	51	5.20417042793042128324e-16
31	52	-2.94902990916057206050e-16
31	53	-2.63677968348474678351e-16
31	54	8.32667268468867405318e-17
31	55	8.88178419700125232339e-16
31	56	2.35922392732845764840e-16
31	57	4.02455846426619245904e-16
31	58	-5.27355936696949356701e-16
31	59	5.55111512312578270212e-17
31	60	-1.35308431126190953364e-16
31	61	-1.14491749414469268231e-16
31	62	-6.45317133063372239121e-16
31	63	-1.11022302462515654042e-16
31	64	-2.49800180540660221595e-16
31	65	3.33066907387546962127e-16
31	66	-3.60822483003175875638e-16
31	67	-4.99600361081320443191e-16
31	68	-4.16333634234433702659e-16
31	69	-1.52655665885959024308e-16
31	70	5.55111512312578270212e-17
31	71	-4.16333634234433702659e-16
31	72	-7.63278329429795121541e-17
31	73	-4.02455846426619245904e-16
31	74	1.60461921527854656233e-16
31	75	3.60822483003175875638e-16
31	76	0.00000000000000000000e+00
31	77	-1.94289029309402394574e-16
31	78	-2.77555756156289135106e-17
31	79	0.00000000000000000000e+00
31	80	3.88578058618804789148e-16
31	81	1.66533453693773481064e-16
31	82	2.77555756156289135106e-17
31	83	1.94289029309402394574e-16
31	84	-5.27355936696949356701e-16
31	85	2.77555756156289135106e-17
31	86	-4.16333634234433702659e-16
31	87	-3.19189119579732505372e-16
31	88	-1.87350135405495166196e-16
31	89	1.66533453693773481064e-16
31	90	1.66533453693773481064e-16
31	91	5.55111512312578270212e-17
31	92	1.38777878078144567553e-16
31	93	5.55111512312578270212e-17
31	94	-3.88578058618804789148e-16
31	95	-6.66133814775093924254e-16
31	96	-3.88578058618804789148e-16
31	97	-1.11022302462515654042e-16
31	98	1.66533453693773481064e-16
31	99	3.88578058618804789148e-16
31	100	-4.99600361081320443191e-16
32	33	-4.42007541678890447656e-14
32	34	1.22818422099157942284e-14
32	35	1.05471187339389871340e-14
32	36	4.84334794492724540760e-15
32	37	1.24900090270330110798e-15
32	38	3.23352455922076842398e-15
32	39	-6.73072708679001152632e-16
32	40	1.20736753927985773771e-15
32	41	-5.82867087928207183722e-16
32	42	3.33066907387546962127e-16
32	43	1.34614541735800230526e-15
32	44	8.32667268468867405318e-17
32	45	-2.77555756156289135106e-17
32	46	1.47104550762833241606e-15
32	47	1.83186799063150829170e-15
32	48	1.70002900645727095252e-16
32	49	2.77555756156289135106e-17
32	50	-8.74300631892310775584e-16
32	51	1.38777878078144567553e-16
32	52	-5.55111512312578270212e-17
32	53	-3.05311331771918048616e-16
32	54	3.43475248243407804694e-16
32	55	5.13478148889134899946e-16
32	56	-4.02455846426619245904e-16
32	57	1.66533453693773481064e-16
32	58	3.60822483003175875638e-16
32	59	1.11022302462515654042e-16
32	60	8.32667268468867405318e-16
32	61	4.16333634234433702659e-17
32	62	3.95516952522712017526e-16
32	63	3.71230823859036718204e-16
32	64	4.49293380277993037453e-16
32	65	2.42861286636752993218e-16
32	66	2.91433543964103591861e-16
32	67	4.85722573273505986435e-16
32	68	3.33066907387546962127e-16
32	69	8.04911692853238491807e-16
32	70	6.10622663543836097233e-16
32	71	2.77555756156289135106e-16
32	72	1.38777878078144567553e-16
32	73	8.32667268468867405318e-17
32	74	1.94289029309402394574e-16
32	75	5.55111512312578270212e-16
32	76	8.32667268468867405318e-17
32	77	1.80411241501587937819e-16
32	78	4.02455846426619245904e-16
32	79	2.63677968348474678351e-16
32	80	6.10622663543836097233e-16
32	81	5.27355936696949356701e-16
32	82	5.27355936696949356701e-16
32	83	4.99600361081320443191e-16
32	84	3.33066907387546962127e-16
32	85	8.04911692853238491807e-16
32	86	1.38777878078144567553e-16
32	87	3.05311331771918048616e-16
32	88	-1.11022302462515654042e-16
32	89	-2.28983498828938536462e-16
32	90	-4.44089209850062616169e-16
32	91	-2.63677968348474678351e-16
32	92	0.00000000000000000000e+00
32	93	-3.33066907387546962127e-16
32	94	-2.77555756156289135106e-16
32	95	-4.44089209850062616169e-16
32	96	-6.10622663543836097233e-16
32	97	-4.99600361081320443191e-16
32	98	-4.99600361081320443191e-16
32	99	3.33066907387546962127e-16
32	100	4.44089209850062616169e-16
33	34	6.19851392436032710975e-14
33	35	1.56402668594068927632e-14
33	36	1.16989751219875870447e-14
33	37	8.37004077158809423054e-17
33	38	-1.30451205393455893500e-15
33	39	-3.33066907387546962127e-16
33	40	1.25593979660720833635e-15
33	41	3.76781938982162500906e-15
33	42	1.74860126378462155117e-15
33	43	2.73392419813944798079e-15
33	44	1.52655665885959024308e-15
33	45	-7.03430369508595276784e-16
33	46	1.33226762955018784851e-15
33	47	2.31759056390501427813e-15
33	48	7.49400541621980664786e-16
33	49	7.21644966006351751275e-16
33	50	9.02056207507939689094e-17
33	51	7.04297731246583680331e-16
33	52	1.01307850997045534314e-15
33	53	8.74300631892310775584e-16
33	54	-4.16333634234433702659e-17
33	55	2.77555756156289135106e-17
33	56	-4.85722573273505986435e-16
33	57	2.49800180540660221595e-16
33	58	-5.41233724504763813457e-16
33	59	2.35922392732845764840e-16
33	60	1.38777878078144567553e-17
33	61	-3.74700270810990332393e-16
33	62	-1.24900090270330110798e-16
33	63	2.91433543964103591861e-16
33	64	2.63677968348474678351e-16
33	65	3.19189119579732505372e-16
33	66	2.28983498828938536462e-16
33	67	3.46944695195361418882e-17
33	68	-1.94289029309402394574e-16
33	69	4.99600361081320443191e-16
33	70	4.99600361081320443191e-16
33	71	5.68989300120392726967e-16
33	72	3.88578058618804789148e-16
33	73	2.49800180540660221595e-16
33	74	-5.55111512312578270212e-17
33	75	8.32667268468867405318e-16
33	76	-8.32667268468867405318e-17
33	77	1.24900090270330110798e-16
33	78	-1.04083408558608425665e-16
33	79	-7.80625564189563192485e-17
33	80	2.15105711021124079707e-16
33	81	5.55111512312578270212e-17
33	82	4.99600361081320443191e-16
33	83	3.33066907387546962127e-16
33	84	-5.55111512312578270212e-17
33	85	1.94289029309402394574e-16
33	86	3.05311331771918048616e-16
33	87	4.44089209850062616169e-16
33	88	8.32667268468867405318e-17
33	89	-6.66133814775093924254e-16
33	90	-2.49800180540660221595e-16
33	91	1.11022302462515654042e-16
33	92	4.16333634234433702659e-17
33	93	-4.71844785465691529680e-16
33	94	2.77555756156289135106e-16
33	95	6.66133814775093924254e-16
33	96	4.44089209850062616169e-16
33	97	-1.66533453693773481064e-16
33	98	3.88578058618804789148e-16
33	99	1.11022302462515654042e-16
33	100	-1.66533453693773481064e-16
34	35	-1.36002320516581676202e-15
34	36	1.85719495338076967528e-14
34	37	4.08006961549745028606e-15
34	38	-2.22044604925031308085e-15
34	39	-3.01668412472366753718e-15
34	40	-1.56819002228303361335e-15
34	41	1.52655665885959024308e-15
34	42	1.84574577843932274845e-15
34	43	3.43128303548212443275e-15
34	44	1.99840144432528177276e-15
34	45	-1.36002320516581676202e-15
34	46	-1.94289029309402394574e-16
34	47	1.39471767468535290391e-15
34	48	1.38777878078144567553e-16
34	49	-8.32667268468867405318e-17
34	50	8.32667268468867405318e-17
34	51	4.57966997657877072925e-16
34	52	1.67921232474554926739e-15
34	53	-1.28369537222283724986e-16
34	54	-3.46944695195361418882e-16
34	55	2.91433543964103591861e-16
34	56	-4.30211422042248159414e-16
34	57	2.77555756156289135106e-17
34	58	-8.46545056276681862073e-16
34	59	4.37150315946155387792e-16
34	60	8.67361737988403547206e-17
34	61	1.94289029309402394574e-16
34	62	-5.96744875736021640478e-16
34	63	-3.33066907387546962127e-16
34	64	-3.33066907387546962127e-16
34	65	-1.80411241501587937819e-16
34	66	4.71844785465691529680e-16
34	67	-1.38777878078144567553e-17
34	68	-1.24900090270330110798e-16
34	69	1.80411241501587937819e-16
34	70	5.44703171456717427645e-16
34	71	8.32667268468867405318e-17
34	72	-2.15105711021124079707e-16
34	73	5.55111512312578270212e-17
34	74	1.38777878078144567553e-16
34	75	6.93889390390722837765e-16
34	76	3.33066907387546962127e-16
34	77	1.38777878078144567553e-16
34	78	2.22044604925031308085e-16
34	79	-1.80411241501587937819e-16
34	80	3.88578058618804789148e-16
34	81	-4.68375338513737915491e-17
34	82	-1.17961196366422882420e-16
34	83	-1.66533453693773481064e-16
34	84	-2.49800180540660221595e-16
34	85	2.77555756156289135106e-17
34	86	-1.94289029309402394574e-16
34	87	-5.27355936696949356701e-16
34	88	-5.55111512312578270212e-16
34	89	1.66533453693773481064e-16
34	90	-5.96744875736021640478e-16
34	91	6.24500451351650553988e-17
34	92	2.56739074444567449973e-16
34	93	5.82867087928207183722e-16
34	94	-2.77555756156289135106e-16
34	95	0.00000000000000000000e+00
34	96	-5.55111512312578270212e-17
34	97	-7.77156117237609578297e-16
34	98	-9.99200722162640886381e-16
34	99	-7.77156117237609578297e-16
34	100	0.00000000000000000000e+00
35	36	3.67345043272848670313e-14
35	37	-2.72698530423554075242e-15
35	38	-2.08860706507607574167e-15
35	39	-2.98372437868010820239e-15
35	40	-2.91433543964103591861e-15
35	41	3.15719672627778891183e-15
35	42	1.76247905159243600792e-15
35	43	2.66453525910037569702e-15
35	44	1.84574577843932274845e-15
35	45	8.74300631892310775584e-16
35	46	9.71445146547011972871e-16
35	47	2.41473507855971547542e-15
35	48	2.24820162486594199436e-15
35	49	-2.49800180540660221595e-16
35	50	-1.38777878078144567553e-15
35	51	4.16333634234433702659e-16
35	52	0.00000000000000000000e+00
35	53	-1.38777878078144567553e-17
35	54	-4.02455846426619245904e-16
35	55	9.64506252643104744493e-16
35	56	7.49400541621980664786e-16
35	57	1.07552855510562039854e-15
35	58	4.99600361081320443191e-16
35	59	3.88578058618804789148e-16
35	60	-2.22044604925031308085e-16
35	61	-4.57966997657877072925e-16
35	62	6.93889390390722837765e-18
35	63	-9.29811783123568602605e-16
35	64	7.04297731246583680331e-16
35	65	4.51028103753969844547e-16
35	66	4.44089209850062616169e-16
35	67	2.63677968348474678351e-16
35	68	-1.38777878078144567553e-16
35	69	-1.11022302462515654042e-16
35	70	1.66533453693773481064e-16
35	71	3.60822483003175875638e-16
35	72	-1.11022302462515654042e-16
35	73	3.46944695195361418882e-17
35	74	1.49186218934005410119e-16
35	75	2.35922392732845764840e-16
35	76	-8.32667268468867405318e-17
35	77	0.00000000000000000000e+00
35	78	4.99600361081320443191e-16
35	79	5.55111512312578270212e-17
35	80	2.49800180540660221595e-16
35	81	2.49800180540660221595e-16
35	82	1.24900090270330110798e-16
35	83	2.01227923213309622952e-16
35	84	-1.38777878078144567553e-16
35	85	2.77555756156289135106e-17
35	86	5.55111512312578270212e-17
35	87	-8.32667268468867405318e-17
35	88	-2.22044604925031308085e-16
35	89	-8.32667268468867405318e-16
35	90	-4.99600361081320443191e-16
35	91	-3.88578058618804789148e-16
35	92	-1.59594559789866252686e-16
35	93	-5.41233724504763813457e-16
35	94	-8.60422844084496318828e-16
35	95	2.22044604925031308085e-16
35	96	5.55111512312578270212e-17
35	97	3.33066907387546962127e-16
35	98	2.22044604925031308085e-16
35	99	-3.33066907387546962127e-16
35	100	0.00000000000000000000e+00
36	37	1.14769305170625557366e-14
36	38	-4.64905891561784301302e-15
36	39	-5.66213742558829835616e-15
36	40	-3.84761666971655813541e-15
36	41	1.44328993201270350255e-15
36	42	3.83026943495679006446e-15
36	43	3.52495810318487201585e-15
36	44	1.11022302462515654042e-15
36	45	-5.27355936696949356701e-16
36	46	3.05311331771918048616e-16
36	47	1.72084568816899263766e-15
36	48	2.85882428840977809159e-15
36	49	2.08166817117216851329e-16
36	50	-9.43689570931383059360e-16
36	51	-1.66533453693773481064e-16
36	52	5.23886489744995742512e-16
36	53	-6.52256026967279467499e-16
36	54	-4.30211422042248159414e-16
36	55	8.32667268468867405318e-17
36	56	7.07767178198537294520e-16
36	57	8.88178419700125232339e-16
36	58	2.28983498828938536462e-16
36	59	8.81239525796218003961e-16
36	60	-5.55111512312578270212e-17
36	61	-7.77156117237609578297e-16
36	62	-6.93889390390722837765e-17
36	63	-8.88178419700125232339e-16
36	64	3.33066907387546962127e-16
36	65	1.73472347597680709441e-16
36	66	-3.64291929955129489827e-16
36	67	-2.11636264069170465518e-16
36	68	-2.63677968348474678351e-16
36	69	1.38777878078144567553e-17
36	70	-1.38777878078144567553e-17
36	71	-2.77555756156289135106e-17
36	72	1.94289029309402394574e-16
36	73	-5.68989300120392726967e-16
36	74	0.00000000000000000000e+00
36	75	2.70616862252381906728e-16
36	76	1.56125112837912638497e-17
36	77	3.26128013483639733749e-16
36	78	-5.13478148889134899946e-16
36	79	-6.10622663543836097233e-16
36	80	4.44089209850062616169e-16
36	81	-2.49800180540660221595e-16
36	82	-5.55111512312578270212e-17
36	83	-8.32667268468867405318e-17
36	84	6.93889390390722837765e-18
36	85	-6.59194920871186695877e-17
36	86	2.08166817117216851329e-16
36	87	3.88578058618804789148e-16
36	88	-1.38777878078144567553e-16
36	89	-6.66133814775093924254e-16
36	90	1.38777878078144567553e-16
36	91	-8.60422844084496318828e-16
36	92	-2.49800180540660221595e-16
36	93	-1.49186218934005410119e-16
36	94	-4.71844785465691529680e-16
36	95	-7.49400541621980664786e-16
36	96	-8.32667268468867405318e-16
36	97	-7.21644966006351751275e-16
36	98	-8.88178419700125232339e-16
36	99	-2.22044604925031308085e-16
36	100	-7.77156117237609578297e-16
37	38	-2.67980082568897159945e-14
37	39	-1.27467481014775785297e-14
37	40	-8.42381719934337525046e-15
37	41	-4.96824803519757551840e-15
37	42	2.60555466091716425581e-15
37	43	4.23272528138340931037e-15
37	44	1.05471187339389871340e-15
37	45	1.67921232474554926739e-15
37	46	4.23272528138340931037e-16
37	47	2.35922392732845764840e-15
37	48	1.30451205393455893500e-15
37	49	1.95676808090183840250e-15
37	50	2.42861286636752993218e-16
37	51	1.80411241501587937819e-16
37	52	1.45716771982051795931e-15
37	53	-1.11022302462515654042e-15
37	54	-1.38777878078144567553e-16
37	55	-1.24900090270330110798e-16
37	56	7.49400541621980664786e-16
37	57	5.96744875736021640478e-16
37	58	4.16333634234433702659e-17
37	59	6.52256026967279467499e-16
37	60	1.17961196366422882420e-16
37	61	-9.99200722162640886381e-16
37	62	-9.02056207507939689094e-17
37	63	-5.41233724504763813457e-16
37	64	-6.93889390390722837765e-17
37	65	4.16333634234433702659e-16
37	66	0.00000000000000000000e+00
37	67	3.33066907387546962127e-16
37	68	-2.22044604925031308085e-16
37	69	-2.08166817117216851329e-17
37	70	1.83880688453541552008e-16
37	71	4.30211422042248159414e-16
37	72	5.27355936696949356701e-16
37	73	-2.91433543964103591861e-16
37	74	1.38777878078144567553e-16
37	75	2.22044604925031308085e-16
37	76	4.99600361081320443191e-16
37	77	6.10622663543836097233e-16
37	78	1.59594559789866252686e-16
37	79	-2.35922392732845764840e-16
37	80	3.88578058618804789148e-16
37	81	5.55111512312578270212e-17
37	82	1.94289029309402394574e-16
37	83	1.66533453693773481064e-16
37	84	2.22044604925031308085e-16
37	85	3.19189119579732505372e-16
37	86	-2.01227923213309622952e-16
37	87	-2.77555756156289135106e-17
37	88	-1.11022302462515654042e-16
37	89	-8.32667268468867405318e-17
37	90	1.66533453693773481064e-16
37	91	2.77555756156289135106e-16
37	92	-1.11022302462515654042e-16
37	93	-2.08166817117216851329e-16
37	94	-5.68989300120392726967e-16
37	95	-1.11022302462515654042e-16
37	96	2.22044604925031308085e-16
37	97	-8.32667268468867405318e-16
37	98	1.11022302462515654042e-16
37	99	4.44089209850062616169e-16
37	100	1.11022302462515654042e-16
38	39	-8.99280649946376797743e-15
38	40	-2.34257058195908030029e-14
38	41	-6.53643805748060913174e-15
38	42	-1.26287869051111556473e-15
38	43	6.12010442324617542909e-15
38	44	2.23085439010617392341e-15
38	45	-1.90125692967058057548e-15
38	46	6.10622663543836097233e-16
38	47	1.38777878078144567553e-15
38	48	9.67975699595058358682e-16
38	49	1.49880108324396132957e-15
38	50	-1.62370117351429144037e-15
38	51	-6.38378239159465010744e-16
38	52	7.97972798949331263429e-16
38	53	1.18655085756813605258e-15
38	54	-2.49800180540660221595e-16
38	55	1.19348975147204328096e-15
38	56	2.08166817117216851329e-16
38	57	-3.33066907387546962127e-16
38	58	2.77555756156289135106e-17
38	59	1.94289029309402394574e-16
38	60	4.02455846426619245904e-16
38	61	-3.60822483003175875638e-16
38	62	-1.38777878078144567553e-17
38	63	-3.53883589099268647260e-16
38	64	-3.33066907387546962127e-16
38	65	-3.60822483003175875638e-16
38	66	2.49800180540660221595e-16
38	67	1.38777878078144567553e-17
38	68	-1.80411241501587937819e-16
38	69	-2.77555756156289135106e-17
38	70	-1.38777878078144567553e-16
38	71	-6.93889390390722837765e-18
38	72	-5.55111512312578270212e-16
38	73	-3.19189119579732505372e-16
38	74	-4.44089209850062616169e-16
38	75	-5.55111512312578270212e-17
38	76	-1.11022302462515654042e-16
38	77	-6.93889390390722837765e-16
38	78	-3.60822483003175875638e-16
38	79	-8.04911692853238491807e-16
38	80	-1.85615411929518359102e-16
38	81	2.98372437868010820239e-16
38	82	6.66133814775093924254e-16
38	83	2.77555756156289135106e-17
38	84	5.27355936696949356701e-16
38	85	1.38777878078144567553e-16
38	86	6.93889390390722837765e-17
38	87	-3.33066907387546962127e-16
38	88	-6.10622663543836097233e-16
38	89	-5.82867087928207183722e-16
38	90	-6.93889390390722837765e-16
38	91	-6.10622663543836097233e-16
38	92	-9.99200722162640886381e-16
38	93	-2.77555756156289135106e-16
38	94	-4.02455846426619245904e-16
38	95	-1.24900090270330110798e-16
38	96	0.00000000000000000000e+00
38	97	-2.77555756156289135106e-16
38	98	5.55111512312578270212e-16
38	99	2.22044604925031308085e-16
38	100	4.44089209850062616169e-16
39	40	-2.40016340136151029583e-14
39	41	-1.13242748511765967123e-14
39	42	-8.29197821516913791129e-15
39	43	8.86790640919343786663e-15
39	44	7.74380559676046686945e-15
39	45	3.46944695195361418882e-16
39	46	-1.26114396703513875764e-15
39	47	5.82867087928207183722e-16
39	48	1.20736753927985773771e-15
39	49	-6.93889390390722837765e-18
39	50	1.15532583500055352488e-15
39	51	3.88578058618804789148e-16
39	52	1.49880108324396132957e-15
39	53	6.93889390390722837765e-16
39	54	-1.23512311489548665122e-15
39	55	-6.10622663543836097233e-16
39	56	-3.74700270810990332393e-16
39	57	-5.55111512312578270212e-17
39	58	-9.71445146547011972871e-17
39	59	5.13478148889134899946e-16
39	60	5.56846235788555077306e-16
39	61	-6.31439345255557782366e-16
39	62	4.44089209850062616169e-16
39	63	-1.01307850997045534314e-15
39	64	0.00000000000000000000e+00
39	65	-3.46944695195361418882e-16
39	66	8.32667268468867405318e-17
39	67	7.45931094670027050597e-17
39	68	-4.30211422042248159414e-16
39	69	-4.85722573273505986435e-16
39	70	-6.93889390390722837765e-17
39	71	-5.27355936696949356701e-16
39	72	1.24900090270330110798e-16
39	73	-5.96744875736021640478e-16
39	74	4.16333634234433702659e-17
39	75	4.64905891561784301302e-16
39	76	6.93889390390722837765e-16
39	77	4.02455846426619245904e-16
39	78	3.05311331771918048616e-16
39	79	8.32667268468867405318e-17
39	80	4.71844785465691529680e-16
39	81	-4.30211422042248159414e-16
39	82	1.73472347597680709441e-17
39	83	-3.60822483003175875638e-16
39	84	-2.22044604925031308085e-16
39	85	1.94289029309402394574e-16
39	86	4.99600361081320443191e-16
39	87	4.71844785465691529680e-16
39	88	4.16333634234433702659e-17
39	89	-1.24900090270330110798e-16
39	90	-2.77555756156289135106e-16
39	91	-2.77555756156289135106e-16
39	92	0.00000000000000000000e+00
39	93	-5.55111512312578270212e-17
39	94	-4.16333634234433702659e-16
39	95	-5.13478148889134899946e-16
39	96	-2.77555756156289135106e-16
39	97	-6.66133814775093924254e-16
39	98	4.44089209850062616169e-16
39	99	6.66133814775093924254e-16
39	100	2.22044604925031308085e-16
40	41	1.37737043992558483296e-15
40	42	-7.36216643204556930868e-15
40	43	1.41553435639707458904e-15
40	44	8.19483370051443671400e-15
40	45	4.05231403988182137255e-15
40	46	1.38777878078144567553e-15
40	47	3.94129173741930571850e-15
40	48	2.43034758984350673927e-15
40	49	-1.65145674912992035388e-15
40	50	4.71844785465691529680e-16
40	51	-4.16333634234433702659e-17
40	52	1.62023172656233782618e-15
40	53	-1.38777878078144567553e-17
40	54	5.82867087928207183722e-16
40	55	-4.71844785465691529680e-16
40	56	2.28983498828938536462e-16
40	57	2.04697370165263237141e-16
40	58	3.95516952522712017526e-16
40	59	7.21644966006351751275e-16
40	60	6.66133814775093924254e-16
40	61	0.00000000000000000000e+00
40	62	1.24900090270330110798e-16
40	63	-5.96744875736021640478e-16
40	64	4.30211422042248159414e-16
40	65	4.85722573273505986435e-16
40	66	-2.77555756156289135106e-17
40	67	1.38777878078144567553e-16
40	68	-2.08166817117216851329e-16
40	69	-6.17561557447743325611e-16
40	70	2.11636264069170465518e-16
40	71	-2.98372437868010820239e-16
40	72	-2.63677968348474678351e-16
40	73	-3.88578058618804789148e-16
40	74	-4.30211422042248159414e-16
40	75	1.66533453693773481064e-16
40	76	4.99600361081320443191e-16
40	77	-1.73472347597680709441e-16
40	78	3.60822483003175875638e-16
40	79	3.88578058618804789148e-16
40	80	2.77555756156289135106e-16
40	81	3.05311331771918048616e-16
40	82	-1.38777878078144567553e-16
40	83	1.94289029309402394574e-16
40	84	-3.74700270810990332393e-16
40	85	2.22044604925031308085e-16
40	86	-3.88578058618804789148e-16
40	87	-1.66533453693773481064e-16
40	88	-6.93889390390722837765e-16
40	89	-6.59194920871186695877e-16
40	90	-1.66533453693773481064e-16
40	91	-3.88578058618804789148e-16
40	92	-2.22044604925031308085e-16
40	93	-2.77555756156289135106e-16
40	94	2.77555756156289135106e-17
40	95	-1.38777878078144567553e-16
40	96	-5.41233724504763813457e-16
40	97	-6.66133814775093924254e-16
40	98	0.00000000000000000000e+00
40	99	-8.88178419700125232339e-16
40	100	-1.22124532708767219447e-15
41	42	8.77076189453873666935e-15
41	43	1.12965192755609677988e-14
41	44	1.72986625024407203455e-14
41	45	4.13558076672870811308e-15
41	46	1.17267306976032159582e-15
41	47	4.01068067645837800228e-15
41	48	5.56499291093359715887e-15
41	49	2.44249065417534438893e-15
41	50	-9.22872889219661374227e-16
41	51	-4.23272528138340931037e-16
41	52	2.22044604925031308085e-15
41	53	1.80411241501587937819e-16
41	54	3.46944695195361418882e-16
41	55	-1.28369537222283724986e-16
41	56	1.20736753927985773771e-15
41	57	4.02455846426619245904e-16
41	58	1.38777878078144567553e-16
41	59	4.09394740330526474281e-16
41	60	1.36002320516581676202e-15
41	61	-1.38777878078144567553e-16
41	62	3.46944695195361418882e-16
41	63	3.60822483003175875638e-16
41	64	6.93889390390722837765e-17
41	65	9.36750677027475830982e-16
41	66	-6.17561557447743325611e-16
41	67	4.44089209850062616169e-16
41	68	-4.16333634234433702659e-16
41	69	-4.16333634234433702659e-17
41	70	1.11022302462515654042e-16
41	71	9.71445146547011972871e-17
41	72	-5.37764277552810199268e-16
41	73	-3.95516952522712017526e-16
41	74	5.55111512312578270212e-17
41	75	2.77555756156289135106e-16
41	76	1.94289029309402394574e-16
41	77	8.32667268468867405318e-17
41	78	8.95117313604032460717e-16
41	79	-3.12250225675825276994e-16
41	80	2.77555756156289135106e-17
41	81	-8.32667268468867405318e-17
41	82	3.05311331771918048616e-16
41	83	-2.22044604925031308085e-16
41	84	2.77555756156289135106e-16
41	85	4.37150315946155387792e-16
41	86	-8.32667268468867405318e-17
41	87	2.77555756156289135106e-16
41	88	4.44089209850062616169e-16
41	89	5.55111512312578270212e-17
41	90	-3.26128013483639733749e-16
41	91	-4.30211422042248159414e-16
41	92	-1.94289029309402394574e-16
41	93	-2.77555756156289135106e-16
41	94	-1.11022302462515654042e-16
41	95	5.55111512312578270212e-17
41	96	-1.80411241501587937819e-16
41	97	-4.44089209850062616169e-16
41	98	4.44089209850062616169e-16
41	99	4.44089209850062616169e-16
41	100	4.44089209850062616169e-16
42	43	2.44942954807925161731e-14
42	44	3.34732241924484696938e-14
42	45	1.15289722213418599495e-14
42	46	6.33521013426729950879e-15
42	47	5.44009282066326704808e-15
42	48	6.33521013426729950879e-15
42	49	4.49293380277993037453e-15
42	50	1.11022302462515654042e-15
42	51	1.22124532708767219447e-15
42	52	1.73472347597680709441e-15
42	53	-7.28583859910258979653e-16
42	54	2.63677968348474678351e-16
42	55	6.38378239159465010744e-16
42	56	1.04777297948999148502e-15
42	57	2.41473507855971547542e-15
42	58	1.33226762955018784851e-15
42	59	1.11022302462515654042e-15
42	60	1.09634523681734208367e-15
42	61	2.56739074444567449973e-16
42	62	4.99600361081320443191e-16
42	63	0.00000000000000000000e+00
42	64	3.74700270810990332393e-16
42	65	1.01307850997045534314e-15
42	66	6.93889390390722837765e-17
42	67	1.45716771982051795931e-15
42	68	1.04083408558608425665e-17
42	69	4.44089209850062616169e-16
42	70	5.55111512312578270212e-17
42	71	6.10622663543836097233e-16
42	72	-2.77555756156289135106e-17
42	73	-7.77156117237609578297e-16
42	74	-3.05311331771918048616e-16
42	75	1.31838984174237339175e-16
42	76	-7.77156117237609578297e-16
42	77	-8.88178419700125232339e-16
42	78	1.66533453693773481064e-16
42	79	9.71445146547011972871e-17
42	80	3.05311331771918048616e-16
42	81	2.15105711021124079707e-16
42	82	2.22044604925031308085e-16
42	83	3.88578058618804789148e-16
42	84	-8.32667268468867405318e-17
42	85	6.10622663543836097233e-16
42	86	2.22044604925031308085e-16
42	87	1.94289029309402394574e-16
42	88	0.00000000000000000000e+00
42	89	2.77555756156289135106e-16
42	90	-2.22044604925031308085e-16
42	91	-3.46944695195361418882e-17
42	92	-4.16333634234433702659e-16
42	93	-7.21644966006351751275e-16
42	94	-1.66533453693773481064e-16
42	95	-9.43689570931383059360e-16
42	96	-8.18789480661052948562e-16
42	97	-5.82867087928207183722e-16
42	98	3.33066907387546962127e-16
42	99	6.66133814775093924254e-16
42	100	4.44089209850062616169e-16
43	44	5.95946902937072309214e-14
43	45	1.98591143529824876168e-14
43	46	8.52096171399807644775e-15
43	47	-6.66133814775093924254e-16
43	48	5.90499871222505134938e-15
43	49	3.46944695195361418882e-15
43	50	2.15105711021124079707e-16
43	51	1.83186799063150829170e-15
43	52	3.06699110552699494292e-15
43	53	2.35922392732845764840e-16
43	54	-5.75928194024299955345e-16
43	55	-8.67361737988403547206e-17
43	56	-1.05471187339389871340e-15
43	57	1.97064586870965285925e-15
43	58	1.27675647831893002149e-15
43	59	1.90299165314655738257e-15
43	60	2.77555756156289135106e-17
43	61	-2.77555756156289135106e-16
43	62	1.38777878078144567553e-17
43	63	-1.01307850997045534314e-15
43	64	1.00613961606654811476e-15
43	65	8.53483950180589090451e-16
43	66	1.05471187339389871340e-15
43	67	1.11022302462515654042e-15
43	68	4.16333634234433702659e-17
43	69	2.77555756156289135106e-16
43	70	7.07767178198537294520e-16
43	71	5.55111512312578270212e-17
43	72	-1.66533453693773481064e-16
43	73	-1.05471187339389871340e-15
43	74	1.52655665885959024308e-16
43	75	2.63677968348474678351e-16
43	76	-4.99600361081320443191e-16
43	77	-2.63677968348474678351e-16
43	78	0.00000000000000000000e+00
43	79	-2.77555756156289135106e-16
43	80	-1.11022302462515654042e-16
43	81	-6.93889390390722837765e-17
43	82	4.40619762898109001981e-16
43	83	-3.33066907387546962127e-16
43	84	3.05311331771918048616e-16
43	85	3.33066907387546962127e-16
43	86	5.68989300120392726967e-16
43	87	-2.42861286636752993218e-16
43	88	2.77555756156289135106e-16
43	89	-4.99600361081320443191e-16
43	90	-6.10622663543836097233e-16
43	91	-9.99200722162640886381e-16
43	92	2.84494650060196363484e-16
43	93	-2.49800180540660221595e-16
43	94	-3.88578058618804789148e-16
43	95	2.22044604925031308085e-16
43	96	1.66533453693773481064e-16
43	97	-6.93889390390722837765e-17
43	98	-3.33066907387546962127e-16
43	99	4.44089209850062616169e-16
43	100	-1.33226762955018784851e-15
44	45	3.80251385934116115095e-14
44	46	2.05304523381855119624e-14
44	47	-4.94049245958194660489e-15
44	48	4.88498130835068877786e-15
44	49	5.35682609381638030754e-15
44	50	-1.81105130891978660657e-15
44	51	5.41233724504763813457e-16
44	52	1.47104550762833241606e-15
44	53	1.01307850997045534314e-15
44	54	1.66533453693773481064e-15
44	55	2.08166817117216851329e-16
44	56	-6.45317133063372239121e-16
44	57	3.60822483003175875638e-16
44	58	3.46944695195361418882e-16
44	59	1.34614541735800230526e-15
44	60	1.13797860024078545393e-15
44	61	-4.85722573273505986435e-17
44	62	1.69309011255336372415e-15
44	63	1.15185638804859991069e-15
44	64	3.05311331771918048616e-16
44	65	7.91033905045424035052e-16
44	66	1.17961196366422882420e-16
44	67	1.05818132034585232759e-15
44	68	2.77555756156289135106e-17
44	69	0.00000000000000000000e+00
44	70	1.08246744900952762691e-15
44	71	8.60422844084496318828e-16
44	72	7.00828284294630066142e-16
44	73	-7.68482499857725542824e-16
44	74	-5.13478148889134899946e-16
44	75	3.46944695195361418882e-16
44	76	-6.93889390390722837765e-16
44	77	-4.57966997657877072925e-16
44	78	5.37764277552810199268e-16
44	79	3.81639164714897560771e-16
44	80	2.77555756156289135106e-17
44	81	-1.66533453693773481064e-16
44	82	3.33066907387546962127e-16
44	83	-2.35922392732845764840e-16
44	84	-3.33066907387546962127e-16
44	85	8.04911692853238491807e-16
44	86	-2.22044604925031308085e-16
44	87	-1.38777878078144567553e-16
44	88	-1.66533453693773481064e-16
44	89	1.66533453693773481064e-16
44	90	2.49800180540660221595e-16
44	91	-4.16333634234433702659e-16
44	92	-5.55111512312578270212e-17
44	93	2.91433543964103591861e-16
44	94	4.99600361081320443191e-16
44	95	-5.55111512312578270212e-17
44	96	-1.66533453693773481064e-16
44	97	3.57353036051222261449e-16
44	98	-2.77555756156289135106e-16
44	99	-3.33066907387546962127e-16
44	100	3.33066907387546962127e-16
45	46	6.02295990859147423180e-14
45	47	-9.07607322631065471796e-15
45	48	2.01921812603700345790e-15
45	49	5.37070388162419476430e-15
45	50	-1.94289029309402394574e-16
45	51	-4.85722573273505986435e-16
45	52	1.43635103810879627417e-15
45	53	3.78863607153334669420e-15
45	54	4.44089209850062616169e-16
45	55	1.11716191852906376880e-15
45	56	-1.24900090270330110798e-15
45	57	-2.22044604925031308085e-16
45	58	3.19189119579732505372e-16
45	59	9.22872889219661374227e-16
45	60	8.32667268468867405318e-16
45	61	-1.29063426612674447824e-15
45	62	4.16333634234433702659e-16
45	63	3.60822483003175875638e-16
45	64	-8.32667268468867405318e-16
45	65	7.63278329429795121541e-16
45	66	1.08246744900952762691e-15
45	67	1.05471187339389871340e-15
45	68	-4.16333634234433702659e-17
45	69	-4.51028103753969844547e-16
45	70	-5.27355936696949356701e-16
45	71	-1.66533453693773481064e-16
45	72	5.55111512312578270212e-17
45	73	-1.12410081243297099718e-15
45	74	-1.94289029309402394574e-16
45	75	9.10729824887823724566e-16
45	76	-5.41233724504763813457e-16
45	77	-6.24500451351650553988e-16
45	78	-2.77555756156289135106e-17
45	79	-1.38777878078144567553e-16
45	80	-9.02056207507939689094e-17
45	81	-3.19189119579732505372e-16
45	82	4.71844785465691529680e-16
45	83	2.77555756156289135106e-16
45	84	2.35922392732845764840e-16
45	85	2.77555756156289135106e-16
45	86	6.38378239159465010744e-16
45	87	1.66533453693773481064e-16
45	88	-1.11022302462515654042e-16
45	89	4.75314232417645143869e-16
45	90	4.44089209850062616169e-16
45	91	6.10622663543836097233e-16
45	92	6.38378239159465010744e-16
45	93	-2.22044604925031308085e-16
45	94	1.66533453693773481064e-16
45	95	-8.32667268468867405318e-16
45	96	-6.10622663543836097233e-16
45	97	-6.38378239159465010744e-16
45	98	5.55111512312578270212e-17
45	99	2.22044604925031308085e-16
45	100	1.44328993201270350255e-15
46	47	2.00568728292438436256e-14
46	48	-7.13318293321663077222e-15
46	49	9.03443986288721134770e-15
46	50	4.69763117294519361167e-15
46	51	2.91433543964103591861e-16
46	52	-1.51267887105177578633e-15
46	53	2.92821322744885037537e-15
46	54	5.68989300120392726967e-16
46	55	2.60902410786911787000e-15
46	56	1.23512311489548665122e-15
46	57	1.39905448337529492164e-15
46	58	1.94289029309402394574e-16
46	59	3.16413562018169614021e-15
46	60	9.02056207507939689094e-16
46	61	-3.74700270810990332393e-16
46	62	2.77555756156289135106e-17
46	63	5.55111512312578270212e-17
46	64	4.57966997657877072925e-16
46	65	9.71445146547011972871e-16
46	66	6.80011602582908381009e-16
46	67	7.70217223333702349919e-16
46	68	1.16573417585641436744e-15
46	69	-6.24500451351650553988e-16
46	70	-1.80411241501587937819e-16
46	71	2.56739074444567449973e-16
46	72	-4.23272528138340931037e-16
46	73	-1.66533453693773481064e-15
46	74	-4.16333634234433702659e-16
46	75	-1.38777878078144567553e-16
46	76	-2.77555756156289135106e-16
46	77	-1.05471187339389871340e-15
46	78	3.74700270810990332393e-16
46	79	1.38777878078144567553e-16
46	80	-8.32667268468867405318e-17
46	81	-1.73472347597680709441e-16
46	82	9.71445146547011972871e-17
46	83	1.94289029309402394574e-16
46	84	3.88578058618804789148e-16
46	85	3.05311331771918048616e-16
46	86	-6.10622663543836097233e-16
46	87	-4.71844785465691529680e-16
46	88	-7.77156117237609578297e-16
46	89	-6.24500451351650553988e-16
46	90	-8.74300631892310775584e-16
46	91	-4.71844785465691529680e-16
46	92	-6.66133814775093924254e-16
46	93	3.05311331771918048616e-16
46	94	-6.66133814775093924254e-16
46	95	4.44089209850062616169e-16
46	96	1.11022302462515654042e-16
46	97	-1.11022302462515654042e-16
46	98	-2.22044604925031308085e-16
46	99	8.88178419700125232339e-16
46	100	8.88178419700125232339e-16
47	48	1.40165656858926013228e-14
47	49	8.63892291036449933017e-15
47	50	5.95357096955240194802e-15
47	51	2.74086309204335520917e-15
47	52	4.38538094726936833467e-15
47	53	3.05311331771918048616e-16
47	54	4.81559236931161649409e-15
47	55	4.97518692910148274677e-15
47	56	1.72778458207289986603e-15
47	57	2.19269047363468416734e-15
47	58	-9.71445146547011972871e-17
47	59	3.21964677141295396723e-15
47	60	1.44328993201270350255e-15
47	61	-3.19189119579732505372e-16
47	62	4.16333634234433702659e-16
47	63	6.93889390390722837765e-16
47	64	1.80411241501587937819e-16
47	65	1.33226762955018784851e-15
47	66	-4.16333634234433702659e-17
47	67	4.16333634234433702659e-16
47	68	8.04911692853238491807e-16
47	69	3.50414142147315033071e-16
47	70	-6.93889390390722837765e-17
47	71	9.71445146547011972871e-16
47	72	8.18789480661052948562e-16
47	73	-1.59594559789866252686e-16
47	74	3.88578058618804789148e-16
47	75	-3.74700270810990332393e-16
47	76	-5.27355936696949356701e-16
47	77	-6.80011602582908381009e-16
47	78	3.53883589099268647260e-16
47	79	1.94289029309402394574e-16
47	80	1.02695629777826979989e-15
47	81	2.77555756156289135106e-16
47	82	6.24500451351650553988e-16
47	83	1.80411241501587937819e-16
47	84	5.27355936696949356701e-16
47	85	1.11022302462515654042e-16
47	86	-3.88578058618804789148e-16
47	87	-1.87350135405495166196e-16
47	88	-2.77555756156289135106e-16
47	89	-1.94289029309402394574e-16
47	90	-2.35922392732845764840e-16
47	91	1.24900090270330110798e-16
47	92	-2.22044604925031308085e-16
47	93	-9.71445146547011972871e-16
47	94	-4.09394740330526474281e-16
47	95	-7.21644966006351751275e-16
47	96	1.66533453693773481064e-16
47	97	-6.10622663543836097233e-16
47	98	7.35522753814166208031e-16
47	99	8.88178419700125232339e-16
47	100	7.77156117237609578297e-16
48	49	2.94209101525666483212e-14
48	50	7.31359417471821871004e-15
48	51	-5.20417042793042128324e-15
48	52	5.20417042793042128324e-15
48	53	1.08246744900952762691e-15
48	54	1.29757316003065170662e-15
48	55	5.64825963778048389941e-15
48	56	2.92821322744885037537e-15
48	57	2.19269047363468416734e-15
48	58	9.85322934354826429626e-16
48	59	3.48332473976142864558e-15
48	60	1.77635683940025046468e-15
48	61	-1.04083408558608425665e-16
48	62	1.07552855510562039854e-15
48	63	2.49800180540660221595e-16
48	64	-9.43689570931383059360e-16
48	65	1.08246744900952762691e-15
48	66	5.82867087928207183722e-16
48	67	1.93595139919011671736e-15
48	68	2.49800180540660221595e-16
48	69	5.82867087928207183722e-16
48	70	-8.32667268468867405318e-17
48	71	3.63424568217141086279e-16
48	72	1.11022302462515654042e-16
48	73	-4.99600361081320443191e-16
48	74	4.02455846426619245904e-16
48	75	5.41233724504763813457e-16
48	76	-1.11022302462515654042e-16
48	77	-3.88578058618804789148e-16
48	78	5.82867087928207183722e-16
48	79	6.93889390390722837765e-17
48	80	2.98372437868010820239e-16
48	81	3.33066907387546962127e-16
48	82	5.55111512312578270212e-16
48	83	9.85322934354826429626e-16
48	84	1.19348975147204328096e-15
48	85	7.49400541621980664786e-16
48	86	4.44089209850062616169e-16
48	87	-5.55111512312578270212e-16
48	88	-1.11022302462515654042e-16
48	89	-9.15933995315754145849e-16
48	90	1.38777878078144567553e-16
48	91	1.66533453693773481064e-16
48	92	-5.55111512312578270212e-17
48	93	1.11022302462515654042e-16
48	94	-2.22044604925031308085e-16
48	95	-4.44089209850062616169e-16
48	96	1.11022302462515654042e-16
48	97	8.88178419700125232339e-16
48	98	8.60422844084496318828e-16
48	99	1.22124532708767219447e-15
48	100	1.11022302462515654042e-15
49	50	2.27248775352961729368e-14
49	51	-1.76247905159243600792e-14
49	52	-3.36536354339500576316e-15
49	53	3.72965547335013525299e-15
49	54	2.10942374678779742680e-15
49	55	6.16867668057352602773e-15
49	56	3.09474668114262385643e-15
49	57	9.71445146547011972871e-17
49	58	-8.88178419700125232339e-16
49	59	2.56739074444567449973e-15
49	60	2.21697660229835946666e-15
49	61	1.08246744900952762691e-15
49	62	4.44089209850062616169e-16
49	63	-1.34614541735800230526e-15
49	64	-8.95117313604032460717e-16
49	65	6.52256026967279467499e-16
49	66	-1.52655665885959024308e-16
49	67	1.41553435639707458904e-15
49	68	-1.45716771982051795931e-16
49	69	3.53883589099268647260e-16
49	70	5.55111512312578270212e-17
49	71	-2.08166817117216851329e-16
49	72	-1.38777878078144567553e-17
49	73	-1.20910226275583454481e-15
49	74	-1.38777878078144567553e-17
49	75	-1.11022302462515654042e-16
49	76	1.80411241501587937819e-16
49	77	1.59594559789866252686e-16
49	78	7.63278329429795121541e-16
49	79	6.66133814775093924254e-16
49	80	5.27355936696949356701e-16
49	81	-5.55111512312578270212e-16
49	82	2.63677968348474678351e-16
49	83	1.66533453693773481064e-16
49	84	-1.38777878078144567553e-17
49	85	3.08780778723871662805e-16
49	86	-2.22044604925031308085e-16
49	87	-6.10622663543836097233e-16
49	88	-4.02455846426619245904e-16
49	89	-5.55111512312578270212e-17
49	90	-1.11022302462515654042e-15
49	91	-9.99200722162640886381e-16
49	92	-1.01307850997045534314e-15
49	93	-4.44089209850062616169e-16
49	94	5.27355936696949356701e-16
49	95	4.64905891561784301302e-16
49	96	2.22044604925031308085e-16
49	97	-9.99200722162640886381e-16
49	98	4.71844785465691529680e-16
49	99	3.33066907387546962127e-16
49	100	-2.22044604925031308085e-16
50	51	-1.81313297709095877508e-14
50	52	-1.61329283265843059780e-14
50	53	7.03603841856192957493e-15
50	54	-2.77555756156289135106e-15
50	55	4.12864187282480088470e-15
50	56	2.10942374678779742680e-15
50	57	6.32827124036339228041e-15
50	58	-4.09394740330526474281e-16
50	59	3.85108611666851174959e-15
50	60	-1.11022302462515654042e-15
50	61	1.29063426612674447824e-15
50	62	1.45716771982051795931e-15
50	63	1.52655665885959024308e-16
50	64	6.66133814775093924254e-16
50	65	1.36002320516581676202e-15
50	66	-2.94902990916057206050e-17
50	67	-2.63677968348474678351e-16
50	68	1.09634523681734208367e-15
50	69	2.91433543964103591861e-16
50	70	-4.16333634234433702659e-17
50	71	7.14706072102444522898e-16
50	72	-3.33066907387546962127e-16
50	73	-5.68989300120392726967e-16
50	74	3.88578058618804789148e-16
50	75	-1.59594559789866252686e-16
50	76	-6.66133814775093924254e-16
50	77	-8.74300631892310775584e-16
50	78	3.33066907387546962127e-16
50	79	3.31332183911570155033e-16
50	80	-9.71445146547011972871e-17
50	81	2.49800180540660221595e-16
50	82	-3.05311331771918048616e-16
50	83	-2.22044604925031308085e-16
50	84	1.66533453693773481064e-16
50	85	-5.82867087928207183722e-16
50	86	1.80411241501587937819e-16
50	87	2.49800180540660221595e-16
50	88	8.32667268468867405318e-17
50	89	-7.35522753814166208031e-16
50	90	-5.82867087928207183722e-16
50	91	-3.33066907387546962127e-16
50	92	3.05311331771918048616e-16
50	93	-3.33066907387546962127e-16
50	94	4.44089209850062616169e-16
50	95	-4.16333634234433702659e-16
50	96	2.22044604925031308085e-16
50	97	2.77555756156289135106e-16
50	98	-3.33066907387546962127e-16
50	99	3.33066907387546962127e-16
50	100	0.00000000000000000000e+00
51	52	-3.41116024316079347045e-14
51	53	1.98903393755500701445e-14
51	54	-2.92821322744885037537e-15
51	55	2.27595720048157090787e-15
51	56	1.66533453693773481064e-15
51	57	9.65200142033495467331e-15
51	58	-3.33066907387546962127e-16
51	59	4.60742555219439964276e-15
51	60	-1.25593979660720833635e-15
51	61	6.10622663543836097233e-16
51	62	1.62370117351429144037e-15
51	63	1.28369537222283724986e-15
51	64	9.88792381306780043815e-16
51	65	2.19962936753859139571e-15
51	66	5.13478148889134899946e-16
51	67	-8.18789480661052948562e-16
51	68	1.29757316003065170662e-15
51	69	-5.55111512312578270212e-17
51	70	-4.71844785465691529680e-16
51	71	9.85322934354826429626e-16
51	72	7.14706072102444522898e-16
51	73	-5.06539254985227671568e-16
51	74	5.96744875736021640478e-16
51	75	3.05311331771918048616e-16
51	76	-1.38777878078144567553e-16
51	77	-2.63677968348474678351e-16
51	78	3.74700270810990332393e-16
51	79	4.30211422042248159414e-16
51	80	-3.81639164714897560771e-16
51	81	4.02455846426619245904e-16
51	82	5.82867087928207183722e-16
51	83	5.55111512312578270212e-17
51	84	9.78384040450919201248e-16
51	85	3.60822483003175875638e-16
51	86	-8.04911692853238491807e-16
51	87	-1.15185638804859991069e-15
51	88	-3.88578058618804789148e-16
51	89	-3.88578058618804789148e-16
51	90	-6.93889390390722837765e-17
51	91	-1.11022302462515654042e-15
51	92	-1.08246744900952762691e-15
51	93	-1.01307850997045534314e-15
51	94	-1.11022302462515654042e-16
51	95	1.94289029309402394574e-16
51	96	1.38777878078144567553e-16
51	97	4.44089209850062616169e-16
51	98	8.88178419700125232339e-16
51	99	8.88178419700125232339e-16
51	100	5.55111512312578270212e-16
52	53	3.20160564726279517345e-14
52	54	1.32671651442706206581e-14
52	55	8.78463968234655112610e-15
52	56	3.16413562018169614021e-15
52	57	1.39888101102769724093e-14
52	58	5.12090370108353454270e-15
52	59	7.66747776381748735730e-15
52	60	2.01227923213309622952e-15
52	61	2.16493489801905525383e-15
52	62	1.98452365651746731601e-15
52	63	2.53963516883004558622e-15
52	64	7.77156117237609578297e-16
52	65	3.38618022510672744829e-15
52	66	6.35776153945499800102e-16
52	67	-3.33066907387546962127e-16
52	68	1.26287869051111556473e-15
52	69	8.04911692853238491807e-16
52	70	-4.09394740330526474281e-16
52	71	9.78384040450919201248e-16
52	72	4.16333634234433702659e-16
52	73	-2.22044604925031308085e-16
52	74	1.36696209906972399040e-15
52	75	1.15185638804859991069e-15
52	76	-3.33066907387546962127e-16
52	77	-4.44089209850062616169e-16
52	78	-2.56739074444567449973e-16
52	79	2.35922392732845764840e-16
52	80	2.49800180540660221595e-16
52	81	9.99200722162640886381e-16
52	82	3.33066907387546962127e-16
52	83	8.04911692853238491807e-16
52	84	6.10622663543836097233e-16
52	85	2.91433543964103591861e-16
52	86	1.02695629777826979989e-15
52	87	4.57966997657877072925e-16
52	88	6.93889390390722837765e-16
52	89	-1.22124532708767219447e-15
52	90	-7.49400541621980664786e-16
52	91	-2.22044604925031308085e-16
52	92	-2.77555756156289135106e-16
52	93	-8.88178419700125232339e-16
52	94	-8.32667268468867405318e-16
52	95	-1.33226762955018784851e-15
52	96	-5.96744875736021640478e-16
52	97	1.11022302462515654042e-16
52	98	4.44089209850062616169e-16
52	99	1.66533453693773481064e-16
52	100	6.66133814775093924254e-16
53	54	4.92418605890776461820e-14
53	55	2.88866153219657917361e-14
53	56	3.67761376907083104015e-15
53	57	1.04777297948999148502e-14
53	58	9.90874049477952212328e-15
53	59	6.85562717706034163712e-15
53	60	5.12090370108353454270e-15
53	61	2.59167687310934979905e-15
53	62	9.43689570931383059360e-16
53	63	4.01068067645837800228e-15
53	64	-1.07032438467768997725e-15
53	65	2.88657986402540700510e-15
53	66	2.24820162486594199436e-15
53	67	4.16333634234433702659e-16
53	68	1.47104550762833241606e-15
53	69	4.99600361081320443191e-16
53	70	3.05311331771918048616e-16
53	71	1.33226762955018784851e-15
53	72	9.71445146547011972871e-17
53	73	-5.96744875736021640478e-16
53	74	5.96744875736021640478e-16
53	75	3.60822483003175875638e-16
53	76	-3.59087759527199068543e-16
53	77	-3.05311331771918048616e-16
53	78	-5.96744875736021640478e-16
53	79	4.78783679369598758058e-16
53	80	2.01227923213309622952e-16
53	81	-4.99600361081320443191e-16
53	82	4.16333634234433702659e-17
53	83	2.91433543964103591861e-16
53	84	9.15933995315754145849e-16
53	85	8.32667268468867405318e-16
53	86	6.93889390390722837765e-17
53	87	-7.21644966006351751275e-16
53	88	6.93889390390722837765e-17
53	89	0.00000000000000000000e+00
53	90	-2.22044604925031308085e-16
53	91	3.46944695195361418882e-17
53	92	-8.88178419700125232339e-16
53	93	-2.22044604925031308085e-16
53	94	1.38777878078144567553e-16
53	95	-3.88578058618804789148e-16
53	96	-4.30211422042248159414e-16
53	97	-4.44089209850062616169e-16
53	98	0.00000000000000000000e+00
53	99	4.99600361081320443191e-16
53	100	-1.55431223447521915659e-15
54	55	4.25770529943747533252e-14
54	56	1.60080282363139758672e-14
54	57	2.12399542398600260640e-14
54	58	9.68669588985449081520e-15
54	59	1.47902523561782572870e-14
54	60	7.02216063075411511818e-15
54	61	3.10862446895043831319e-15
54	62	2.58126853225348895648e-15
54	63	3.06005221162308771454e-15
54	64	1.11022302462515654042e-16
54	65	3.38618022510672744829e-15
54	66	8.77770078844264389772e-16
54	67	1.66533453693773481064e-15
54	68	1.33226762955018784851e-15
54	69	1.09634523681734208367e-15
54	70	8.60422844084496318828e-16
54	71	2.15105711021124079707e-15
54	72	1.11022302462515654042e-15
54	73	-1.01307850997045534314e-15
54	74	1.59594559789866252686e-16
54	75	1.54043444666740469984e-15
54	76	1.02695629777826979989e-15
54	77	2.08166817117216851329e-16
54	78	5.41233724504763813457e-16
54	79	4.71844785465691529680e-16
54	80	1.47104550762833241606e-15
54	81	9.99200722162640886381e-16
54	82	6.10622663543836097233e-16
54	83	-5.55111512312578270212e-17
54	84	-2.77555756156289135106e-16
54	85	4.99600361081320443191e-16
54	86	8.18789480661052948562e-16
54	87	2.77555756156289135106e-16
54	88	2.49800180540660221595e-16
54	89	-7.42461647718073436408e-16
54	90	-1.94289029309402394574e-16
54	91	-6.10622663543836097233e-16
54	92	-8.32667268468867405318e-17
54	93	-6.10622663543836097233e-16
54	94	-5.13478148889134899946e-16
54	95	3.88578058618804789148e-16
54	96	-8.32667268468867405318e-17
54	97	6.10622663543836097233e-16
54	98	3.33066907387546962127e-16
54	99	-3.33066907387546962127e-16
54	100	1.33226762955018784851e-15
55	56	1.53210777398271602578e-14
55	57	2.47996068125644342217e-14
55	58	1.16504028646602364461e-14
55	59	1.74443792744227721414e-14
55	60	5.41233724504763813457e-15
55	61	1.60288449180256975524e-15
55	62	2.82412981889024194970e-15
55	63	3.45556916414579973207e-15
55	64	5.89805981832114412100e-16
55	65	2.32799890476087512070e-15
55	66	-3.33066907387546962127e-16
55	67	2.56739074444567449973e-15
55	68	1.59247615094670891267e-15
55	69	7.07767178198537294520e-16
55	70	1.62370117351429144037e-15
55	71	2.77555756156289135106e-16
55	72	9.54097911787243901927e-16
55	73	8.32667268468867405318e-17
55	74	0.00000000000000000000e+00
55	75	1.33226762955018784851e-15
55	76	3.19189119579732505372e-16
55	77	-1.41553435639707458904e-15
55	78	1.38777878078144567553e-17
55	79	-3.70363462121048314657e-16
55	80	1.38777878078144567553e-16
55	81	-4.16333634234433702659e-16
55	82	-5.20417042793042128324e-17
55	83	-2.77555756156289135106e-17
55	84	-4.44089209850062616169e-16
55	85	2.49800180540660221595e-16
55	86	1.94289029309402394574e-16
55	87	-9.02056207507939689094e-17
55	88	6.66133814775093924254e-16
55	89	-5.55111512312578270212e-16
55	90	-6.73072708679001152632e-16
55	91	-1.38777878078144567553e-16
55	92	-6.45317133063372239121e-16
55	93	-3.05311331771918048616e-16
55	94	-4.71844785465691529680e-16
55	95	-1.22124532708767219447e-15
55	96	-9.43689570931383059360e-16
55	97	2.77555756156289135106e-16
55	98	5.55111512312578270212e-16
55	99	-1.38777878078144567553e-17
55	100	-6.66133814775093924254e-16
56	57	5.10928105379448993517e-14
56	58	3.09613445992340530211e-14
56	59	2.80192535839773881889e-14
56	60	7.32573723905005635970e-15
56	61	9.29811783123568602605e-16
56	62	2.51187959321441667271e-15
56	63	4.84161322145126860050e-15
56	64	1.09634523681734208367e-15
56	65	4.16333634234433702659e-15
56	66	-3.19189119579732505372e-16
56	67	3.40699690681844913343e-15
56	68	7.35522753814166208031e-16
56	69	8.88178419700125232339e-16
56	70	3.74700270810990332393e-16
56	71	1.38083988687753844715e-15
56	72	1.16573417585641436744e-15
56	73	2.63677968348474678351e-16
56	74	4.56232274181900265830e-16
56	75	1.31838984174237339175e-15
56	76	2.08166817117216851329e-16
56	77	-2.77555756156289135106e-17
56	78	-9.15933995315754145849e-16
56	79	-1.38777878078144567553e-17
56	80	1.14838694109664629650e-15
56	81	2.77555756156289135106e-17
56	82	8.46545056276681862073e-16
56	83	7.40726924242096629314e-16
56	84	5.27355936696949356701e-16
56	85	1.38777878078144567553e-15
56	86	1.80411241501587937819e-16
56	87	1.66533453693773481064e-16
56	88	3.19189119579732505372e-16
56	89	-1.38777878078144567553e-16
56	90	-8.74300631892310775584e-16
56	91	-4.71844785465691529680e-16
56	92	0.00000000000000000000e+00
56	93	-6.38378239159465010744e-16
56	94	0.00000000000000000000e+00
56	95	-1.52655665885959024308e-16
56	96	-7.21644966006351751275e-16
56	97	2.08166817117216851329e-16
56	98	-1.11022302462515654042e-15
56	99	4.85722573273505986435e-16
56	100	1.11022302462515654042e-15
57	58	3.30707683460218504479e-14
57	59	5.19063958481780218790e-14
57	60	1.70141678523805239820e-14
57	61	-1.56125112837912638497e-15
57	62	3.22658566531686119561e-16
57	63	6.27276008913213445339e-15
57	64	7.21644966006351751275e-16
57	65	2.44249065417534438893e-15
57	66	-4.51028103753969844547e-16
57	67	1.52655665885959024308e-15
57	68	6.73072708679001152632e-16
57	69	5.58580959264531884401e-16
57	70	3.05311331771918048616e-16
57	71	1.02695629777826979989e-15
57	72	4.12864187282480088470e-16
57	73	-6.03683769639928868855e-16
57	74	0.00000000000000000000e+00
57	75	5.27355936696949356701e-16
57	76	3.12250225675825276994e-16
57	77	-1.24900090270330110798e-16
57	78	-1.08246744900952762691e-15
57	79	-8.53483950180589090451e-16
57	80	4.85722573273505986435e-16
57	81	4.71844785465691529680e-16
57	82	6.10622663543836097233e-16
57	83	2.22044604925031308085e-16
57	84	2.49800180540660221595e-16
57	85	-1.38777878078144567553e-16
57	86	-4.57966997657877072925e-16
57	87	-7.21644966006351751275e-16
57	88	-8.32667268468867405318e-16
57	89	-1.24900090270330110798e-16
57	90	-2.77555756156289135106e-17
57	91	-3.22658566531686119561e-16
57	92	-3.88578058618804789148e-16
57	93	-5.68989300120392726967e-16
57	94	-1.66533453693773481064e-16
57	95	-6.38378239159465010744e-16
57	96	-6.66133814775093924254e-16
57	97	-7.49400541621980664786e-16
57	98	-1.11022302462515654042e-16
57	99	-3.05311331771918048616e-16
57	100	-7.77156117237609578297e-16
58	59	1.27481358802583599754e-13
58	60	4.90857354762397335435e-14
58	61	9.81853487402872815437e-15
58	62	2.47024622979097330244e-15
58	63	9.32587340685131493956e-15
58	64	8.11850586757145720185e-16
58	65	3.67761376907083104015e-15
58	66	6.52256026967279467499e-16
58	67	3.10168557504653108481e-15
58	68	2.94902990916057206050e-15
58	69	1.01307850997045534314e-15
58	70	1.62370117351429144037e-15
58	71	2.27248775352961729368e-15
58	72	1.02695629777826979989e-15
58	73	7.21644966006351751275e-16
58	74	1.56125112837912638497e-16
58	75	2.22044604925031308085e-15
58	76	1.45716771982051795931e-15
58	77	3.14852310889790487636e-16
58	78	-2.49800180540660221595e-16
58	79	-1.38777878078144567553e-17
58	80	6.59194920871186695877e-16
58	81	-9.71445146547011972871e-17
58	82	2.63677968348474678351e-16
58	83	1.05471187339389871340e-15
58	84	-1.94289029309402394574e-16
58	85	3.05311331771918048616e-16
58	86	1.16573417585641436744e-15
58	87	6.24500451351650553988e-16
58	88	3.05311331771918048616e-16
58	89	-7.07767178198537294520e-16
58	90	6.93889390390722837765e-16
58	91	8.32667268468867405318e-17
58	92	5.55111512312578270212e-17
58	93	-3.88578058618804789148e-16
58	94	5.55111512312578270212e-16
58	95	-3.33066907387546962127e-16
58	96	3.88578058618804789148e-16
58	97	8.60422844084496318828e-16
58	98	8.32667268468867405318e-16
58	99	-1.66533453693773481064e-16
58	100	-1.88737914186276611872e-15
59	60	1.62141133852600205500e-13
59	61	3.95378174644633872958e-14
59	62	1.19348975147204328096e-15
59	63	7.68829444552920904243e-15
59	64	4.35762537165373942116e-15
59	65	3.24046345312467565236e-15
59	66	-1.07205910815366678435e-15
59	67	4.12170297892089365632e-15
59	68	2.87270207621759254835e-15
59	69	1.59074142747073210558e-15
59	70	1.81799020282369383494e-15
59	71	2.37310171513627210516e-15
59	72	2.53269627492613835784e-15
59	73	-8.25728374564960176940e-16
59	74	-9.57567358739197516115e-16
59	75	1.15185638804859991069e-15
59	76	1.15185638804859991069e-15
59	77	1.02695629777826979989e-15
59	78	-5.20417042793042128324e-16
59	79	-2.91433543964103591861e-16
59	80	8.32667268468867405318e-17
59	81	1.17614251671227521001e-15
59	82	8.32667268468867405318e-17
59	83	-1.08246744900952762691e-15
59	84	2.49800180540660221595e-16
59	85	9.15933995315754145849e-16
59	86	3.60822483003175875638e-16
59	87	-1.13797860024078545393e-15
59	88	-3.46944695195361418882e-17
59	89	0.00000000000000000000e+00
59	90	-1.17961196366422882420e-16
59	91	-1.05471187339389871340e-15
59	92	-7.63278329429795121541e-16
59	93	-9.43689570931383059360e-16
59	94	-4.16333634234433702659e-17
59	95	-5.55111512312578270212e-17
59	96	4.99600361081320443191e-16
59	97	-9.99200722162640886381e-16
59	98	-1.22124532708767219447e-15
59	99	-4.44089209850062616169e-16
59	100	8.88178419700125232339e-16
60	61	1.06539777000591584510e-13
60	62	8.51402282009416921937e-15
60	63	-5.98132654516803086153e-15
60	64	-3.12250225675825276994e-17
60	65	1.99840144432528177276e-15
60	66	-2.85882428840977809159e-15
60	67	2.08166817117216851329e-15
60	68	1.75554015768852877954e-15
60	69	8.32667268468867405318e-16
60	70	-9.02056207507939689094e-16
60	71	2.99066327258401543077e-15
60	72	5.27355936696949356701e-16
60	73	-6.93889390390722837765e-17
60	74	-6.69603261727047538443e-16
60	75	7.91033905045424035052e-16
60	76	-4.30211422042248159414e-16
60	77	4.77048955893621950963e-16
60	78	8.32667268468867405318e-17
60	79	1.52655665885959024308e-16
60	80	1.24900090270330110798e-16
60	81	-1.05471187339389871340e-15
60	82	-3.68628738645071507563e-16
60	83	-1.66533453693773481064e-16
60	84	5.55111512312578270212e-17
60	85	2.49800180540660221595e-16
60	86	3.88578058618804789148e-16
60	87	-3.88578058618804789148e-16
60	88	-4.44089209850062616169e-16
60	89	5.55111512312578270212e-17
60	90	-7.77156117237609578297e-16
60	91	-5.55111512312578270212e-16
60	92	-2.49800180540660221595e-16
60	93	-1.41553435639707458904e-15
60	94	-4.44089209850062616169e-16
60	95	-5.55111512312578270212e-16
60	96	1.12757025938492461137e-17
60	97	6.66133814775093924254e-16
60	98	3.33066907387546962127e-16
60	99	-2.77555756156289135106e-16
60	100	2.22044604925031308085e-16
61	62	2.18852713729233983031e-14
61	63	-1.87592996692131919190e-14
61	64	-1.73888681231915143144e-14
61	65	8.74300631892310775584e-16
61	66	-3.06699110552699494292e-15
61	67	-1.90125692967058057548e-15
61	68	8.74300631892310775584e-16
61	69	-2.30371277609719982138e-15
61	70	6.52256026967279467499e-16
61	71	3.16413562018169614021e-15
61	72	2.98372437868010820239e-16
61	73	-3.15719672627778891183e-16
61	74	-2.02615701994091068627e-15
61	75	5.13478148889134899946e-16
61	76	7.49400541621980664786e-16
61	77	-3.88578058618804789148e-16
61	78	-5.55111512312578270212e-17
61	79	-4.30211422042248159414e-16
61	80	-4.57966997657877072925e-16
61	81	-6.73072708679001152632e-16
61	82	-1.38777878078144567553e-17
61	83	-5.41233724504763813457e-16
61	84	-2.77555756156289135106e-17
61	85	2.98372437868010820239e-16
61	86	-1.11022302462515654042e-16
61	87	2.63677968348474678351e-16
61	88	-1.27675647831893002149e-15
61	89	-9.78384040450919201248e-16
61	90	-4.71844785465691529680e-16
61	91	-5.23886489744995742512e-16
61	92	-7.77156117237609578297e-16
61	93	-6.10622663543836097233e-16
61	94	-3.88578058618804789148e-16
61	95	-5.82867087928207183722e-16
61	96	-5.27355936696949356701e-16
61	97	-1.66533453693773481064e-16
61	98	1.11022302462515654042e-15
61	99	4.99600361081320443191e-16
61	100	-1.22124532708767219447e-15
62	63	-3.52634588196565346152e-14
62	64	-2.37934671964978861070e-14
62	65	-6.43929354282590793446e-15
62	66	-3.99680288865056354553e-15
62	67	-2.74780198594726243755e-15
62	68	3.74700270810990332393e-16
62	69	-3.45556916414579973207e-15
62	70	-1.41553435639707458904e-15
62	71	2.10248485288389019843e-15
62	72	2.25514051876984922274e-15
62	73	-2.42861286636752993218e-15
62	74	-2.37310171513627210516e-15
62	75	1.08246744900952762691e-15
62	76	-4.16333634234433702659e-17
62	77	7.80625564189563192485e-17
62	78	-1.94289029309402394574e-16
62	79	-9.71445146547011972871e-16
62	80	-2.22044604925031308085e-16
62	81	-9.71445146547011972871e-16
62	82	-3.19189119579732505372e-16
62	83	6.66133814775093924254e-16
62	84	1.52655665885959024308e-16
62	85	-4.16333634234433702659e-16
62	86	3.50414142147315033071e-16
62	87	-5.82867087928207183722e-16
62	88	-4.51028103753969844547e-16
62	89	3.88578058618804789148e-16
62	90	-7.49400541621980664786e-16
62	91	-7.77156117237609578297e-16
62	92	6.38378239159465010744e-16
62	93	-5.55111512312578270212e-16
62	94	-2.22044604925031308085e-16
62	95	-2.91433543964103591861e-16
62	96	-2.22044604925031308085e-16
62	97	2.22044604925031308085e-16
62	98	-5.13478148889134899946e-16
62	99	6.66133814775093924254e-16
62	100	2.44249065417534438893e-15
63	64	7.98146271296928944139e-15
63	65	5.47478729018280318996e-15
63	66	-1.45716771982051795931e-16
63	67	5.20417042793042128324e-16
63	68	2.08166817117216851329e-16
63	69	-2.69229083471600461053e-15
63	70	1.02001740387436257151e-15
63	71	3.73312492030208886717e-15
63	72	1.54043444666740469984e-15
63	73	-1.41206490944512097485e-15
63	74	-1.84574577843932274845e-15
63	75	2.17881268582686971058e-15
63	76	4.44089209850062616169e-16
63	77	-8.32667268468867405318e-17
63	78	0.00000000000000000000e+00
63	79	-1.13797860024078545393e-15
63	80	-5.27355936696949356701e-16
63	81	-7.07767178198537294520e-16
63	82	-6.80011602582908381009e-16
63	83	-2.63677968348474678351e-16
63	84	3.05311331771918048616e-16
63	85	2.84494650060196363484e-16
63	86	3.33066907387546962127e-16
63	87	1.94289029309402394574e-16
63	88	3.05311331771918048616e-16
63	89	8.32667268468867405318e-17
63	90	-2.77555756156289135106e-16
63	91	-1.27675647831893002149e-15
63	92	-1.37390099297363121877e-15
63	93	-7.21644966006351751275e-16
63	94	-1.05471187339389871340e-15
63	95	-1.19348975147204328096e-15
63	96	-4.44089209850062616169e-16
63	97	-5.55111512312578270212e-16
63	98	-3.88578058618804789148e-16
63	99	3.33066907387546962127e-16
63	100	8.88178419700125232339e-16
64	65	5.94732596503888544248e-14
64	66	-3.20923843055709312466e-15
64	67	5.37070388162419476430e-15
64	68	3.62210261783957321313e-15
64	69	-5.43662337371131343389e-15
64	70	3.26128013483639733749e-15
64	71	4.34374758384592496441e-15
64	72	3.15893144975376571892e-15
64	73	-1.42941214420488904580e-15
64	74	-1.16573417585641436744e-15
64	75	3.08780778723871662805e-15
64	76	1.80411241501587937819e-16
64	77	3.12250225675825276994e-17
64	78	-8.32667268468867405318e-17
64	79	-2.28983498828938536462e-16
64	80	4.16333634234433702659e-17
64	81	9.71445146547011972871e-17
64	82	8.32667268468867405318e-17
64	83	-7.21644966006351751275e-16
64	84	-1.38777878078144567553e-17
64	85	9.71445146547011972871e-17
64	86	4.44089209850062616169e-16
64	87	-6.93889390390722837765e-16
64	88	4.71844785465691529680e-16
64	89	-3.88578058618804789148e-16
64	90	-1.05471187339389871340e-15
64	91	-8.60422844084496318828e-16
64	92	-6.93889390390722837765e-16
64	93	-8.88178419700125232339e-16
64	94	4.44089209850062616169e-16
64	95	2.77555756156289135106e-16
64	96	-4.99600361081320443191e-16
64	97	1.52655665885959024308e-16
64	98	1.11022302462515654042e-15
64	99	4.44089209850062616169e-16
64	100	-1.55431223447521915659e-15
65	66	-7.61196661258622953028e-15
65	67	-1.08246744900952762691e-14
65	68	-2.12156681111963507647e-15
65	69	-1.35724764760425387067e-14
65	70	-2.65065747129256124026e-15
65	71	9.15933995315754145849e-16
65	72	2.94209101525666483212e-15
65	73	-4.36456426555764664954e-15
65	74	-3.33760796777937684965e-15
65	75	3.46944695195361418882e-16
65	76	1.21430643318376496609e-16
65	77	-1.52655665885959024308e-15
65	78	-9.78384040450919201248e-16
65	79	-4.71844785465691529680e-16
65	80	-1.11022302462515654042e-16
65	81	-8.32667268468867405318e-17
65	82	-6.66133814775093924254e-16
65	83	1.80411241501587937819e-16
65	84	3.60822483003175875638e-16
65	85	-3.05311331771918048616e-16
65	86	8.74300631892310775584e-16
65	87	8.32667268468867405318e-17
65	88	4.30211422042248159414e-16
65	89	6.10622663543836097233e-16
65	90	-4.99600361081320443191e-16
65	91	-9.43689570931383059360e-16
65	92	-1.11022302462515654042e-16
65	93	-2.77555756156289135106e-17
65	94	-4.71844785465691529680e-16
65	95	-1.05471187339389871340e-15
65	96	4.44089209850062616169e-16
65	97	-4.85722573273505986435e-16
65	98	-2.77555756156289135106e-16
65	99	-1.11022302462515654042e-15
65	100	-4.44089209850062616169e-16
66	67	9.36750677027475830982e-16
66	68	-2.73392419813944798079e-14
66	69	-4.60742555219439964276e-15
66	70	-3.11209391590239192737e-15
66	71	4.02455846426619245904e-16
66	72	5.05845365594836948731e-15
66	73	-1.31838984174237339175e-15
66	74	-3.35842464949109853478e-15
66	75	-6.93889390390722837765e-17
66	76	2.49800180540660221595e-16
66	77	1.66533453693773481064e-16
66	78	-7.21644966006351751275e-16
66	79	-1.55431223447521915659e-15
66	80	-1.52655665885959024308e-16
66	81	2.77555756156289135106e-17
66	82	-4.85722573273505986435e-16
66	83	-2.77555756156289135106e-16
66	84	-1.38777878078144567553e-16
66	85	6.17561557447743325611e-16
66	86	2.49800180540660221595e-16
66	87	-3.40005801291454190505e-16
66	88	1.11022302462515654042e-16
66	89	-3.19189119579732505372e-16
66	90	-1.04083408558608425665e-15
66	91	-5.55111512312578270212e-16
66	92	-6.10622663543836097233e-16
66	93	-1.19348975147204328096e-15
66	94	-2.77555756156289135106e-16
66	95	5.55111512312578270212e-17
66	96	6.93889390390722837765e-17
66	97	2.22044604925031308085e-16
66	98	-1.66533453693773481064e-16
66	99	-7.77156117237609578297e-16
66	100	7.77156117237609578297e-16
67	68	5.74540415243518509669e-15
67	69	-5.92581539393677303451e-15
67	70	-3.31679128606765516452e-15
67	71	2.78249645546679857944e-15
67	72	3.89271948009195511986e-15
67	73	3.19189119579732505372e-16
67	74	-5.09661757241985924338e-15
67	75	7.49400541621980664786e-16
67	76	-8.32667268468867405318e-16
67	77	4.99600361081320443191e-16
67	78	-2.49800180540660221595e-16
67	79	-5.82867087928207183722e-16
67	80	-4.02455846426619245904e-16
67	81	-8.32667268468867405318e-17
67	82	-3.60822483003175875638e-16
67	83	2.22044604925031308085e-16
67	84	-2.35922392732845764840e-16
67	85	-2.49800180540660221595e-16
67	86	1.94289029309402394574e-16
67	87	-5.27355936696949356701e-16
67	88	-1.80411241501587937819e-16
67	89	-6.10622663543836097233e-16
67	90	-1.38777878078144567553e-15
67	91	-1.38777878078144567553e-15
67	92	-5.68989300120392726967e-16
67	93	-5.55111512312578270212e-17
67	94	-2.22044604925031308085e-16
67	95	-4.16333634234433702659e-17
67	96	-5.27355936696949356701e-16
67	97	-3.88578058618804789148e-16
67	98	-4.99600361081320443191e-16
67	99	1.11022302462515654042e-16
67	100	-2.22044604925031308085e-16
68	69	-3.68038932663239393150e-14
68	70	-2.28810026481340855753e-14
68	71	2.13717932240342634032e-15
68	72	2.48412401759878775920e-15
68	73	-3.46944695195361418882e-17
68	74	-4.32986979603811050765e-15
68	75	-1.01307850997045534314e-15
68	76	-1.33226762955018784851e-15
68	77	6.38378239159465010744e-16
68	78	1.87350135405495166196e-16
68	79	-2.70616862252381906728e-15
68	80	7.63278329429795121541e-16
68	81	-6.38378239159465010744e-16
68	82	-8.32667268468867405318e-17
68	83	-5.34294830600856585079e-16
68	84	-1.36002320516581676202e-15
68	85	2.84494650060196363484e-16
68	86	-1.22124532708767219447e-15
68	87	-1.20736753927985773771e-15
68	88	-9.57567358739197516115e-16
68	89	-3.88578058618804789148e-16
68	90	-1.37390099297363121877e-15
68	91	-1.55431223447521915659e-15
68	92	-7.77156117237609578297e-16
68	93	-1.38777878078144567553e-15
68	94	-1.42941214420488904580e-15
68	95	-2.12330153459561188356e-15
68	96	-1.11022302462515654042e-15
68	97	-3.88578058618804789148e-16
68	98	3.88578058618804789148e-16
68	99	1.11022302462515654042e-16
68	100	1.11022302462515654042e-16
69	70	-6.91807722219550669251e-15
69	71	-2.09277040141842007870e-14
69	72	4.96477858824562190421e-15
69	73	1.41553435639707458904e-15
69	74	-6.00908212078365977504e-15
69	75	-6.86950496486815609387e-16
69	76	-4.71844785465691529680e-16
69	77	1.49186218934005410119e-15
69	78	6.93889390390722837765e-17
69	79	5.96744875736021640478e-16
69	80	1.66533453693773481064e-16
69	81	1.38777878078144567553e-16
69	82	-7.49400541621980664786e-16
69	83	6.10622663543836097233e-16
69	84	2.42861286636752993218e-16
69	85	-7.77156117237609578297e-16
69	86	5.13478148889134899946e-16
69	87	-2.22044604925031308085e-16
69	88	7.21644966006351751275e-16
69	89	1.38777878078144567553e-16
69	90	-3.60822483003175875638e-16
69	91	-7.77156117237609578297e-16
69	92	-5.55111512312578270212e-16
69	93	3.60822483003175875638e-16
69	94	-1.31838984174237339175e-15
69	95	-6.93889390390722837765e-16
69	96	-1.05471187339389871340e-15
69	97	-4.44089209850062616169e-16
69	98	6.10622663543836097233e-16
69	99	1.33226762955018784851e-15
69	100	1.60982338570647698361e-15
70	71	-5.62223878564083179299e-14
70	72	1.05193631583233582205e-14
70	73	2.01227923213309622952e-15
70	74	-4.43395320459671893332e-15
70	75	1.81799020282369383494e-15
70	76	-2.94209101525666483212e-15
70	77	2.30371277609719982138e-15
70	78	1.22124532708767219447e-15
70	79	-2.33146835171282873489e-15
70	80	9.15933995315754145849e-16
70	81	2.91433543964103591861e-16
70	82	-2.77555756156289135106e-16
70	83	-8.32667268468867405318e-17
70	84	2.77555756156289135106e-16
70	85	8.74300631892310775584e-16
70	86	-9.29811783123568602605e-16
70	87	-2.22044604925031308085e-16
70	88	-1.11022302462515654042e-15
70	89	-4.02455846426619245904e-16
70	90	-5.27355936696949356701e-16
70	91	-1.55431223447521915659e-15
70	92	-9.15933995315754145849e-16
70	93	-9.15933995315754145849e-16
70	94	-2.77555756156289135106e-16
70	95	-1.77635683940025046468e-15
70	96	-4.44089209850062616169e-16
70	97	-5.55111512312578270212e-17
70	98	-1.11022302462515654042e-16
70	99	4.16333634234433702659e-16
70	100	4.44089209850062616169e-16
71	72	5.79605807793370786385e-14
71	73	3.60822483003175875638e-16
71	74	-7.35522753814166208031e-15
71	75	7.28583859910258979653e-15
71	76	-4.41313652288499724818e-15
71	77	2.55351295663786004297e-15
71	78	2.09554595897998297005e-15
71	79	-8.25728374564960176940e-16
71	80	1.52655665885959024308e-16
71	81	-5.82867087928207183722e-16
71	82	-5.13478148889134899946e-16
71	83	-6.93889390390722837765e-17
71	84	4.44089209850062616169e-16
71	85	-1.36002320516581676202e-15
71	86	-4.99600361081320443191e-16
71	87	-6.10622663543836097233e-16
71	88	-1.52655665885959024308e-16
71	89	-9.43689570931383059360e-16
71	90	-3.33066907387546962127e-16
71	91	-1.40859546249316736066e-15
71	92	-5.27355936696949356701e-16
71	93	-8.32667268468867405318e-16
71	94	-1.16573417585641436744e-15
71	95	-8.32667268468867405318e-16
71	96	-1.27675647831893002149e-15
71	97	-3.88578058618804789148e-16
71	98	-1.38777878078144567553e-16
71	99	-2.49800180540660221595e-16
71	100	-1.11022302462515654042e-16
72	73	-3.54022366977346791828e-14
72	74	-2.51292042730000275697e-14
72	75	4.99600361081320443191e-15
72	76	-7.70564168028897711338e-15
72	77	-2.99760216648792265914e-15
72	78	-9.02056207507939689094e-17
72	79	-1.88737914186276611872e-15
72	80	-1.36002320516581676202e-15
72	81	-8.04911692853238491807e-16
72	82	-1.52655665885959024308e-16
72	83	-9.64506252643104744493e-16
72	84	-5.13478148889134899946e-16
72	85	-1.31838984174237339175e-15
72	86	-9.22872889219661374227e-16
72	87	-2.49800180540660221595e-16
72	88	-1.13797860024078545393e-15
72	89	-1.15185638804859991069e-15
72	90	-8.63892291036449933017e-16
72	91	-7.49400541621980664786e-16
72	92	-6.10622663543836097233e-16
72	93	-1.63757896132210589712e-15
72	94	-1.33226762955018784851e-15
72	95	-9.43689570931383059360e-16
72	96	-7.21644966006351751275e-16
72	97	-9.71445146547011972871e-16
72	98	1.52655665885959024308e-15
72	99	6.38378239159465010744e-16
72	100	2.77555756156289135106e-17
73	74	-5.45397060847108150483e-14
73	75	2.39391839684799379029e-15
73	76	-9.75608482889356309897e-15
73	77	-5.50601231275038571766e-15
73	78	-9.71445146547011972871e-16
73	79	-1.41553435639707458904e-15
73	80	-1.54043444666740469984e-15
73	81	-1.70696790036117818090e-15
73	82	-2.99760216648792265914e-15
73	83	-1.42941214420488904580e-15
73	84	1.11022302462515654042e-16
73	85	-1.85962356624713720521e-15
73	86	-4.44089209850062616169e-16
73	87	-6.10622663543836097233e-16
73	88	-1.12410081243297099718e-15
73	89	-1.16573417585641436744e-15
73	90	-1.19348975147204328096e-15
73	91	-2.30371277609719982138e-15
73	92	-4.99600361081320443191e-16
73	93	-1.19348975147204328096e-15
73	94	-1.24900090270330110798e-15
73	95	-8.04911692853238491807e-16
73	96	2.77555756156289135106e-16
73	97	5.55111512312578270212e-17
73	98	-1.27675647831893002149e-15
73	99	-1.66533453693773481064e-16
73	100	-5.55111512312578270212e-17
74	75	2.82135426132867905835e-14
74	76	4.09394740330526474281e-15
74	77	-2.77555756156289135106e-17
74	78	9.50628464835290287738e-16
74	79	2.06779038336435405654e-15
74	80	6.66133814775093924254e-16
74	81	-8.53483950180589090451e-16
74	82	-1.13797860024078545393e-15
74	83	-1.80411241501587937819e-15
74	84	2.70616862252381906728e-16
74	85	4.16333634234433702659e-16
74	86	-2.22044604925031308085e-16
74	87	-1.30451205393455893500e-15
74	88	-2.84494650060196363484e-16
74	89	-9.99200722162640886381e-16
74	90	-1.83186799063150829170e-15
74	91	-2.16493489801905525383e-15
74	92	-8.88178419700125232339e-16
74	93	-7.77156117237609578297e-16
74	94	-8.04911692853238491807e-16
74	95	-5.13478148889134899946e-16
74	96	2.22044604925031308085e-16
74	97	-5.55111512312578270212e-16
74	98	-5.55111512312578270212e-16
74	99	-1.24900090270330110798e-15
74	100	-8.04911692853238491807e-16
75	76	-5.16253706450697791297e-15
75	77	8.06299471634019937483e-15
75	78	9.02056207507939689094e-16
75	79	3.15025783237388168345e-15
75	80	1.33920652345409507689e-15
75	81	-1.33226762955018784851e-15
75	82	-2.55351295663786004297e-15
75	83	-1.46410661372442518768e-15
75	84	-7.21644966006351751275e-16
75	85	-3.33066907387546962127e-16
75	86	-1.45716771982051795931e-16
75	87	-1.37390099297363121877e-15
75	88	-3.33066907387546962127e-16
75	89	-1.27675647831893002149e-15
75	90	-2.13717932240342634032e-15
75	91	-1.72084568816899263766e-15
75	92	-1.27675647831893002149e-15
75	93	-8.32667268468867405318e-16
75	94	-2.22044604925031308085e-16
75	95	-4.16333634234433702659e-16
75	96	-3.88578058618804789148e-16
75	97	-1.66533453693773481064e-16
75	98	-5.27355936696949356701e-16
75	99	2.77555756156289135106e-17
75	100	-3.05311331771918048616e-16
76	77	-1.05471187339389871340e-14
76	78	-3.74700270810990332393e-16
76	79	1.47104550762833241606e-15
76	80	-2.62290189567693232675e-15
76	81	-1.98452365651746731601e-15
76	82	-3.44169137633798527531e-15
76	83	-4.44089209850062616169e-15
76	84	-5.55111512312578270212e-16
76	85	-1.29063426612674447824e-15
76	86	4.78783679369598758058e-16
76	87	-1.60982338570647698361e-15
76	88	-1.63757896132210589712e-15
76	89	-1.83186799063150829170e-15
76	90	-1.69309011255336372415e-15
76	91	-2.15105711021124079707e-15
76	92	-1.08246744900952762691e-15
76	93	-4.85722573273505986435e-16
76	94	-1.38777878078144567553e-16
76	95	-6.10622663543836097233e-16
76	96	-9.67975699595058358682e-16
76	97	-3.53883589099268647260e-16
76	98	5.68989300120392726967e-16
76	99	-5.55111512312578270212e-17
76	100	0.00000000000000000000e+00
77	78	-2.94833601977018133766e-14
77	79	1.64868119156835746253e-14
77	80	3.36536354339500576316e-15
77	81	6.31439345255557782366e-16
77	82	-2.96984659087229374563e-15
77	83	-1.80411241501587937819e-15
77	84	-7.91033905045424035052e-16
77	85	-2.15105711021124079707e-16
77	86	9.43689570931383059360e-16
77	87	-1.19348975147204328096e-15
77	88	-4.99600361081320443191e-16
77	89	-1.27675647831893002149e-15
77	90	-1.83186799063150829170e-15
77	91	-1.76247905159243600792e-15
77	92	-1.33226762955018784851e-15
77	93	-5.20417042793042128324e-16
77	94	-2.56739074444567449973e-16
77	95	-1.06165076729780594178e-15
77	96	-7.21644966006351751275e-16
77	97	3.46944695195361418882e-16
77	98	-8.04911692853238491807e-16
77	99	3.74700270810990332393e-16
77	100	-1.08246744900952762691e-15
78	79	2.20587437205210790125e-14
78	80	3.17107451408560336858e-15
78	81	2.63677968348474678351e-15
78	82	-4.45476988630844061845e-15
78	83	-2.68188249386014376796e-15
78	84	-2.42861286636752993218e-15
78	85	-8.88178419700125232339e-16
78	86	6.38378239159465010744e-16
78	87	-2.08166817117216851329e-15
78	88	-7.35522753814166208031e-16
78	89	-1.90125692967058057548e-15
78	90	-2.12330153459561188356e-15
78	91	-1.78329573330415769306e-15
78	92	-1.56819002228303361335e-15
78	93	-1.97758476261356008763e-15
78	94	-1.34267597040604869107e-15
78	95	-1.69829428298129414543e-15
78	96	-1.40165656858926013228e-15
78	97	-1.40165656858926013228e-15
78	98	-2.35922392732845764840e-16
78	99	1.02695629777826979989e-15
78	100	8.04911692853238491807e-16
79	80	-3.68594044175551971421e-14
79	81	4.13558076672870811308e-15
79	82	-8.72218963721138607070e-15
79	83	-5.60662627435704052914e-15
79	84	-4.87110352054287432111e-15
79	85	-1.66533453693773481064e-15
79	86	-7.21644966006351751275e-16
79	87	-2.22044604925031308085e-15
79	88	-2.06779038336435405654e-15
79	89	-1.45716771982051795931e-15
79	90	-2.22738494315422030922e-15
79	91	-1.22818422099157942284e-15
79	92	-1.38777878078144567553e-15
79	93	-1.11716191852906376880e-15
79	94	-2.02615701994091068627e-15
79	95	-8.11850586757145720185e-16
79	96	-9.43689570931383059360e-16
79	97	-1.02001740387436257151e-15
79	98	-1.24900090270330110798e-16
79	99	-5.55111512312578270212e-17
79	100	6.10622663543836097233e-16
80	81	2.64163690921748184337e-14
80	82	-4.85722573273505986435e-15
80	83	-6.66133814775093924254e-15
80	84	-6.16173778666961879935e-15
80	85	-4.82947015711943095084e-15
80	86	0.00000000000000000000e+00
80	87	-1.88737914186276611872e-15
80	88	-3.16413562018169614021e-15
80	89	-2.05391259555653959978e-15
80	90	-3.35148575558719130640e-15
80	91	-2.83800760669805640646e-15
80	92	-2.42861286636752993218e-15
80	93	-2.13024042849951911194e-15
80	94	-1.33920652345409507689e-15
80	95	-1.30798150088651254919e-15
80	96	-6.93889390390722837765e-16
80	97	-4.02455846426619245904e-16
80	98	8.32667268468867405318e-17
80	99	-1.11022302462515654042e-16
80	100	-6.80011602582908381009e-16
81	82	-5.09592368302946852054e-14
81	83	-2.20379270388093573274e-14
81	84	-1.54876111935209337389e-14
81	85	-9.27036225562005711254e-15
81	86	-4.45476988630844061845e-15
81	87	-4.01761957036228523066e-15
81	88	-4.80171458150380203733e-15
81	89	-3.75394160201381055231e-15
81	90	-4.64212002171393578465e-15
81	91	-3.01147995429573711590e-15
81	92	-2.40085729075190101867e-15
81	93	-2.95596880306447928888e-15
81	94	-2.10942374678779742680e-15
81	95	-2.10942374678779742680e-15
81	96	-2.35922392732845764840e-16
81	97	1.63064006741819866875e-16
81	98	-4.57966997657877072925e-16
81	99	-1.08246744900952762691e-15
81	100	2.77555756156289135106e-16
82	83	-5.58580959264531884401e-14
82	84	-2.35089725464376897435e-14
82	85	-1.68476343986867505009e-14
82	86	-4.12170297892089365632e-15
82	87	-5.30131494258512248052e-15
82	88	-5.22845655659409658256e-15
82	89	-3.86496390447632620635e-15
82	90	-5.55111512312578270212e-15
82	91	-4.45823933326039423264e-15
82	92	-3.10862446895043831319e-15
82	93	-2.90045765183322146186e-15
82	94	-2.60902410786911787000e-15
82	95	-6.26235174827627361083e-16
82	96	-5.82867087928207183722e-16
82	97	-1.42247325030098181742e-15
82	98	-6.93889390390722837765e-16
82	99	-6.59194920871186695877e-16
82	100	-5.82867087928207183722e-16
83	84	-1.33920652345409507689e-14
83	85	-2.84980372633469869470e-14
83	86	-5.39845945723982367781e-15
83	87	-3.90312782094781596243e-15
83	88	-5.41927613895154536294e-15
83	89	-4.69763117294519361167e-15
83	90	-5.82520143233011822304e-15
83	91	-5.00988139862101888866e-15
83	92	-3.21964677141295396723e-15
83	93	-2.39391839684799379029e-15
83	94	-1.35655375821386314783e-15
83	95	-1.01307850997045534314e-15
83	96	-6.26235174827627361083e-16
83	97	-1.36696209906972399040e-15
83	98	-6.66133814775093924254e-16
83	99	6.38378239159465010744e-16
83	100	-6.66133814775093924254e-16
84	85	-7.86939957642118770309e-14
84	86	-1.54737334057131192822e-14
84	87	-8.93035645432860292203e-15
84	88	-8.29891710907304513967e-15
84	89	-8.55218673656565897545e-15
84	90	-6.90419943438769223576e-15
84	91	-8.30585600297695236804e-15
84	92	-3.79210551848530030838e-15
84	93	-2.06779038336435405654e-15
84	94	-2.42861286636752993218e-15
84	95	-1.41379963292109778195e-15
84	96	-1.71390679426508540928e-15
84	97	-1.30451205393455893500e-15
84	98	-9.43689570931383059360e-16
84	99	1.04083408558608425665e-16
84	100	1.16573417585641436744e-15
85	86	5.79050696281058208115e-15
85	87	-8.29197821516913791129e-15
85	88	-8.13238365537927165860e-15
85	89	-8.95811202994423183554e-15
85	90	-7.54257767354715724650e-15
85	91	-7.93982934954584607112e-15
85	92	-4.21884749357559485361e-15
85	93	-3.44863027024189250369e-15
85	94	-1.82145964977564744913e-15
85	95	-2.93168267440080398956e-15
85	96	-2.16493489801905525383e-15
85	97	-9.15933995315754145849e-16
85	98	-9.99200722162640886381e-16
85	99	2.01227923213309622952e-16
85	100	1.16573417585641436744e-15
86	87	-1.22957199977236086852e-14
86	88	-1.44780021305024320100e-14
86	89	-1.19453058555762936521e-14
86	90	-9.52363188311267094832e-15
86	91	-1.09079412169421630097e-14
86	92	-3.84414722276460452122e-15
86	93	-4.90579799006241046300e-15
86	94	-3.02882718905550518684e-15
86	95	-2.53790044535406877912e-15
86	96	-1.97064586870965285925e-15
86	97	-1.15185638804859991069e-15
86	98	-1.11022302462515654042e-15
86	99	5.06539254985227671568e-16
86	100	-7.21644966006351751275e-16
87	88	1.86621551545584907217e-14
87	89	2.59948312875124543098e-14
87	90	-1.28091981466127435851e-14
87	91	-1.09842690498851425218e-14
87	92	-5.01335084557297250285e-15
87	93	-6.00214322687975254667e-15
87	94	-3.45209971719384611788e-15
87	95	-2.86576318231368531997e-15
87	96	-2.53963516883004558622e-15
87	97	-1.03389519168217702827e-15
87	98	-2.08166817117216851329e-16
87	99	2.35922392732845764840e-16
87	100	-4.44089209850062616169e-16
88	89	5.21770127104304037857e-14
88	90	3.13481879343768810031e-14
88	91	-1.54633250648572584396e-14
88	92	-7.12624403931272354384e-15
88	93	-8.04911692853238491807e-15
88	94	-4.57273108267486350087e-15
88	95	-3.68455266297473826853e-15
88	96	-1.36696209906972399040e-15
88	97	-1.26981758441502279311e-15
88	98	-1.22124532708767219447e-15
88	99	-4.71844785465691529680e-16
88	100	2.49800180540660221595e-16
89	90	5.21457876878628212580e-15
89	91	3.23907567434389420669e-14
89	92	-1.60219060241217903240e-14
89	93	-1.31387956070483369331e-14
89	94	-8.16534340142283099340e-15
89	95	-5.95357096955240194802e-15
89	96	-4.03496680512205330160e-15
89	97	-1.92901250528620948899e-15
89	98	-9.12464548363800531661e-16
89	99	5.96744875736021640478e-16
89	100	-3.05311331771918048616e-16
90	91	2.39600006501916595880e-14
90	92	3.69444058678780606897e-14
90	93	-1.44016742975594524978e-14
90	94	-1.12930498286090141846e-14
90	95	-6.65916974340596823367e-15
90	96	-5.63438184997266944265e-15
90	97	-2.45636844198315884569e-15
90	98	-1.54737334057131192822e-15
90	99	2.91433543964103591861e-16
90	100	-1.11022302462515654042e-16
91	92	5.89805981832114412100e-14
91	93	4.63240557024846566492e-14
91	94	-1.17995890835942418562e-14
91	95	-1.02071129326475329435e-14
91	96	-6.73072708679001152632e-15
91	97	-3.14331893846997445507e-15
91	98	-1.91513471747839503223e-15
91	99	-5.55111512312578270212e-17
91	100	1.66533453693773481064e-16
92	93	7.07767178198537294520e-15
92	94	1.73125402902485348022e-14
92	95	-1.52742402059757864663e-14
92	96	-9.60342916300760407466e-15
92	97	-5.76622083414690678183e-15
92	98	-3.19189119579732505372e-15
92	99	-1.38777878078144567553e-17
92	100	-1.66533453693773481064e-16
93	94	1.74929515317501227400e-14
93	95	1.79578574233119070414e-14
93	96	-1.28091981466127435851e-14
93	97	-7.10542735760100185871e-15
93	98	-3.22311621836490758142e-15
93	99	-1.06858966120171317016e-15
93	100	3.88578058618804789148e-16
94	95	1.07969189144796473556e-14
94	96	1.45994327738208085066e-14
94	97	-6.39072128549855733581e-15
94	98	-4.29170587956662075158e-15
94	99	-9.36750677027475830982e-16
94	100	-3.88578058618804789148e-16
95	96	5.70203606553576491933e-15
95	97	1.30520594332494965784e-14
95	98	-4.32293090213420327927e-15
95	99	-1.25073562617927791507e-15
95	100	-4.51028103753969844547e-17
96	97	1.45335132817336898370e-14
96	98	1.14231540893072747167e-14
96	99	-4.23272528138340931037e-16
96	100	-1.60635393875452336943e-15
97	98	1.77531600531466438042e-14
97	99	7.33441085642994039517e-15
97	100	-9.36750677027475830982e-16
98	99	6.45664077758567600540e-15
98	100	1.90819582357448780385e-15
99	100	5.97698973647808884380e-15
