# 3D Probability Density Data
# T_start=0, T_end=1, Nx=100, Nt=100
# Column 1: Time (t)
# Column 2: Position (x)
# Column 3: Density |Psi|^2
# --------------------------------------------------
0.000000e+00	0.000000e+00	0.000000e+00
0.000000e+00	5.050505e-02	5.335237e-07
0.000000e+00	1.010101e-01	3.048550e-06
0.000000e+00	1.515152e-01	1.146569e-05
0.000000e+00	2.020202e-01	3.748513e-05
0.000000e+00	2.525253e-01	1.130475e-04
0.000000e+00	3.030303e-01	3.190651e-04
0.000000e+00	3.535354e-01	8.446956e-04
0.000000e+00	4.040404e-01	2.094472e-03
0.000000e+00	4.545455e-01	4.849603e-03
0.000000e+00	5.050505e-01	1.044570e-02
0.000000e+00	5.555556e-01	2.083494e-02
0.000000e+00	6.060606e-01	3.827720e-02
0.000000e+00	6.565657e-01	6.435796e-02
0.000000e+00	7.070707e-01	9.826774e-02
0.000000e+00	7.575758e-01	1.349575e-01
0.000000e+00	8.080808e-01	1.646968e-01
0.000000e+00	8.585859e-01	1.758175e-01
0.000000e+00	9.090909e-01	1.608582e-01
0.000000e+00	9.595960e-01	1.229015e-01
0.000000e+00	1.010101e+00	7.629437e-02
0.000000e+00	1.060606e+00	3.851310e-02
0.000000e+00	1.111111e+00	1.867412e-02
0.000000e+00	1.161616e+00	1.579269e-02
0.000000e+00	1.212121e+00	3.456051e-02
0.000000e+00	1.262626e+00	1.064542e-01
0.000000e+00	1.313131e+00	2.879876e-01
0.000000e+00	1.363636e+00	6.204585e-01
0.000000e+00	1.414141e+00	1.074893e+00
0.000000e+00	1.464646e+00	1.533695e+00
0.000000e+00	1.515152e+00	1.839222e+00
0.000000e+00	1.565657e+00	1.881420e+00
0.000000e+00	1.616162e+00	1.658900e+00
0.000000e+00	1.666667e+00	1.269909e+00
0.000000e+00	1.717172e+00	8.481650e-01
0.000000e+00	1.767677e+00	4.958647e-01
0.000000e+00	1.818182e+00	2.542814e-01
0.000000e+00	1.868687e+00	1.145083e-01
0.000000e+00	1.919192e+00	4.530402e-02
0.000000e+00	1.969697e+00	1.574681e-02
0.000000e+00	2.020202e+00	4.806232e-03
0.000000e+00	2.070707e+00	1.287161e-03
0.000000e+00	2.121212e+00	3.021503e-04
0.000000e+00	2.171717e+00	6.209112e-05
0.000000e+00	2.222222e+00	1.115399e-05
0.000000e+00	2.272727e+00	1.748807e-06
0.000000e+00	2.323232e+00	2.389050e-07
0.000000e+00	2.373737e+00	2.838611e-08
0.000000e+00	2.424242e+00	2.927799e-09
0.000000e+00	2.474747e+00	2.616741e-10
0.000000e+00	2.525253e+00	2.021098e-11
0.000000e+00	2.575758e+00	1.349822e-12
0.000000e+00	2.626263e+00	7.692101e-14
0.000000e+00	2.676768e+00	3.923757e-15
0.000000e+00	2.727273e+00	1.395250e-16
0.000000e+00	2.777778e+00	1.110230e-17
0.000000e+00	2.828283e+00	2.650765e-19
0.000000e+00	2.878788e+00	1.056529e-18
0.000000e+00	2.929293e+00	9.330611e-19
0.000000e+00	2.979798e+00	9.840643e-19
0.000000e+00	3.030303e+00	1.004215e-18
0.000000e+00	3.080808e+00	1.022946e-18
0.000000e+00	3.131313e+00	1.036094e-18
0.000000e+00	3.181818e+00	1.044436e-18
0.000000e+00	3.232323e+00	1.047617e-18
0.000000e+00	3.282828e+00	1.046176e-18
0.000000e+00	3.333333e+00	1.039785e-18
0.000000e+00	3.383838e+00	1.029035e-18
0.000000e+00	3.434343e+00	1.013767e-18
0.000000e+00	3.484848e+00	9.944378e-19
0.000000e+00	3.535354e+00	9.711731e-19
0.000000e+00	3.585859e+00	9.442387e-19
0.000000e+00	3.636364e+00	9.140054e-19
0.000000e+00	3.686869e+00	8.806191e-19
0.000000e+00	3.737374e+00	8.445756e-19
0.000000e+00	3.787879e+00	8.060253e-19
0.000000e+00	3.838384e+00	7.654289e-19
0.000000e+00	3.888889e+00	7.230699e-19
0.000000e+00	3.939394e+00	6.792896e-19
0.000000e+00	3.989899e+00	6.344898e-19
0.000000e+00	4.040404e+00	5.889338e-19
0.000000e+00	4.090909e+00	5.430809e-19
0.000000e+00	4.141414e+00	4.971538e-19
0.000000e+00	4.191919e+00	4.516141e-19
0.000000e+00	4.242424e+00	4.066809e-19
0.000000e+00	4.292929e+00	3.627704e-19
0.000000e+00	4.343434e+00	3.201213e-19
0.000000e+00	4.393939e+00	2.790898e-19
0.000000e+00	4.444444e+00	2.399132e-19
0.000000e+00	4.494949e+00	2.028972e-19
0.000000e+00	4.545455e+00	1.682747e-19
0.000000e+00	4.595960e+00	1.362882e-19
0.000000e+00	4.646465e+00	1.071611e-19
0.000000e+00	4.696970e+00	8.108384e-20
0.000000e+00	4.747475e+00	5.826670e-20
0.000000e+00	4.797980e+00	3.887025e-20
0.000000e+00	4.848485e+00	2.308772e-20
0.000000e+00	4.898990e+00	1.110663e-20
0.000000e+00	4.949495e+00	3.207558e-21
0.000000e+00	5.000000e+00	1.364537e-31
1.010101e-02	0.000000e+00	0.000000e+00
1.010101e-02	5.050505e-02	5.335154e-07
1.010101e-02	1.010101e-01	3.048502e-06
1.010101e-02	1.515152e-01	1.146550e-05
1.010101e-02	2.020202e-01	3.748449e-05
1.010101e-02	2.525253e-01	1.130454e-04
1.010101e-02	3.030303e-01	3.190587e-04
1.010101e-02	3.535354e-01	8.446765e-04
1.010101e-02	4.040404e-01	2.094419e-03
1.010101e-02	4.545455e-01	4.849460e-03
1.010101e-02	5.050505e-01	1.044534e-02
1.010101e-02	5.555556e-01	2.083408e-02
1.010101e-02	6.060606e-01	3.827527e-02
1.010101e-02	6.565657e-01	6.435398e-02
1.010101e-02	7.070707e-01	9.826011e-02
1.010101e-02	7.575758e-01	1.349442e-01
1.010101e-02	8.080808e-01	1.646756e-01
1.010101e-02	8.585859e-01	1.757876e-01
1.010101e-02	9.090909e-01	1.608221e-01
1.010101e-02	9.595960e-01	1.228670e-01
1.010101e-02	1.010101e+00	7.627522e-02
1.010101e-02	1.060606e+00	3.852682e-02
1.010101e-02	1.111111e+00	1.873557e-02
1.010101e-02	1.161616e+00	1.590570e-02
1.010101e-02	1.212121e+00	3.471156e-02
1.010101e-02	1.262626e+00	1.066131e-01
1.010101e-02	1.313131e+00	2.881171e-01
1.010101e-02	1.363636e+00	6.205286e-01
1.010101e-02	1.414141e+00	1.074893e+00
1.010101e-02	1.464646e+00	1.533637e+00
1.010101e-02	1.515152e+00	1.839131e+00
1.010101e-02	1.565657e+00	1.881324e+00
1.010101e-02	1.616162e+00	1.658820e+00
1.010101e-02	1.666667e+00	1.269852e+00
1.010101e-02	1.717172e+00	8.481305e-01
1.010101e-02	1.767677e+00	4.958464e-01
1.010101e-02	1.818182e+00	2.542728e-01
1.010101e-02	1.868687e+00	1.145048e-01
1.010101e-02	1.919192e+00	4.530277e-02
1.010101e-02	1.969697e+00	1.574641e-02
1.010101e-02	2.020202e+00	4.806121e-03
1.010101e-02	2.070707e+00	1.287134e-03
1.010101e-02	2.121212e+00	3.021444e-04
1.010101e-02	2.171717e+00	6.209000e-05
1.010101e-02	2.222222e+00	1.115380e-05
1.010101e-02	2.272727e+00	1.748780e-06
1.010101e-02	2.323232e+00	2.389015e-07
1.010101e-02	2.373737e+00	2.838573e-08
1.010101e-02	2.424242e+00	2.927762e-09
1.010101e-02	2.474747e+00	2.616710e-10
1.010101e-02	2.525253e+00	2.021076e-11
1.010101e-02	2.575758e+00	1.349808e-12
1.010101e-02	2.626263e+00	7.692026e-14
1.010101e-02	2.676768e+00	3.923721e-15
1.010101e-02	2.727273e+00	1.395239e-16
1.010101e-02	2.777778e+00	1.110220e-17
1.010101e-02	2.828283e+00	2.650806e-19
1.010101e-02	2.878788e+00	1.056525e-18
1.010101e-02	2.929293e+00	9.330584e-19
1.010101e-02	2.979798e+00	9.840613e-19
1.010101e-02	3.030303e+00	1.004212e-18
1.010101e-02	3.080808e+00	1.022943e-18
1.010101e-02	3.131313e+00	1.036091e-18
1.010101e-02	3.181818e+00	1.044432e-18
1.010101e-02	3.232323e+00	1.047614e-18
1.010101e-02	3.282828e+00	1.046173e-18
1.010101e-02	3.333333e+00	1.039782e-18
1.010101e-02	3.383838e+00	1.029032e-18
1.010101e-02	3.434343e+00	1.013764e-18
1.010101e-02	3.484848e+00	9.944346e-19
1.010101e-02	3.535354e+00	9.711701e-19
1.010101e-02	3.585859e+00	9.442357e-19
1.010101e-02	3.636364e+00	9.140025e-19
1.010101e-02	3.686869e+00	8.806163e-19
1.010101e-02	3.737374e+00	8.445729e-19
1.010101e-02	3.787879e+00	8.060227e-19
1.010101e-02	3.838384e+00	7.654265e-19
1.010101e-02	3.888889e+00	7.230676e-19
1.010101e-02	3.939394e+00	6.792874e-19
1.010101e-02	3.989899e+00	6.344878e-19
1.010101e-02	4.040404e+00	5.889320e-19
1.010101e-02	4.090909e+00	5.430792e-19
1.010101e-02	4.141414e+00	4.971522e-19
1.010101e-02	4.191919e+00	4.516127e-19
1.010101e-02	4.242424e+00	4.066796e-19
1.010101e-02	4.292929e+00	3.627692e-19
1.010101e-02	4.343434e+00	3.201203e-19
1.010101e-02	4.393939e+00	2.790889e-19
1.010101e-02	4.444444e+00	2.399124e-19
1.010101e-02	4.494949e+00	2.028966e-19
1.010101e-02	4.545455e+00	1.682741e-19
1.010101e-02	4.595960e+00	1.362878e-19
1.010101e-02	4.646465e+00	1.071608e-19
1.010101e-02	4.696970e+00	8.108358e-20
1.010101e-02	4.747475e+00	5.826651e-20
1.010101e-02	4.797980e+00	3.887013e-20
1.010101e-02	4.848485e+00	2.308765e-20
1.010101e-02	4.898990e+00	1.110659e-20
1.010101e-02	4.949495e+00	3.207548e-21
1.010101e-02	5.000000e+00	1.364797e-31
2.020202e-02	0.000000e+00	0.000000e+00
2.020202e-02	5.050505e-02	5.334905e-07
2.020202e-02	1.010101e-01	3.048358e-06
2.020202e-02	1.515152e-01	1.146494e-05
2.020202e-02	2.020202e-01	3.748257e-05
2.020202e-02	2.525253e-01	1.130392e-04
2.020202e-02	3.030303e-01	3.190394e-04
2.020202e-02	3.535354e-01	8.446194e-04
2.020202e-02	4.040404e-01	2.094258e-03
2.020202e-02	4.545455e-01	4.849029e-03
2.020202e-02	5.050505e-01	1.044425e-02
2.020202e-02	5.555556e-01	2.083149e-02
2.020202e-02	6.060606e-01	3.826950e-02
2.020202e-02	6.565657e-01	6.434203e-02
2.020202e-02	7.070707e-01	9.823723e-02
2.020202e-02	7.575758e-01	1.349040e-01
2.020202e-02	8.080808e-01	1.646119e-01
2.020202e-02	8.585859e-01	1.756979e-01
2.020202e-02	9.090909e-01	1.607138e-01
2.020202e-02	9.595960e-01	1.227634e-01
2.020202e-02	1.010101e+00	7.621779e-02
2.020202e-02	1.060606e+00	3.856798e-02
2.020202e-02	1.111111e+00	1.891992e-02
2.020202e-02	1.161616e+00	1.624470e-02
2.020202e-02	1.212121e+00	3.516468e-02
2.020202e-02	1.262626e+00	1.070899e-01
2.020202e-02	1.313131e+00	2.885056e-01
2.020202e-02	1.363636e+00	6.207389e-01
2.020202e-02	1.414141e+00	1.074893e+00
2.020202e-02	1.464646e+00	1.533461e+00
2.020202e-02	1.515152e+00	1.838857e+00
2.020202e-02	1.565657e+00	1.881037e+00
2.020202e-02	1.616162e+00	1.658579e+00
2.020202e-02	1.666667e+00	1.269682e+00
2.020202e-02	1.717172e+00	8.480269e-01
2.020202e-02	1.767677e+00	4.957914e-01
2.020202e-02	1.818182e+00	2.542473e-01
2.020202e-02	1.868687e+00	1.144944e-01
2.020202e-02	1.919192e+00	4.529901e-02
2.020202e-02	1.969697e+00	1.574522e-02
2.020202e-02	2.020202e+00	4.805789e-03
2.020202e-02	2.070707e+00	1.287052e-03
2.020202e-02	2.121212e+00	3.021268e-04
2.020202e-02	2.171717e+00	6.208665e-05
2.020202e-02	2.222222e+00	1.115325e-05
2.020202e-02	2.272727e+00	1.748699e-06
2.020202e-02	2.323232e+00	2.388912e-07
2.020202e-02	2.373737e+00	2.838459e-08
2.020202e-02	2.424242e+00	2.927652e-09
2.020202e-02	2.474747e+00	2.616618e-10
2.020202e-02	2.525253e+00	2.021009e-11
2.020202e-02	2.575758e+00	1.349766e-12
2.020202e-02	2.626263e+00	7.691802e-14
2.020202e-02	2.676768e+00	3.923612e-15
2.020202e-02	2.727273e+00	1.395204e-16
2.020202e-02	2.777778e+00	1.110191e-17
2.020202e-02	2.828283e+00	2.650931e-19
2.020202e-02	2.878788e+00	1.056512e-18
2.020202e-02	2.929293e+00	9.330502e-19
2.020202e-02	2.979798e+00	9.840521e-19
2.020202e-02	3.030303e+00	1.004203e-18
2.020202e-02	3.080808e+00	1.022933e-18
2.020202e-02	3.131313e+00	1.036081e-18
2.020202e-02	3.181818e+00	1.044423e-18
2.020202e-02	3.232323e+00	1.047604e-18
2.020202e-02	3.282828e+00	1.046163e-18
2.020202e-02	3.333333e+00	1.039772e-18
2.020202e-02	3.383838e+00	1.029022e-18
2.020202e-02	3.434343e+00	1.013754e-18
2.020202e-02	3.484848e+00	9.944252e-19
2.020202e-02	3.535354e+00	9.711609e-19
2.020202e-02	3.585859e+00	9.442267e-19
2.020202e-02	3.636364e+00	9.139938e-19
2.020202e-02	3.686869e+00	8.806080e-19
2.020202e-02	3.737374e+00	8.445649e-19
2.020202e-02	3.787879e+00	8.060151e-19
2.020202e-02	3.838384e+00	7.654192e-19
2.020202e-02	3.888889e+00	7.230607e-19
2.020202e-02	3.939394e+00	6.792809e-19
2.020202e-02	3.989899e+00	6.344818e-19
2.020202e-02	4.040404e+00	5.889263e-19
2.020202e-02	4.090909e+00	5.430740e-19
2.020202e-02	4.141414e+00	4.971475e-19
2.020202e-02	4.191919e+00	4.516084e-19
2.020202e-02	4.242424e+00	4.066757e-19
2.020202e-02	4.292929e+00	3.627657e-19
2.020202e-02	4.343434e+00	3.201173e-19
2.020202e-02	4.393939e+00	2.790862e-19
2.020202e-02	4.444444e+00	2.399101e-19
2.020202e-02	4.494949e+00	2.028946e-19
2.020202e-02	4.545455e+00	1.682725e-19
2.020202e-02	4.595960e+00	1.362865e-19
2.020202e-02	4.646465e+00	1.071598e-19
2.020202e-02	4.696970e+00	8.108281e-20
2.020202e-02	4.747475e+00	5.826595e-20
2.020202e-02	4.797980e+00	3.886976e-20
2.020202e-02	4.848485e+00	2.308743e-20
2.020202e-02	4.898990e+00	1.110649e-20
2.020202e-02	4.949495e+00	3.207517e-21
2.020202e-02	5.000000e+00	1.365578e-31
3.030303e-02	0.000000e+00	0.000000e+00
3.030303e-02	5.050505e-02	5.334491e-07
3.030303e-02	1.010101e-01	3.048118e-06
3.030303e-02	1.515152e-01	1.146401e-05
3.030303e-02	2.020202e-01	3.747936e-05
3.030303e-02	2.525253e-01	1.130288e-04
3.030303e-02	3.030303e-01	3.190072e-04
3.030303e-02	3.535354e-01	8.445244e-04
3.030303e-02	4.040404e-01	2.093990e-03
3.030303e-02	4.545455e-01	4.848312e-03
3.030303e-02	5.050505e-01	1.044243e-02
3.030303e-02	5.555556e-01	2.082718e-02
3.030303e-02	6.060606e-01	3.825990e-02
3.030303e-02	6.565657e-01	6.432212e-02
3.030303e-02	7.070707e-01	9.819913e-02
3.030303e-02	7.575758e-01	1.348372e-01
3.030303e-02	8.080808e-01	1.645059e-01
3.030303e-02	8.585859e-01	1.755486e-01
3.030303e-02	9.090909e-01	1.605334e-01
3.030303e-02	9.595960e-01	1.225908e-01
3.030303e-02	1.010101e+00	7.612215e-02
3.030303e-02	1.060606e+00	3.863661e-02
3.030303e-02	1.111111e+00	1.922711e-02
3.030303e-02	1.161616e+00	1.680956e-02
3.030303e-02	1.212121e+00	3.591967e-02
3.030303e-02	1.262626e+00	1.078843e-01
3.030303e-02	1.313131e+00	2.891528e-01
3.030303e-02	1.363636e+00	6.210892e-01
3.030303e-02	1.414141e+00	1.074894e+00
3.030303e-02	1.464646e+00	1.533168e+00
3.030303e-02	1.515152e+00	1.838401e+00
3.030303e-02	1.565657e+00	1.880558e+00
3.030303e-02	1.616162e+00	1.658177e+00
3.030303e-02	1.666667e+00	1.269398e+00
3.030303e-02	1.717172e+00	8.478543e-01
3.030303e-02	1.767677e+00	4.956999e-01
3.030303e-02	1.818182e+00	2.542048e-01
3.030303e-02	1.868687e+00	1.144770e-01
3.030303e-02	1.919192e+00	4.529276e-02
3.030303e-02	1.969697e+00	1.574324e-02
3.030303e-02	2.020202e+00	4.805235e-03
3.030303e-02	2.070707e+00	1.286916e-03
3.030303e-02	2.121212e+00	3.020974e-04
3.030303e-02	2.171717e+00	6.208107e-05
3.030303e-02	2.222222e+00	1.115232e-05
3.030303e-02	2.272727e+00	1.748564e-06
3.030303e-02	2.323232e+00	2.388741e-07
3.030303e-02	2.373737e+00	2.838269e-08
3.030303e-02	2.424242e+00	2.927469e-09
3.030303e-02	2.474747e+00	2.616465e-10
3.030303e-02	2.525253e+00	2.020898e-11
3.030303e-02	2.575758e+00	1.349696e-12
3.030303e-02	2.626263e+00	7.691427e-14
3.030303e-02	2.676768e+00	3.923430e-15
3.030303e-02	2.727273e+00	1.395147e-16
3.030303e-02	2.777778e+00	1.110142e-17
3.030303e-02	2.828283e+00	2.651140e-19
3.030303e-02	2.878788e+00	1.056491e-18
3.030303e-02	2.929293e+00	9.330366e-19
3.030303e-02	2.979798e+00	9.840370e-19
3.030303e-02	3.030303e+00	1.004187e-18
3.030303e-02	3.080808e+00	1.022917e-18
3.030303e-02	3.131313e+00	1.036065e-18
3.030303e-02	3.181818e+00	1.044406e-18
3.030303e-02	3.232323e+00	1.047588e-18
3.030303e-02	3.282828e+00	1.046146e-18
3.030303e-02	3.333333e+00	1.039756e-18
3.030303e-02	3.383838e+00	1.029006e-18
3.030303e-02	3.434343e+00	1.013739e-18
3.030303e-02	3.484848e+00	9.944096e-19
3.030303e-02	3.535354e+00	9.711457e-19
3.030303e-02	3.585859e+00	9.442119e-19
3.030303e-02	3.636364e+00	9.139795e-19
3.030303e-02	3.686869e+00	8.805941e-19
3.030303e-02	3.737374e+00	8.445516e-19
3.030303e-02	3.787879e+00	8.060024e-19
3.030303e-02	3.838384e+00	7.654072e-19
3.030303e-02	3.888889e+00	7.230493e-19
3.030303e-02	3.939394e+00	6.792702e-19
3.030303e-02	3.989899e+00	6.344717e-19
3.030303e-02	4.040404e+00	5.889170e-19
3.030303e-02	4.090909e+00	5.430654e-19
3.030303e-02	4.141414e+00	4.971396e-19
3.030303e-02	4.191919e+00	4.516012e-19
3.030303e-02	4.242424e+00	4.066693e-19
3.030303e-02	4.292929e+00	3.627600e-19
3.030303e-02	4.343434e+00	3.201122e-19
3.030303e-02	4.393939e+00	2.790818e-19
3.030303e-02	4.444444e+00	2.399063e-19
3.030303e-02	4.494949e+00	2.028914e-19
3.030303e-02	4.545455e+00	1.682699e-19
3.030303e-02	4.595960e+00	1.362843e-19
3.030303e-02	4.646465e+00	1.071581e-19
3.030303e-02	4.696970e+00	8.108153e-20
3.030303e-02	4.747475e+00	5.826503e-20
3.030303e-02	4.797980e+00	3.886914e-20
3.030303e-02	4.848485e+00	2.308706e-20
3.030303e-02	4.898990e+00	1.110631e-20
3.030303e-02	4.949495e+00	3.207467e-21
3.030303e-02	5.000000e+00	1.366879e-31
4.040404e-02	0.000000e+00	0.000000e+00
4.040404e-02	5.050505e-02	5.333913e-07
4.040404e-02	1.010101e-01	3.047784e-06
4.040404e-02	1.515152e-01	1.146271e-05
4.040404e-02	2.020202e-01	3.747489e-05
4.040404e-02	2.525253e-01	1.130143e-04
4.040404e-02	3.030303e-01	3.189623e-04
4.040404e-02	3.535354e-01	8.443916e-04
4.040404e-02	4.040404e-01	2.093615e-03
4.040404e-02	4.545455e-01	4.847310e-03
4.040404e-02	5.050505e-01	1.043990e-02
4.040404e-02	5.555556e-01	2.082114e-02
4.040404e-02	6.060606e-01	3.824646e-02
4.040404e-02	6.565657e-01	6.429429e-02
4.040404e-02	7.070707e-01	9.814584e-02
4.040404e-02	7.575758e-01	1.347438e-01
4.040404e-02	8.080808e-01	1.643577e-01
4.040404e-02	8.585859e-01	1.753398e-01
4.040404e-02	9.090909e-01	1.602811e-01
4.040404e-02	9.595960e-01	1.223494e-01
4.040404e-02	1.010101e+00	7.598843e-02
4.040404e-02	1.060606e+00	3.873276e-02
4.040404e-02	1.111111e+00	1.965708e-02
4.040404e-02	1.161616e+00	1.760009e-02
4.040404e-02	1.212121e+00	3.697628e-02
4.040404e-02	1.262626e+00	1.089961e-01
4.040404e-02	1.313131e+00	2.900586e-01
4.040404e-02	1.363636e+00	6.215794e-01
4.040404e-02	1.414141e+00	1.074894e+00
4.040404e-02	1.464646e+00	1.532758e+00
4.040404e-02	1.515152e+00	1.837763e+00
4.040404e-02	1.565657e+00	1.879888e+00
4.040404e-02	1.616162e+00	1.657615e+00
4.040404e-02	1.666667e+00	1.269001e+00
4.040404e-02	1.717172e+00	8.476127e-01
4.040404e-02	1.767677e+00	4.955718e-01
4.040404e-02	1.818182e+00	2.541452e-01
4.040404e-02	1.868687e+00	1.144527e-01
4.040404e-02	1.919192e+00	4.528400e-02
4.040404e-02	1.969697e+00	1.574046e-02
4.040404e-02	2.020202e+00	4.804460e-03
4.040404e-02	2.070707e+00	1.286725e-03
4.040404e-02	2.121212e+00	3.020562e-04
4.040404e-02	2.171717e+00	6.207326e-05
4.040404e-02	2.222222e+00	1.115102e-05
4.040404e-02	2.272727e+00	1.748375e-06
4.040404e-02	2.323232e+00	2.388500e-07
4.040404e-02	2.373737e+00	2.838003e-08
4.040404e-02	2.424242e+00	2.927212e-09
4.040404e-02	2.474747e+00	2.616250e-10
4.040404e-02	2.525253e+00	2.020742e-11
4.040404e-02	2.575758e+00	1.349599e-12
4.040404e-02	2.626263e+00	7.690904e-14
4.040404e-02	2.676768e+00	3.923176e-15
4.040404e-02	2.727273e+00	1.395066e-16
4.040404e-02	2.777778e+00	1.110074e-17
4.040404e-02	2.828283e+00	2.651433e-19
4.040404e-02	2.878788e+00	1.056462e-18
4.040404e-02	2.929293e+00	9.330178e-19
4.040404e-02	2.979798e+00	9.840159e-19
4.040404e-02	3.030303e+00	1.004166e-18
4.040404e-02	3.080808e+00	1.022895e-18
4.040404e-02	3.131313e+00	1.036043e-18
4.040404e-02	3.181818e+00	1.044384e-18
4.040404e-02	3.232323e+00	1.047565e-18
4.040404e-02	3.282828e+00	1.046124e-18
4.040404e-02	3.333333e+00	1.039734e-18
4.040404e-02	3.383838e+00	1.028984e-18
4.040404e-02	3.434343e+00	1.013717e-18
4.040404e-02	3.484848e+00	9.943880e-19
4.040404e-02	3.535354e+00	9.711246e-19
4.040404e-02	3.585859e+00	9.441913e-19
4.040404e-02	3.636364e+00	9.139596e-19
4.040404e-02	3.686869e+00	8.805749e-19
4.040404e-02	3.737374e+00	8.445332e-19
4.040404e-02	3.787879e+00	8.059847e-19
4.040404e-02	3.838384e+00	7.653904e-19
4.040404e-02	3.888889e+00	7.230335e-19
4.040404e-02	3.939394e+00	6.792553e-19
4.040404e-02	3.989899e+00	6.344578e-19
4.040404e-02	4.040404e+00	5.889041e-19
4.040404e-02	4.090909e+00	5.430535e-19
4.040404e-02	4.141414e+00	4.971287e-19
4.040404e-02	4.191919e+00	4.515913e-19
4.040404e-02	4.242424e+00	4.066603e-19
4.040404e-02	4.292929e+00	3.627520e-19
4.040404e-02	4.343434e+00	3.201052e-19
4.040404e-02	4.393939e+00	2.790757e-19
4.040404e-02	4.444444e+00	2.399011e-19
4.040404e-02	4.494949e+00	2.028870e-19
4.040404e-02	4.545455e+00	1.682662e-19
4.040404e-02	4.595960e+00	1.362813e-19
4.040404e-02	4.646465e+00	1.071557e-19
4.040404e-02	4.696970e+00	8.107975e-20
4.040404e-02	4.747475e+00	5.826375e-20
4.040404e-02	4.797980e+00	3.886829e-20
4.040404e-02	4.848485e+00	2.308656e-20
4.040404e-02	4.898990e+00	1.110607e-20
4.040404e-02	4.949495e+00	3.207397e-21
4.040404e-02	5.000000e+00	1.368699e-31
5.050505e-02	0.000000e+00	0.000000e+00
5.050505e-02	5.050505e-02	5.333172e-07
5.050505e-02	1.010101e-01	3.047354e-06
5.050505e-02	1.515152e-01	1.146105e-05
5.050505e-02	2.020202e-01	3.746915e-05
5.050505e-02	2.525253e-01	1.129957e-04
5.050505e-02	3.030303e-01	3.189047e-04
5.050505e-02	3.535354e-01	8.442212e-04
5.050505e-02	4.040404e-01	2.093135e-03
5.050505e-02	4.545455e-01	4.846025e-03
5.050505e-02	5.050505e-01	1.043665e-02
5.050505e-02	5.555556e-01	2.081340e-02
5.050505e-02	6.060606e-01	3.822922e-02
5.050505e-02	6.565657e-01	6.425856e-02
5.050505e-02	7.070707e-01	9.807742e-02
5.050505e-02	7.575758e-01	1.346238e-01
5.050505e-02	8.080808e-01	1.641673e-01
5.050505e-02	8.585859e-01	1.750717e-01
5.050505e-02	9.090909e-01	1.599571e-01
5.050505e-02	9.595960e-01	1.220395e-01
5.050505e-02	1.010101e+00	7.581681e-02
5.050505e-02	1.060606e+00	3.885647e-02
5.050505e-02	1.111111e+00	2.020970e-02
5.050505e-02	1.161616e+00	1.861602e-02
5.050505e-02	1.212121e+00	3.833409e-02
5.050505e-02	1.262626e+00	1.104247e-01
5.050505e-02	1.313131e+00	2.912226e-01
5.050505e-02	1.363636e+00	6.222093e-01
5.050505e-02	1.414141e+00	1.074894e+00
5.050505e-02	1.464646e+00	1.532231e+00
5.050505e-02	1.515152e+00	1.836942e+00
5.050505e-02	1.565657e+00	1.879027e+00
5.050505e-02	1.616162e+00	1.656893e+00
5.050505e-02	1.666667e+00	1.268491e+00
5.050505e-02	1.717172e+00	8.473022e-01
5.050505e-02	1.767677e+00	4.954072e-01
5.050505e-02	1.818182e+00	2.540687e-01
5.050505e-02	1.868687e+00	1.144214e-01
5.050505e-02	1.919192e+00	4.527275e-02
5.050505e-02	1.969697e+00	1.573689e-02
5.050505e-02	2.020202e+00	4.803463e-03
5.050505e-02	2.070707e+00	1.286481e-03
5.050505e-02	2.121212e+00	3.020033e-04
5.050505e-02	2.171717e+00	6.206322e-05
5.050505e-02	2.222222e+00	1.114935e-05
5.050505e-02	2.272727e+00	1.748132e-06
5.050505e-02	2.323232e+00	2.388192e-07
5.050505e-02	2.373737e+00	2.837661e-08
5.050505e-02	2.424242e+00	2.926883e-09
5.050505e-02	2.474747e+00	2.615974e-10
5.050505e-02	2.525253e+00	2.020542e-11
5.050505e-02	2.575758e+00	1.349473e-12
5.050505e-02	2.626263e+00	7.690230e-14
5.050505e-02	2.676768e+00	3.922850e-15
5.050505e-02	2.727273e+00	1.394962e-16
5.050505e-02	2.777778e+00	1.109986e-17
5.050505e-02	2.828283e+00	2.651811e-19
5.050505e-02	2.878788e+00	1.056426e-18
5.050505e-02	2.929293e+00	9.329939e-19
5.050505e-02	2.979798e+00	9.839892e-19
5.050505e-02	3.030303e+00	1.004139e-18
5.050505e-02	3.080808e+00	1.022868e-18
5.050505e-02	3.131313e+00	1.036015e-18
5.050505e-02	3.181818e+00	1.044355e-18
5.050505e-02	3.232323e+00	1.047536e-18
5.050505e-02	3.282828e+00	1.046095e-18
5.050505e-02	3.333333e+00	1.039705e-18
5.050505e-02	3.383838e+00	1.028955e-18
5.050505e-02	3.434343e+00	1.013689e-18
5.050505e-02	3.484848e+00	9.943605e-19
5.050505e-02	3.535354e+00	9.710978e-19
5.050505e-02	3.585859e+00	9.441651e-19
5.050505e-02	3.636364e+00	9.139343e-19
5.050505e-02	3.686869e+00	8.805504e-19
5.050505e-02	3.737374e+00	8.445097e-19
5.050505e-02	3.787879e+00	8.059623e-19
5.050505e-02	3.838384e+00	7.653691e-19
5.050505e-02	3.888889e+00	7.230133e-19
5.050505e-02	3.939394e+00	6.792364e-19
5.050505e-02	3.989899e+00	6.344402e-19
5.050505e-02	4.040404e+00	5.888877e-19
5.050505e-02	4.090909e+00	5.430384e-19
5.050505e-02	4.141414e+00	4.971148e-19
5.050505e-02	4.191919e+00	4.515787e-19
5.050505e-02	4.242424e+00	4.066490e-19
5.050505e-02	4.292929e+00	3.627419e-19
5.050505e-02	4.343434e+00	3.200962e-19
5.050505e-02	4.393939e+00	2.790679e-19
5.050505e-02	4.444444e+00	2.398943e-19
5.050505e-02	4.494949e+00	2.028813e-19
5.050505e-02	4.545455e+00	1.682615e-19
5.050505e-02	4.595960e+00	1.362775e-19
5.050505e-02	4.646465e+00	1.071527e-19
5.050505e-02	4.696970e+00	8.107748e-20
5.050505e-02	4.747475e+00	5.826213e-20
5.050505e-02	4.797980e+00	3.886720e-20
5.050505e-02	4.848485e+00	2.308591e-20
5.050505e-02	4.898990e+00	1.110576e-20
5.050505e-02	4.949495e+00	3.207308e-21
5.050505e-02	5.000000e+00	1.371038e-31
6.060606e-02	0.000000e+00	0.000000e+00
6.060606e-02	5.050505e-02	5.332269e-07
6.060606e-02	1.010101e-01	3.046832e-06
6.060606e-02	1.515152e-01	1.145902e-05
6.060606e-02	2.020202e-01	3.746217e-05
6.060606e-02	2.525253e-01	1.129730e-04
6.060606e-02	3.030303e-01	3.188346e-04
6.060606e-02	3.535354e-01	8.440137e-04
6.060606e-02	4.040404e-01	2.092550e-03
6.060606e-02	4.545455e-01	4.844458e-03
6.060606e-02	5.050505e-01	1.043268e-02
6.060606e-02	5.555556e-01	2.080397e-02
6.060606e-02	6.060606e-01	3.820819e-02
6.060606e-02	6.565657e-01	6.421497e-02
6.060606e-02	7.070707e-01	9.799395e-02
6.060606e-02	7.575758e-01	1.344774e-01
6.060606e-02	8.080808e-01	1.639350e-01
6.060606e-02	8.585859e-01	1.747444e-01
6.060606e-02	9.090909e-01	1.595617e-01
6.060606e-02	9.595960e-01	1.216613e-01
6.060606e-02	1.010101e+00	7.560750e-02
6.060606e-02	1.060606e+00	3.900781e-02
6.060606e-02	1.111111e+00	2.088486e-02
6.060606e-02	1.161616e+00	1.985699e-02
6.060606e-02	1.212121e+00	3.999259e-02
6.060606e-02	1.262626e+00	1.121698e-01
6.060606e-02	1.313131e+00	2.926443e-01
6.060606e-02	1.363636e+00	6.229787e-01
6.060606e-02	1.414141e+00	1.074894e+00
6.060606e-02	1.464646e+00	1.531588e+00
6.060606e-02	1.515152e+00	1.835940e+00
6.060606e-02	1.565657e+00	1.877975e+00
6.060606e-02	1.616162e+00	1.656011e+00
6.060606e-02	1.666667e+00	1.267868e+00
6.060606e-02	1.717172e+00	8.469228e-01
6.060606e-02	1.767677e+00	4.952060e-01
6.060606e-02	1.818182e+00	2.539752e-01
6.060606e-02	1.868687e+00	1.143832e-01
6.060606e-02	1.919192e+00	4.525899e-02
6.060606e-02	1.969697e+00	1.573253e-02
6.060606e-02	2.020202e+00	4.802246e-03
6.060606e-02	2.070707e+00	1.286181e-03
6.060606e-02	2.121212e+00	3.019386e-04
6.060606e-02	2.171717e+00	6.205096e-05
6.060606e-02	2.222222e+00	1.114731e-05
6.060606e-02	2.272727e+00	1.747835e-06
6.060606e-02	2.323232e+00	2.387814e-07
6.060606e-02	2.373737e+00	2.837243e-08
6.060606e-02	2.424242e+00	2.926480e-09
6.060606e-02	2.474747e+00	2.615636e-10
6.060606e-02	2.525253e+00	2.020298e-11
6.060606e-02	2.575758e+00	1.349319e-12
6.060606e-02	2.626263e+00	7.689408e-14
6.060606e-02	2.676768e+00	3.922451e-15
6.060606e-02	2.727273e+00	1.394835e-16
6.060606e-02	2.777778e+00	1.109879e-17
6.060606e-02	2.828283e+00	2.652277e-19
6.060606e-02	2.878788e+00	1.056381e-18
6.060606e-02	2.929293e+00	9.329651e-19
6.060606e-02	2.979798e+00	9.839569e-19
6.060606e-02	3.030303e+00	1.004106e-18
6.060606e-02	3.080808e+00	1.022834e-18
6.060606e-02	3.131313e+00	1.035981e-18
6.060606e-02	3.181818e+00	1.044321e-18
6.060606e-02	3.232323e+00	1.047502e-18
6.060606e-02	3.282828e+00	1.046060e-18
6.060606e-02	3.333333e+00	1.039671e-18
6.060606e-02	3.383838e+00	1.028921e-18
6.060606e-02	3.434343e+00	1.013655e-18
6.060606e-02	3.484848e+00	9.943273e-19
6.060606e-02	3.535354e+00	9.710655e-19
6.060606e-02	3.585859e+00	9.441336e-19
6.060606e-02	3.636364e+00	9.139038e-19
6.060606e-02	3.686869e+00	8.805210e-19
6.060606e-02	3.737374e+00	8.444815e-19
6.060606e-02	3.787879e+00	8.059353e-19
6.060606e-02	3.838384e+00	7.653435e-19
6.060606e-02	3.888889e+00	7.229891e-19
6.060606e-02	3.939394e+00	6.792136e-19
6.060606e-02	3.989899e+00	6.344189e-19
6.060606e-02	4.040404e+00	5.888679e-19
6.060606e-02	4.090909e+00	5.430201e-19
6.060606e-02	4.141414e+00	4.970981e-19
6.060606e-02	4.191919e+00	4.515635e-19
6.060606e-02	4.242424e+00	4.066353e-19
6.060606e-02	4.292929e+00	3.627297e-19
6.060606e-02	4.343434e+00	3.200854e-19
6.060606e-02	4.393939e+00	2.790585e-19
6.060606e-02	4.444444e+00	2.398863e-19
6.060606e-02	4.494949e+00	2.028745e-19
6.060606e-02	4.545455e+00	1.682558e-19
6.060606e-02	4.595960e+00	1.362729e-19
6.060606e-02	4.646465e+00	1.071491e-19
6.060606e-02	4.696970e+00	8.107475e-20
6.060606e-02	4.747475e+00	5.826017e-20
6.060606e-02	4.797980e+00	3.886590e-20
6.060606e-02	4.848485e+00	2.308514e-20
6.060606e-02	4.898990e+00	1.110538e-20
6.060606e-02	4.949495e+00	3.207201e-21
6.060606e-02	5.000000e+00	1.373895e-31
7.070707e-02	0.000000e+00	0.000000e+00
7.070707e-02	5.050505e-02	5.331208e-07
7.070707e-02	1.010101e-01	3.046217e-06
7.070707e-02	1.515152e-01	1.145663e-05
7.070707e-02	2.020202e-01	3.745395e-05
7.070707e-02	2.525253e-01	1.129463e-04
7.070707e-02	3.030303e-01	3.187520e-04
7.070707e-02	3.535354e-01	8.437693e-04
7.070707e-02	4.040404e-01	2.091861e-03
7.070707e-02	4.545455e-01	4.842612e-03
7.070707e-02	5.050505e-01	1.042801e-02
7.070707e-02	5.555556e-01	2.079284e-02
7.070707e-02	6.060606e-01	3.818340e-02
7.070707e-02	6.565657e-01	6.416358e-02
7.070707e-02	7.070707e-01	9.789552e-02
7.070707e-02	7.575758e-01	1.343047e-01
7.070707e-02	8.080808e-01	1.636610e-01
7.070707e-02	8.585859e-01	1.743584e-01
7.070707e-02	9.090909e-01	1.590952e-01
7.070707e-02	9.595960e-01	1.212151e-01
7.070707e-02	1.010101e+00	7.536077e-02
7.070707e-02	1.060606e+00	3.918688e-02
7.070707e-02	1.111111e+00	2.168238e-02
7.070707e-02	1.161616e+00	2.132257e-02
7.070707e-02	1.212121e+00	4.195118e-02
7.070707e-02	1.262626e+00	1.142305e-01
7.070707e-02	1.313131e+00	2.943232e-01
7.070707e-02	1.363636e+00	6.238872e-01
7.070707e-02	1.414141e+00	1.074894e+00
7.070707e-02	1.464646e+00	1.530827e+00
7.070707e-02	1.515152e+00	1.834756e+00
7.070707e-02	1.565657e+00	1.876732e+00
7.070707e-02	1.616162e+00	1.654968e+00
7.070707e-02	1.666667e+00	1.267131e+00
7.070707e-02	1.717172e+00	8.464747e-01
7.070707e-02	1.767677e+00	4.949684e-01
7.070707e-02	1.818182e+00	2.538648e-01
7.070707e-02	1.868687e+00	1.143380e-01
7.070707e-02	1.919192e+00	4.524275e-02
7.070707e-02	1.969697e+00	1.572738e-02
7.070707e-02	2.020202e+00	4.800807e-03
7.070707e-02	2.070707e+00	1.285828e-03
7.070707e-02	2.121212e+00	3.018622e-04
7.070707e-02	2.171717e+00	6.203647e-05
7.070707e-02	2.222222e+00	1.114490e-05
7.070707e-02	2.272727e+00	1.747485e-06
7.070707e-02	2.323232e+00	2.387369e-07
7.070707e-02	2.373737e+00	2.836749e-08
7.070707e-02	2.424242e+00	2.926004e-09
7.070707e-02	2.474747e+00	2.615238e-10
7.070707e-02	2.525253e+00	2.020009e-11
7.070707e-02	2.575758e+00	1.349138e-12
7.070707e-02	2.626263e+00	7.688436e-14
7.070707e-02	2.676768e+00	3.921980e-15
7.070707e-02	2.727273e+00	1.394685e-16
7.070707e-02	2.777778e+00	1.109752e-17
7.070707e-02	2.828283e+00	2.652831e-19
7.070707e-02	2.878788e+00	1.056329e-18
7.070707e-02	2.929293e+00	9.329317e-19
7.070707e-02	2.979798e+00	9.839195e-19
7.070707e-02	3.030303e+00	1.004068e-18
7.070707e-02	3.080808e+00	1.022795e-18
7.070707e-02	3.131313e+00	1.035941e-18
7.070707e-02	3.181818e+00	1.044281e-18
7.070707e-02	3.232323e+00	1.047462e-18
7.070707e-02	3.282828e+00	1.046020e-18
7.070707e-02	3.333333e+00	1.039631e-18
7.070707e-02	3.383838e+00	1.028881e-18
7.070707e-02	3.434343e+00	1.013616e-18
7.070707e-02	3.484848e+00	9.942888e-19
7.070707e-02	3.535354e+00	9.710279e-19
7.070707e-02	3.585859e+00	9.440969e-19
7.070707e-02	3.636364e+00	9.138684e-19
7.070707e-02	3.686869e+00	8.804867e-19
7.070707e-02	3.737374e+00	8.444486e-19
7.070707e-02	3.787879e+00	8.059039e-19
7.070707e-02	3.838384e+00	7.653137e-19
7.070707e-02	3.888889e+00	7.229609e-19
7.070707e-02	3.939394e+00	6.791871e-19
7.070707e-02	3.989899e+00	6.343941e-19
7.070707e-02	4.040404e+00	5.888449e-19
7.070707e-02	4.090909e+00	5.429989e-19
7.070707e-02	4.141414e+00	4.970787e-19
7.070707e-02	4.191919e+00	4.515459e-19
7.070707e-02	4.242424e+00	4.066194e-19
7.070707e-02	4.292929e+00	3.627155e-19
7.070707e-02	4.343434e+00	3.200729e-19
7.070707e-02	4.393939e+00	2.790476e-19
7.070707e-02	4.444444e+00	2.398769e-19
7.070707e-02	4.494949e+00	2.028665e-19
7.070707e-02	4.545455e+00	1.682492e-19
7.070707e-02	4.595960e+00	1.362676e-19
7.070707e-02	4.646465e+00	1.071449e-19
7.070707e-02	4.696970e+00	8.107158e-20
7.070707e-02	4.747475e+00	5.825789e-20
7.070707e-02	4.797980e+00	3.886438e-20
7.070707e-02	4.848485e+00	2.308424e-20
7.070707e-02	4.898990e+00	1.110495e-20
7.070707e-02	4.949495e+00	3.207077e-21
7.070707e-02	5.000000e+00	1.377269e-31
8.080808e-02	0.000000e+00	0.000000e+00
8.080808e-02	5.050505e-02	5.329990e-07
8.080808e-02	1.010101e-01	3.045512e-06
8.080808e-02	1.515152e-01	1.145389e-05
8.080808e-02	2.020202e-01	3.744451e-05
8.080808e-02	2.525253e-01	1.129157e-04
8.080808e-02	3.030303e-01	3.186572e-04
8.080808e-02	3.535354e-01	8.434886e-04
8.080808e-02	4.040404e-01	2.091069e-03
8.080808e-02	4.545455e-01	4.840491e-03
8.080808e-02	5.050505e-01	1.042264e-02
8.080808e-02	5.555556e-01	2.078005e-02
8.080808e-02	6.060606e-01	3.815489e-02
8.080808e-02	6.565657e-01	6.410445e-02
8.080808e-02	7.070707e-01	9.778223e-02
8.080808e-02	7.575758e-01	1.341060e-01
8.080808e-02	8.080808e-01	1.633455e-01
8.080808e-02	8.585859e-01	1.739139e-01
8.080808e-02	9.090909e-01	1.585581e-01
8.080808e-02	9.595960e-01	1.207015e-01
8.080808e-02	1.010101e+00	7.507694e-02
8.080808e-02	1.060606e+00	3.939379e-02
8.080808e-02	1.111111e+00	2.260205e-02
8.080808e-02	1.161616e+00	2.301226e-02
8.080808e-02	1.212121e+00	4.420912e-02
8.080808e-02	1.262626e+00	1.166062e-01
8.080808e-02	1.313131e+00	2.962586e-01
8.080808e-02	1.363636e+00	6.249343e-01
8.080808e-02	1.414141e+00	1.074894e+00
8.080808e-02	1.464646e+00	1.529950e+00
8.080808e-02	1.515152e+00	1.833391e+00
8.080808e-02	1.565657e+00	1.875299e+00
8.080808e-02	1.616162e+00	1.653766e+00
8.080808e-02	1.666667e+00	1.266282e+00
8.080808e-02	1.717172e+00	8.459579e-01
8.080808e-02	1.767677e+00	4.946943e-01
8.080808e-02	1.818182e+00	2.537374e-01
8.080808e-02	1.868687e+00	1.142860e-01
8.080808e-02	1.919192e+00	4.522401e-02
8.080808e-02	1.969697e+00	1.572144e-02
8.080808e-02	2.020202e+00	4.799148e-03
8.080808e-02	2.070707e+00	1.285420e-03
8.080808e-02	2.121212e+00	3.017741e-04
8.080808e-02	2.171717e+00	6.201975e-05
8.080808e-02	2.222222e+00	1.114212e-05
8.080808e-02	2.272727e+00	1.747080e-06
8.080808e-02	2.323232e+00	2.386855e-07
8.080808e-02	2.373737e+00	2.836179e-08
8.080808e-02	2.424242e+00	2.925454e-09
8.080808e-02	2.474747e+00	2.614778e-10
8.080808e-02	2.525253e+00	2.019676e-11
8.080808e-02	2.575758e+00	1.348929e-12
8.080808e-02	2.626263e+00	7.687314e-14
8.080808e-02	2.676768e+00	3.921436e-15
8.080808e-02	2.727273e+00	1.394512e-16
8.080808e-02	2.777778e+00	1.109606e-17
8.080808e-02	2.828283e+00	2.653476e-19
8.080808e-02	2.878788e+00	1.056270e-18
8.080808e-02	2.929293e+00	9.328940e-19
8.080808e-02	2.979798e+00	9.838772e-19
8.080808e-02	3.030303e+00	1.004025e-18
8.080808e-02	3.080808e+00	1.022751e-18
8.080808e-02	3.131313e+00	1.035897e-18
8.080808e-02	3.181818e+00	1.044236e-18
8.080808e-02	3.232323e+00	1.047416e-18
8.080808e-02	3.282828e+00	1.045975e-18
8.080808e-02	3.333333e+00	1.039586e-18
8.080808e-02	3.383838e+00	1.028837e-18
8.080808e-02	3.434343e+00	1.013572e-18
8.080808e-02	3.484848e+00	9.942453e-19
8.080808e-02	3.535354e+00	9.709855e-19
8.080808e-02	3.585859e+00	9.440554e-19
8.080808e-02	3.636364e+00	9.138284e-19
8.080808e-02	3.686869e+00	8.804480e-19
8.080808e-02	3.737374e+00	8.444115e-19
8.080808e-02	3.787879e+00	8.058685e-19
8.080808e-02	3.838384e+00	7.652800e-19
8.080808e-02	3.888889e+00	7.229291e-19
8.080808e-02	3.939394e+00	6.791571e-19
8.080808e-02	3.989899e+00	6.343661e-19
8.080808e-02	4.040404e+00	5.888189e-19
8.080808e-02	4.090909e+00	5.429749e-19
8.080808e-02	4.141414e+00	4.970567e-19
8.080808e-02	4.191919e+00	4.515259e-19
8.080808e-02	4.242424e+00	4.066014e-19
8.080808e-02	4.292929e+00	3.626995e-19
8.080808e-02	4.343434e+00	3.200587e-19
8.080808e-02	4.393939e+00	2.790352e-19
8.080808e-02	4.444444e+00	2.398663e-19
8.080808e-02	4.494949e+00	2.028576e-19
8.080808e-02	4.545455e+00	1.682418e-19
8.080808e-02	4.595960e+00	1.362616e-19
8.080808e-02	4.646465e+00	1.071401e-19
8.080808e-02	4.696970e+00	8.106800e-20
8.080808e-02	4.747475e+00	5.825531e-20
8.080808e-02	4.797980e+00	3.886266e-20
8.080808e-02	4.848485e+00	2.308322e-20
8.080808e-02	4.898990e+00	1.110446e-20
8.080808e-02	4.949495e+00	3.206936e-21
8.080808e-02	5.000000e+00	1.381159e-31
9.090909e-02	0.000000e+00	0.000000e+00
9.090909e-02	5.050505e-02	5.328618e-07
9.090909e-02	1.010101e-01	3.044718e-06
9.090909e-02	1.515152e-01	1.145081e-05
9.090909e-02	2.020202e-01	3.743388e-05
9.090909e-02	2.525253e-01	1.128812e-04
9.090909e-02	3.030303e-01	3.185503e-04
9.090909e-02	3.535354e-01	8.431720e-04
9.090909e-02	4.040404e-01	2.090175e-03
9.090909e-02	4.545455e-01	4.838097e-03
9.090909e-02	5.050505e-01	1.041657e-02
9.090909e-02	5.555556e-01	2.076560e-02
9.090909e-02	6.060606e-01	3.812268e-02
9.090909e-02	6.565657e-01	6.403764e-02
9.090909e-02	7.070707e-01	9.765421e-02
9.090909e-02	7.575758e-01	1.338813e-01
9.090909e-02	8.080808e-01	1.629889e-01
9.090909e-02	8.585859e-01	1.734114e-01
9.090909e-02	9.090909e-01	1.579509e-01
9.090909e-02	9.595960e-01	1.201208e-01
9.090909e-02	1.010101e+00	7.475639e-02
9.090909e-02	1.060606e+00	3.962864e-02
9.090909e-02	1.111111e+00	2.364367e-02
9.090909e-02	1.161616e+00	2.492546e-02
9.090909e-02	1.212121e+00	4.676555e-02
9.090909e-02	1.262626e+00	1.192959e-01
9.090909e-02	1.313131e+00	2.984498e-01
9.090909e-02	1.363636e+00	6.261197e-01
9.090909e-02	1.414141e+00	1.074894e+00
9.090909e-02	1.464646e+00	1.528957e+00
9.090909e-02	1.515152e+00	1.831845e+00
9.090909e-02	1.565657e+00	1.873676e+00
9.090909e-02	1.616162e+00	1.652405e+00
9.090909e-02	1.666667e+00	1.265320e+00
9.090909e-02	1.717172e+00	8.453726e-01
9.090909e-02	1.767677e+00	4.943840e-01
9.090909e-02	1.818182e+00	2.535931e-01
9.090909e-02	1.868687e+00	1.142270e-01
9.090909e-02	1.919192e+00	4.520279e-02
9.090909e-02	1.969697e+00	1.571471e-02
9.090909e-02	2.020202e+00	4.797269e-03
9.090909e-02	2.070707e+00	1.284958e-03
9.090909e-02	2.121212e+00	3.016743e-04
9.090909e-02	2.171717e+00	6.200082e-05
9.090909e-02	2.222222e+00	1.113897e-05
9.090909e-02	2.272727e+00	1.746622e-06
9.090909e-02	2.323232e+00	2.386272e-07
9.090909e-02	2.373737e+00	2.835534e-08
9.090909e-02	2.424242e+00	2.924832e-09
9.090909e-02	2.474747e+00	2.614258e-10
9.090909e-02	2.525253e+00	2.019298e-11
9.090909e-02	2.575758e+00	1.348692e-12
9.090909e-02	2.626263e+00	7.686044e-14
9.090909e-02	2.676768e+00	3.920820e-15
9.090909e-02	2.727273e+00	1.394316e-16
9.090909e-02	2.777778e+00	1.109442e-17
9.090909e-02	2.828283e+00	2.654213e-19
9.090909e-02	2.878788e+00	1.056204e-18
9.090909e-02	2.929293e+00	9.328524e-19
9.090909e-02	2.979798e+00	9.838304e-19
9.090909e-02	3.030303e+00	1.003977e-18
9.090909e-02	3.080808e+00	1.022702e-18
9.090909e-02	3.131313e+00	1.035847e-18
9.090909e-02	3.181818e+00	1.044186e-18
9.090909e-02	3.232323e+00	1.047366e-18
9.090909e-02	3.282828e+00	1.045924e-18
9.090909e-02	3.333333e+00	1.039536e-18
9.090909e-02	3.383838e+00	1.028787e-18
9.090909e-02	3.434343e+00	1.013523e-18
9.090909e-02	3.484848e+00	9.941971e-19
9.090909e-02	3.535354e+00	9.709385e-19
9.090909e-02	3.585859e+00	9.440096e-19
9.090909e-02	3.636364e+00	9.137841e-19
9.090909e-02	3.686869e+00	8.804051e-19
9.090909e-02	3.737374e+00	8.443705e-19
9.090909e-02	3.787879e+00	8.058292e-19
9.090909e-02	3.838384e+00	7.652427e-19
9.090909e-02	3.888889e+00	7.228938e-19
9.090909e-02	3.939394e+00	6.791240e-19
9.090909e-02	3.989899e+00	6.343351e-19
9.090909e-02	4.040404e+00	5.887901e-19
9.090909e-02	4.090909e+00	5.429484e-19
9.090909e-02	4.141414e+00	4.970324e-19
9.090909e-02	4.191919e+00	4.515038e-19
9.090909e-02	4.242424e+00	4.065815e-19
9.090909e-02	4.292929e+00	3.626817e-19
9.090909e-02	4.343434e+00	3.200431e-19
9.090909e-02	4.393939e+00	2.790215e-19
9.090909e-02	4.444444e+00	2.398545e-19
9.090909e-02	4.494949e+00	2.028476e-19
9.090909e-02	4.545455e+00	1.682335e-19
9.090909e-02	4.595960e+00	1.362549e-19
9.090909e-02	4.646465e+00	1.071349e-19
9.090909e-02	4.696970e+00	8.106403e-20
9.090909e-02	4.747475e+00	5.825246e-20
9.090909e-02	4.797980e+00	3.886076e-20
9.090909e-02	4.848485e+00	2.308209e-20
9.090909e-02	4.898990e+00	1.110392e-20
9.090909e-02	4.949495e+00	3.206780e-21
9.090909e-02	5.000000e+00	1.385563e-31
1.010101e-01	0.000000e+00	0.000000e+00
1.010101e-01	5.050505e-02	5.327095e-07
1.010101e-01	1.010101e-01	3.043836e-06
1.010101e-01	1.515152e-01	1.144738e-05
1.010101e-01	2.020202e-01	3.742208e-05
1.010101e-01	2.525253e-01	1.128429e-04
1.010101e-01	3.030303e-01	3.184315e-04
1.010101e-01	3.535354e-01	8.428202e-04
1.010101e-01	4.040404e-01	2.089182e-03
1.010101e-01	4.545455e-01	4.835434e-03
1.010101e-01	5.050505e-01	1.040983e-02
1.010101e-01	5.555556e-01	2.074952e-02
1.010101e-01	6.060606e-01	3.808681e-02
1.010101e-01	6.565657e-01	6.396323e-02
1.010101e-01	7.070707e-01	9.751160e-02
1.010101e-01	7.575758e-01	1.336310e-01
1.010101e-01	8.080808e-01	1.625915e-01
1.010101e-01	8.585859e-01	1.728513e-01
1.010101e-01	9.090909e-01	1.572740e-01
1.010101e-01	9.595960e-01	1.194736e-01
1.010101e-01	1.010101e+00	7.439953e-02
1.010101e-01	1.060606e+00	3.989158e-02
1.010101e-01	1.111111e+00	2.480696e-02
1.010101e-01	1.161616e+00	2.706151e-02
1.010101e-01	1.212121e+00	4.961954e-02
1.010101e-01	1.262626e+00	1.222985e-01
1.010101e-01	1.313131e+00	3.008959e-01
1.010101e-01	1.363636e+00	6.274429e-01
1.010101e-01	1.414141e+00	1.074893e+00
1.010101e-01	1.464646e+00	1.527847e+00
1.010101e-01	1.515152e+00	1.830118e+00
1.010101e-01	1.565657e+00	1.871864e+00
1.010101e-01	1.616162e+00	1.650884e+00
1.010101e-01	1.666667e+00	1.264246e+00
1.010101e-01	1.717172e+00	8.447188e-01
1.010101e-01	1.767677e+00	4.940373e-01
1.010101e-01	1.818182e+00	2.534320e-01
1.010101e-01	1.868687e+00	1.141612e-01
1.010101e-01	1.919192e+00	4.517909e-02
1.010101e-01	1.969697e+00	1.570720e-02
1.010101e-01	2.020202e+00	4.795170e-03
1.010101e-01	2.070707e+00	1.284442e-03
1.010101e-01	2.121212e+00	3.015629e-04
1.010101e-01	2.171717e+00	6.197967e-05
1.010101e-01	2.222222e+00	1.113546e-05
1.010101e-01	2.272727e+00	1.746110e-06
1.010101e-01	2.323232e+00	2.385622e-07
1.010101e-01	2.373737e+00	2.834813e-08
1.010101e-01	2.424242e+00	2.924137e-09
1.010101e-01	2.474747e+00	2.613676e-10
1.010101e-01	2.525253e+00	2.018877e-11
1.010101e-01	2.575758e+00	1.348427e-12
1.010101e-01	2.626263e+00	7.684625e-14
1.010101e-01	2.676768e+00	3.920132e-15
1.010101e-01	2.727273e+00	1.394097e-16
1.010101e-01	2.777778e+00	1.109258e-17
1.010101e-01	2.828283e+00	2.655046e-19
1.010101e-01	2.878788e+00	1.056132e-18
1.010101e-01	2.929293e+00	9.328074e-19
1.010101e-01	2.979798e+00	9.837795e-19
1.010101e-01	3.030303e+00	1.003926e-18
1.010101e-01	3.080808e+00	1.022650e-18
1.010101e-01	3.131313e+00	1.035794e-18
1.010101e-01	3.181818e+00	1.044131e-18
1.010101e-01	3.232323e+00	1.047312e-18
1.010101e-01	3.282828e+00	1.045870e-18
1.010101e-01	3.333333e+00	1.039481e-18
1.010101e-01	3.383838e+00	1.028733e-18
1.010101e-01	3.434343e+00	1.013470e-18
1.010101e-01	3.484848e+00	9.941447e-19
1.010101e-01	3.535354e+00	9.708875e-19
1.010101e-01	3.585859e+00	9.439597e-19
1.010101e-01	3.636364e+00	9.137359e-19
1.010101e-01	3.686869e+00	8.803586e-19
1.010101e-01	3.737374e+00	8.443258e-19
1.010101e-01	3.787879e+00	8.057865e-19
1.010101e-01	3.838384e+00	7.652021e-19
1.010101e-01	3.888889e+00	7.228555e-19
1.010101e-01	3.939394e+00	6.790879e-19
1.010101e-01	3.989899e+00	6.343015e-19
1.010101e-01	4.040404e+00	5.887588e-19
1.010101e-01	4.090909e+00	5.429195e-19
1.010101e-01	4.141414e+00	4.970059e-19
1.010101e-01	4.191919e+00	4.514798e-19
1.010101e-01	4.242424e+00	4.065598e-19
1.010101e-01	4.292929e+00	3.626624e-19
1.010101e-01	4.343434e+00	3.200260e-19
1.010101e-01	4.393939e+00	2.790067e-19
1.010101e-01	4.444444e+00	2.398417e-19
1.010101e-01	4.494949e+00	2.028368e-19
1.010101e-01	4.545455e+00	1.682245e-19
1.010101e-01	4.595960e+00	1.362476e-19
1.010101e-01	4.646465e+00	1.071292e-19
1.010101e-01	4.696970e+00	8.105972e-20
1.010101e-01	4.747475e+00	5.824936e-20
1.010101e-01	4.797980e+00	3.885870e-20
1.010101e-01	4.848485e+00	2.308086e-20
1.010101e-01	4.898990e+00	1.110333e-20
1.010101e-01	4.949495e+00	3.206611e-21
1.010101e-01	5.000000e+00	1.390479e-31
1.111111e-01	0.000000e+00	0.000000e+00
1.111111e-01	5.050505e-02	5.325426e-07
1.111111e-01	1.010101e-01	3.042869e-06
1.111111e-01	1.515152e-01	1.144363e-05
1.111111e-01	2.020202e-01	3.740914e-05
1.111111e-01	2.525253e-01	1.128009e-04
1.111111e-01	3.030303e-01	3.183011e-04
1.111111e-01	3.535354e-01	8.424338e-04
1.111111e-01	4.040404e-01	2.088090e-03
1.111111e-01	4.545455e-01	4.832507e-03
1.111111e-01	5.050505e-01	1.040241e-02
1.111111e-01	5.555556e-01	2.073183e-02
1.111111e-01	6.060606e-01	3.804734e-02
1.111111e-01	6.565657e-01	6.388132e-02
1.111111e-01	7.070707e-01	9.735456e-02
1.111111e-01	7.575758e-01	1.333553e-01
1.111111e-01	8.080808e-01	1.621537e-01
1.111111e-01	8.585859e-01	1.722341e-01
1.111111e-01	9.090909e-01	1.565281e-01
1.111111e-01	9.595960e-01	1.187606e-01
1.111111e-01	1.010101e+00	7.400682e-02
1.111111e-01	1.060606e+00	4.018276e-02
1.111111e-01	1.111111e+00	2.609164e-02
1.111111e-01	1.161616e+00	2.941967e-02
1.111111e-01	1.212121e+00	5.276999e-02
1.111111e-01	1.262626e+00	1.256130e-01
1.111111e-01	1.313131e+00	3.035959e-01
1.111111e-01	1.363636e+00	6.289032e-01
1.111111e-01	1.414141e+00	1.074891e+00
1.111111e-01	1.464646e+00	1.526622e+00
1.111111e-01	1.515152e+00	1.828211e+00
1.111111e-01	1.565657e+00	1.869862e+00
1.111111e-01	1.616162e+00	1.649205e+00
1.111111e-01	1.666667e+00	1.263060e+00
1.111111e-01	1.717172e+00	8.439969e-01
1.111111e-01	1.767677e+00	4.936544e-01
1.111111e-01	1.818182e+00	2.532541e-01
1.111111e-01	1.868687e+00	1.140884e-01
1.111111e-01	1.919192e+00	4.515291e-02
1.111111e-01	1.969697e+00	1.569890e-02
1.111111e-01	2.020202e+00	4.792852e-03
1.111111e-01	2.070707e+00	1.283872e-03
1.111111e-01	2.121212e+00	3.014397e-04
1.111111e-01	2.171717e+00	6.195631e-05
1.111111e-01	2.222222e+00	1.113157e-05
1.111111e-01	2.272727e+00	1.745545e-06
1.111111e-01	2.323232e+00	2.384903e-07
1.111111e-01	2.373737e+00	2.834017e-08
1.111111e-01	2.424242e+00	2.923370e-09
1.111111e-01	2.474747e+00	2.613033e-10
1.111111e-01	2.525253e+00	2.018411e-11
1.111111e-01	2.575758e+00	1.348134e-12
1.111111e-01	2.626263e+00	7.683058e-14
1.111111e-01	2.676768e+00	3.919372e-15
1.111111e-01	2.727273e+00	1.393855e-16
1.111111e-01	2.777778e+00	1.109055e-17
1.111111e-01	2.828283e+00	2.655978e-19
1.111111e-01	2.878788e+00	1.056053e-18
1.111111e-01	2.929293e+00	9.327592e-19
1.111111e-01	2.979798e+00	9.837251e-19
1.111111e-01	3.030303e+00	1.003870e-18
1.111111e-01	3.080808e+00	1.022593e-18
1.111111e-01	3.131313e+00	1.035736e-18
1.111111e-01	3.181818e+00	1.044073e-18
1.111111e-01	3.232323e+00	1.047253e-18
1.111111e-01	3.282828e+00	1.045811e-18
1.111111e-01	3.333333e+00	1.039423e-18
1.111111e-01	3.383838e+00	1.028675e-18
1.111111e-01	3.434343e+00	1.013413e-18
1.111111e-01	3.484848e+00	9.940885e-19
1.111111e-01	3.535354e+00	9.708328e-19
1.111111e-01	3.585859e+00	9.439062e-19
1.111111e-01	3.636364e+00	9.136843e-19
1.111111e-01	3.686869e+00	8.803086e-19
1.111111e-01	3.737374e+00	8.442780e-19
1.111111e-01	3.787879e+00	8.057408e-19
1.111111e-01	3.838384e+00	7.651586e-19
1.111111e-01	3.888889e+00	7.228144e-19
1.111111e-01	3.939394e+00	6.790493e-19
1.111111e-01	3.989899e+00	6.342654e-19
1.111111e-01	4.040404e+00	5.887252e-19
1.111111e-01	4.090909e+00	5.428886e-19
1.111111e-01	4.141414e+00	4.969776e-19
1.111111e-01	4.191919e+00	4.514541e-19
1.111111e-01	4.242424e+00	4.065366e-19
1.111111e-01	4.292929e+00	3.626417e-19
1.111111e-01	4.343434e+00	3.200077e-19
1.111111e-01	4.393939e+00	2.789908e-19
1.111111e-01	4.444444e+00	2.398280e-19
1.111111e-01	4.494949e+00	2.028252e-19
1.111111e-01	4.545455e+00	1.682149e-19
1.111111e-01	4.595960e+00	1.362399e-19
1.111111e-01	4.646465e+00	1.071231e-19
1.111111e-01	4.696970e+00	8.105510e-20
1.111111e-01	4.747475e+00	5.824604e-20
1.111111e-01	4.797980e+00	3.885648e-20
1.111111e-01	4.848485e+00	2.307955e-20
1.111111e-01	4.898990e+00	1.110270e-20
1.111111e-01	4.949495e+00	3.206430e-21
1.111111e-01	5.000000e+00	1.395906e-31
1.212121e-01	0.000000e+00	0.000000e+00
1.212121e-01	5.050505e-02	5.323614e-07
1.212121e-01	1.010101e-01	3.041820e-06
1.212121e-01	1.515152e-01	1.143955e-05
1.212121e-01	2.020202e-01	3.739508e-05
1.212121e-01	2.525253e-01	1.127552e-04
1.212121e-01	3.030303e-01	3.181594e-04
1.212121e-01	3.535354e-01	8.420135e-04
1.212121e-01	4.040404e-01	2.086903e-03
1.212121e-01	4.545455e-01	4.829320e-03
1.212121e-01	5.050505e-01	1.039433e-02
1.212121e-01	5.555556e-01	2.071255e-02
1.212121e-01	6.060606e-01	3.800432e-02
1.212121e-01	6.565657e-01	6.379200e-02
1.212121e-01	7.070707e-01	9.718325e-02
1.212121e-01	7.575758e-01	1.330545e-01
1.212121e-01	8.080808e-01	1.616758e-01
1.212121e-01	8.585859e-01	1.715605e-01
1.212121e-01	9.090909e-01	1.557139e-01
1.212121e-01	9.595960e-01	1.179825e-01
1.212121e-01	1.010101e+00	7.357878e-02
1.212121e-01	1.060606e+00	4.050234e-02
1.212121e-01	1.111111e+00	2.749739e-02
1.212121e-01	1.161616e+00	3.199912e-02
1.212121e-01	1.212121e+00	5.621575e-02
1.212121e-01	1.262626e+00	1.292380e-01
1.212121e-01	1.313131e+00	3.065488e-01
1.212121e-01	1.363636e+00	6.305001e-01
1.212121e-01	1.414141e+00	1.074889e+00
1.212121e-01	1.464646e+00	1.525281e+00
1.212121e-01	1.515152e+00	1.826125e+00
1.212121e-01	1.565657e+00	1.867671e+00
1.212121e-01	1.616162e+00	1.647368e+00
1.212121e-01	1.666667e+00	1.261762e+00
1.212121e-01	1.717172e+00	8.432068e-01
1.212121e-01	1.767677e+00	4.932355e-01
1.212121e-01	1.818182e+00	2.530593e-01
1.212121e-01	1.868687e+00	1.140088e-01
1.212121e-01	1.919192e+00	4.512426e-02
1.212121e-01	1.969697e+00	1.568981e-02
1.212121e-01	2.020202e+00	4.790315e-03
1.212121e-01	2.070707e+00	1.283249e-03
1.212121e-01	2.121212e+00	3.013050e-04
1.212121e-01	2.171717e+00	6.193074e-05
1.212121e-01	2.222222e+00	1.112732e-05
1.212121e-01	2.272727e+00	1.744926e-06
1.212121e-01	2.323232e+00	2.384117e-07
1.212121e-01	2.373737e+00	2.833145e-08
1.212121e-01	2.424242e+00	2.922530e-09
1.212121e-01	2.474747e+00	2.612330e-10
1.212121e-01	2.525253e+00	2.017901e-11
1.212121e-01	2.575758e+00	1.347814e-12
1.212121e-01	2.626263e+00	7.681342e-14
1.212121e-01	2.676768e+00	3.918540e-15
1.212121e-01	2.727273e+00	1.393590e-16
1.212121e-01	2.777778e+00	1.108834e-17
1.212121e-01	2.828283e+00	2.657011e-19
1.212121e-01	2.878788e+00	1.055970e-18
1.212121e-01	2.929293e+00	9.327086e-19
1.212121e-01	2.979798e+00	9.836676e-19
1.212121e-01	3.030303e+00	1.003812e-18
1.212121e-01	3.080808e+00	1.022533e-18
1.212121e-01	3.131313e+00	1.035675e-18
1.212121e-01	3.181818e+00	1.044012e-18
1.212121e-01	3.232323e+00	1.047192e-18
1.212121e-01	3.282828e+00	1.045749e-18
1.212121e-01	3.333333e+00	1.039362e-18
1.212121e-01	3.383838e+00	1.028614e-18
1.212121e-01	3.434343e+00	1.013353e-18
1.212121e-01	3.484848e+00	9.940292e-19
1.212121e-01	3.535354e+00	9.707750e-19
1.212121e-01	3.585859e+00	9.438498e-19
1.212121e-01	3.636364e+00	9.136297e-19
1.212121e-01	3.686869e+00	8.802559e-19
1.212121e-01	3.737374e+00	8.442274e-19
1.212121e-01	3.787879e+00	8.056924e-19
1.212121e-01	3.838384e+00	7.651127e-19
1.212121e-01	3.888889e+00	7.227710e-19
1.212121e-01	3.939394e+00	6.790084e-19
1.212121e-01	3.989899e+00	6.342272e-19
1.212121e-01	4.040404e+00	5.886898e-19
1.212121e-01	4.090909e+00	5.428559e-19
1.212121e-01	4.141414e+00	4.969476e-19
1.212121e-01	4.191919e+00	4.514269e-19
1.212121e-01	4.242424e+00	4.065121e-19
1.212121e-01	4.292929e+00	3.626198e-19
1.212121e-01	4.343434e+00	3.199884e-19
1.212121e-01	4.393939e+00	2.789739e-19
1.212121e-01	4.444444e+00	2.398135e-19
1.212121e-01	4.494949e+00	2.028130e-19
1.212121e-01	4.545455e+00	1.682048e-19
1.212121e-01	4.595960e+00	1.362316e-19
1.212121e-01	4.646465e+00	1.071166e-19
1.212121e-01	4.696970e+00	8.105021e-20
1.212121e-01	4.747475e+00	5.824253e-20
1.212121e-01	4.797980e+00	3.885414e-20
1.212121e-01	4.848485e+00	2.307816e-20
1.212121e-01	4.898990e+00	1.110203e-20
1.212121e-01	4.949495e+00	3.206238e-21
1.212121e-01	5.000000e+00	1.401842e-31
1.313131e-01	0.000000e+00	0.000000e+00
1.313131e-01	5.050505e-02	5.321664e-07
1.313131e-01	1.010101e-01	3.040690e-06
1.313131e-01	1.515152e-01	1.143516e-05
1.313131e-01	2.020202e-01	3.737993e-05
1.313131e-01	2.525253e-01	1.127059e-04
1.313131e-01	3.030303e-01	3.180066e-04
1.313131e-01	3.535354e-01	8.415602e-04
1.313131e-01	4.040404e-01	2.085621e-03
1.313131e-01	4.545455e-01	4.825879e-03
1.313131e-01	5.050505e-01	1.038560e-02
1.313131e-01	5.555556e-01	2.069172e-02
1.313131e-01	6.060606e-01	3.795780e-02
1.313131e-01	6.565657e-01	6.369537e-02
1.313131e-01	7.070707e-01	9.699787e-02
1.313131e-01	7.575758e-01	1.327289e-01
1.313131e-01	8.080808e-01	1.611584e-01
1.313131e-01	8.585859e-01	1.708310e-01
1.313131e-01	9.090909e-01	1.548322e-01
1.313131e-01	9.595960e-01	1.171398e-01
1.313131e-01	1.010101e+00	7.311597e-02
1.313131e-01	1.060606e+00	4.085050e-02
1.313131e-01	1.111111e+00	2.902387e-02
1.313131e-01	1.161616e+00	3.479896e-02
1.313131e-01	1.212121e+00	5.995551e-02
1.313131e-01	1.262626e+00	1.331721e-01
1.313131e-01	1.313131e+00	3.097534e-01
1.313131e-01	1.363636e+00	6.322328e-01
1.313131e-01	1.414141e+00	1.074886e+00
1.313131e-01	1.464646e+00	1.523824e+00
1.313131e-01	1.515152e+00	1.823858e+00
1.313131e-01	1.565657e+00	1.865293e+00
1.313131e-01	1.616162e+00	1.645373e+00
1.313131e-01	1.666667e+00	1.260352e+00
1.313131e-01	1.717172e+00	8.423488e-01
1.313131e-01	1.767677e+00	4.927805e-01
1.313131e-01	1.818182e+00	2.528478e-01
1.313131e-01	1.868687e+00	1.139224e-01
1.313131e-01	1.919192e+00	4.509315e-02
1.313131e-01	1.969697e+00	1.567994e-02
1.313131e-01	2.020202e+00	4.787559e-03
1.313131e-01	2.070707e+00	1.282571e-03
1.313131e-01	2.121212e+00	3.011586e-04
1.313131e-01	2.171717e+00	6.190297e-05
1.313131e-01	2.222222e+00	1.112270e-05
1.313131e-01	2.272727e+00	1.744254e-06
1.313131e-01	2.323232e+00	2.383262e-07
1.313131e-01	2.373737e+00	2.832199e-08
1.313131e-01	2.424242e+00	2.921617e-09
1.313131e-01	2.474747e+00	2.611566e-10
1.313131e-01	2.525253e+00	2.017347e-11
1.313131e-01	2.575758e+00	1.347466e-12
1.313131e-01	2.626263e+00	7.679478e-14
1.313131e-01	2.676768e+00	3.917637e-15
1.313131e-01	2.727273e+00	1.393302e-16
1.313131e-01	2.777778e+00	1.108594e-17
1.313131e-01	2.828283e+00	2.658148e-19
1.313131e-01	2.878788e+00	1.055882e-18
1.313131e-01	2.929293e+00	9.326559e-19
1.313131e-01	2.979798e+00	9.836076e-19
1.313131e-01	3.030303e+00	1.003751e-18
1.313131e-01	3.080808e+00	1.022471e-18
1.313131e-01	3.131313e+00	1.035612e-18
1.313131e-01	3.181818e+00	1.043948e-18
1.313131e-01	3.232323e+00	1.047127e-18
1.313131e-01	3.282828e+00	1.045685e-18
1.313131e-01	3.333333e+00	1.039298e-18
1.313131e-01	3.383838e+00	1.028550e-18
1.313131e-01	3.434343e+00	1.013290e-18
1.313131e-01	3.484848e+00	9.939673e-19
1.313131e-01	3.535354e+00	9.707147e-19
1.313131e-01	3.585859e+00	9.437908e-19
1.313131e-01	3.636364e+00	9.135728e-19
1.313131e-01	3.686869e+00	8.802008e-19
1.313131e-01	3.737374e+00	8.441747e-19
1.313131e-01	3.787879e+00	8.056420e-19
1.313131e-01	3.838384e+00	7.650648e-19
1.313131e-01	3.888889e+00	7.227257e-19
1.313131e-01	3.939394e+00	6.789658e-19
1.313131e-01	3.989899e+00	6.341874e-19
1.313131e-01	4.040404e+00	5.886527e-19
1.313131e-01	4.090909e+00	5.428218e-19
1.313131e-01	4.141414e+00	4.969164e-19
1.313131e-01	4.191919e+00	4.513984e-19
1.313131e-01	4.242424e+00	4.064865e-19
1.313131e-01	4.292929e+00	3.625970e-19
1.313131e-01	4.343434e+00	3.199683e-19
1.313131e-01	4.393939e+00	2.789564e-19
1.313131e-01	4.444444e+00	2.397984e-19
1.313131e-01	4.494949e+00	2.028002e-19
1.313131e-01	4.545455e+00	1.681942e-19
1.313131e-01	4.595960e+00	1.362230e-19
1.313131e-01	4.646465e+00	1.071098e-19
1.313131e-01	4.696970e+00	8.104511e-20
1.313131e-01	4.747475e+00	5.823886e-20
1.313131e-01	4.797980e+00	3.885170e-20
1.313131e-01	4.848485e+00	2.307671e-20
1.313131e-01	4.898990e+00	1.110134e-20
1.313131e-01	4.949495e+00	3.206038e-21
1.313131e-01	5.000000e+00	1.408283e-31
1.414141e-01	0.000000e+00	0.000000e+00
1.414141e-01	5.050505e-02	5.319579e-07
1.414141e-01	1.010101e-01	3.039482e-06
1.414141e-01	1.515152e-01	1.143047e-05
1.414141e-01	2.020202e-01	3.736374e-05
1.414141e-01	2.525253e-01	1.126533e-04
1.414141e-01	3.030303e-01	3.178430e-04
1.414141e-01	3.535354e-01	8.410747e-04
1.414141e-01	4.040404e-01	2.084247e-03
1.414141e-01	4.545455e-01	4.822189e-03
1.414141e-01	5.050505e-01	1.037623e-02
1.414141e-01	5.555556e-01	2.066935e-02
1.414141e-01	6.060606e-01	3.790783e-02
1.414141e-01	6.565657e-01	6.359155e-02
1.414141e-01	7.070707e-01	9.679861e-02
1.414141e-01	7.575758e-01	1.323787e-01
1.414141e-01	8.080808e-01	1.606020e-01
1.414141e-01	8.585859e-01	1.700463e-01
1.414141e-01	9.090909e-01	1.538836e-01
1.414141e-01	9.595960e-01	1.162335e-01
1.414141e-01	1.010101e+00	7.261901e-02
1.414141e-01	1.060606e+00	4.122746e-02
1.414141e-01	1.111111e+00	3.067070e-02
1.414141e-01	1.161616e+00	3.781822e-02
1.414141e-01	1.212121e+00	6.398789e-02
1.414141e-01	1.262626e+00	1.374139e-01
1.414141e-01	1.313131e+00	3.132084e-01
1.414141e-01	1.363636e+00	6.341006e-01
1.414141e-01	1.414141e+00	1.074881e+00
1.414141e-01	1.464646e+00	1.522252e+00
1.414141e-01	1.515152e+00	1.821414e+00
1.414141e-01	1.565657e+00	1.862727e+00
1.414141e-01	1.616162e+00	1.643220e+00
1.414141e-01	1.666667e+00	1.258831e+00
1.414141e-01	1.717172e+00	8.414232e-01
1.414141e-01	1.767677e+00	4.922896e-01
1.414141e-01	1.818182e+00	2.526196e-01
1.414141e-01	1.868687e+00	1.138291e-01
1.414141e-01	1.919192e+00	4.505958e-02
1.414141e-01	1.969697e+00	1.566930e-02
1.414141e-01	2.020202e+00	4.784586e-03
1.414141e-01	2.070707e+00	1.281840e-03
1.414141e-01	2.121212e+00	3.010006e-04
1.414141e-01	2.171717e+00	6.187300e-05
1.414141e-01	2.222222e+00	1.111772e-05
1.414141e-01	2.272727e+00	1.743529e-06
1.414141e-01	2.323232e+00	2.382340e-07
1.414141e-01	2.373737e+00	2.831177e-08
1.414141e-01	2.424242e+00	2.920632e-09
1.414141e-01	2.474747e+00	2.610741e-10
1.414141e-01	2.525253e+00	2.016750e-11
1.414141e-01	2.575758e+00	1.347091e-12
1.414141e-01	2.626263e+00	7.677466e-14
1.414141e-01	2.676768e+00	3.916662e-15
1.414141e-01	2.727273e+00	1.392991e-16
1.414141e-01	2.777778e+00	1.108335e-17
1.414141e-01	2.828283e+00	2.659395e-19
1.414141e-01	2.878788e+00	1.055789e-18
1.414141e-01	2.929293e+00	9.326019e-19
1.414141e-01	2.979798e+00	9.835457e-19
1.414141e-01	3.030303e+00	1.003688e-18
1.414141e-01	3.080808e+00	1.022407e-18
1.414141e-01	3.131313e+00	1.035547e-18
1.414141e-01	3.181818e+00	1.043882e-18
1.414141e-01	3.232323e+00	1.047061e-18
1.414141e-01	3.282828e+00	1.045618e-18
1.414141e-01	3.333333e+00	1.039231e-18
1.414141e-01	3.383838e+00	1.028484e-18
1.414141e-01	3.434343e+00	1.013225e-18
1.414141e-01	3.484848e+00	9.939035e-19
1.414141e-01	3.535354e+00	9.706525e-19
1.414141e-01	3.585859e+00	9.437300e-19
1.414141e-01	3.636364e+00	9.135141e-19
1.414141e-01	3.686869e+00	8.801440e-19
1.414141e-01	3.737374e+00	8.441202e-19
1.414141e-01	3.787879e+00	8.055899e-19
1.414141e-01	3.838384e+00	7.650153e-19
1.414141e-01	3.888889e+00	7.226789e-19
1.414141e-01	3.939394e+00	6.789218e-19
1.414141e-01	3.989899e+00	6.341463e-19
1.414141e-01	4.040404e+00	5.886145e-19
1.414141e-01	4.090909e+00	5.427866e-19
1.414141e-01	4.141414e+00	4.968841e-19
1.414141e-01	4.191919e+00	4.513691e-19
1.414141e-01	4.242424e+00	4.064600e-19
1.414141e-01	4.292929e+00	3.625734e-19
1.414141e-01	4.343434e+00	3.199475e-19
1.414141e-01	4.393939e+00	2.789382e-19
1.414141e-01	4.444444e+00	2.397828e-19
1.414141e-01	4.494949e+00	2.027871e-19
1.414141e-01	4.545455e+00	1.681832e-19
1.414141e-01	4.595960e+00	1.362142e-19
1.414141e-01	4.646465e+00	1.071029e-19
1.414141e-01	4.696970e+00	8.103984e-20
1.414141e-01	4.747475e+00	5.823508e-20
1.414141e-01	4.797980e+00	3.884918e-20
1.414141e-01	4.848485e+00	2.307521e-20
1.414141e-01	4.898990e+00	1.110062e-20
1.414141e-01	4.949495e+00	3.205832e-21
1.414141e-01	5.000000e+00	1.415229e-31
1.515152e-01	0.000000e+00	0.000000e+00
1.515152e-01	5.050505e-02	5.317366e-07
1.515152e-01	1.010101e-01	3.038200e-06
1.515152e-01	1.515152e-01	1.142549e-05
1.515152e-01	2.020202e-01	3.734653e-05
1.515152e-01	2.525253e-01	1.125973e-04
1.515152e-01	3.030303e-01	3.176691e-04
1.515152e-01	3.535354e-01	8.405580e-04
1.515152e-01	4.040404e-01	2.082784e-03
1.515152e-01	4.545455e-01	4.818257e-03
1.515152e-01	5.050505e-01	1.036624e-02
1.515152e-01	5.555556e-01	2.064549e-02
1.515152e-01	6.060606e-01	3.785449e-02
1.515152e-01	6.565657e-01	6.348066e-02
1.515152e-01	7.070707e-01	9.658570e-02
1.515152e-01	7.575758e-01	1.320045e-01
1.515152e-01	8.080808e-01	1.600071e-01
1.515152e-01	8.585859e-01	1.692071e-01
1.515152e-01	9.090909e-01	1.528691e-01
1.515152e-01	9.595960e-01	1.152645e-01
1.515152e-01	1.010101e+00	7.208854e-02
1.515152e-01	1.060606e+00	4.163341e-02
1.515152e-01	1.111111e+00	3.243746e-02
1.515152e-01	1.161616e+00	4.105585e-02
1.515152e-01	1.212121e+00	6.831136e-02
1.515152e-01	1.262626e+00	1.419618e-01
1.515152e-01	1.313131e+00	3.169126e-01
1.515152e-01	1.363636e+00	6.361026e-01
1.515152e-01	1.414141e+00	1.074876e+00
1.515152e-01	1.464646e+00	1.520565e+00
1.515152e-01	1.515152e+00	1.818791e+00
1.515152e-01	1.565657e+00	1.859974e+00
1.515152e-01	1.616162e+00	1.640911e+00
1.515152e-01	1.666667e+00	1.257200e+00
1.515152e-01	1.717172e+00	8.404301e-01
1.515152e-01	1.767677e+00	4.917629e-01
1.515152e-01	1.818182e+00	2.523748e-01
1.515152e-01	1.868687e+00	1.137290e-01
1.515152e-01	1.919192e+00	4.502355e-02
1.515152e-01	1.969697e+00	1.565787e-02
1.515152e-01	2.020202e+00	4.781395e-03
1.515152e-01	2.070707e+00	1.281056e-03
1.515152e-01	2.121212e+00	3.008311e-04
1.515152e-01	2.171717e+00	6.184084e-05
1.515152e-01	2.222222e+00	1.111237e-05
1.515152e-01	2.272727e+00	1.742750e-06
1.515152e-01	2.323232e+00	2.381351e-07
1.515152e-01	2.373737e+00	2.830080e-08
1.515152e-01	2.424242e+00	2.919575e-09
1.515152e-01	2.474747e+00	2.609856e-10
1.515152e-01	2.525253e+00	2.016108e-11
1.515152e-01	2.575758e+00	1.346688e-12
1.515152e-01	2.626263e+00	7.675307e-14
1.515152e-01	2.676768e+00	3.915616e-15
1.515152e-01	2.727273e+00	1.392656e-16
1.515152e-01	2.777778e+00	1.108059e-17
1.515152e-01	2.828283e+00	2.660754e-19
1.515152e-01	2.878788e+00	1.055693e-18
1.515152e-01	2.929293e+00	9.325471e-19
1.515152e-01	2.979798e+00	9.834827e-19
1.515152e-01	3.030303e+00	1.003624e-18
1.515152e-01	3.080808e+00	1.022341e-18
1.515152e-01	3.131313e+00	1.035480e-18
1.515152e-01	3.181818e+00	1.043814e-18
1.515152e-01	3.232323e+00	1.046993e-18
1.515152e-01	3.282828e+00	1.045550e-18
1.515152e-01	3.333333e+00	1.039164e-18
1.515152e-01	3.383838e+00	1.028417e-18
1.515152e-01	3.434343e+00	1.013159e-18
1.515152e-01	3.484848e+00	9.938383e-19
1.515152e-01	3.535354e+00	9.705891e-19
1.515152e-01	3.585859e+00	9.436680e-19
1.515152e-01	3.636364e+00	9.134542e-19
1.515152e-01	3.686869e+00	8.800860e-19
1.515152e-01	3.737374e+00	8.440647e-19
1.515152e-01	3.787879e+00	8.055368e-19
1.515152e-01	3.838384e+00	7.649648e-19
1.515152e-01	3.888889e+00	7.226312e-19
1.515152e-01	3.939394e+00	6.788769e-19
1.515152e-01	3.989899e+00	6.341044e-19
1.515152e-01	4.040404e+00	5.885755e-19
1.515152e-01	4.090909e+00	5.427506e-19
1.515152e-01	4.141414e+00	4.968511e-19
1.515152e-01	4.191919e+00	4.513392e-19
1.515152e-01	4.242424e+00	4.064331e-19
1.515152e-01	4.292929e+00	3.625494e-19
1.515152e-01	4.343434e+00	3.199262e-19
1.515152e-01	4.393939e+00	2.789197e-19
1.515152e-01	4.444444e+00	2.397669e-19
1.515152e-01	4.494949e+00	2.027736e-19
1.515152e-01	4.545455e+00	1.681720e-19
1.515152e-01	4.595960e+00	1.362051e-19
1.515152e-01	4.646465e+00	1.070958e-19
1.515152e-01	4.696970e+00	8.103447e-20
1.515152e-01	4.747475e+00	5.823122e-20
1.515152e-01	4.797980e+00	3.884661e-20
1.515152e-01	4.848485e+00	2.307368e-20
1.515152e-01	4.898990e+00	1.109989e-20
1.515152e-01	4.949495e+00	3.205621e-21
1.515152e-01	5.000000e+00	1.422676e-31
1.616162e-01	0.000000e+00	0.000000e+00
1.616162e-01	5.050505e-02	5.315030e-07
1.616162e-01	1.010101e-01	3.036846e-06
1.616162e-01	1.515152e-01	1.142022e-05
1.616162e-01	2.020202e-01	3.732835e-05
1.616162e-01	2.525253e-01	1.125381e-04
1.616162e-01	3.030303e-01	3.174850e-04
1.616162e-01	3.535354e-01	8.400111e-04
1.616162e-01	4.040404e-01	2.081235e-03
1.616162e-01	4.545455e-01	4.814089e-03
1.616162e-01	5.050505e-01	1.035564e-02
1.616162e-01	5.555556e-01	2.062016e-02
1.616162e-01	6.060606e-01	3.779785e-02
1.616162e-01	6.565657e-01	6.336284e-02
1.616162e-01	7.070707e-01	9.635938e-02
1.616162e-01	7.575758e-01	1.316065e-01
1.616162e-01	8.080808e-01	1.593742e-01
1.616162e-01	8.585859e-01	1.683142e-01
1.616162e-01	9.090909e-01	1.517896e-01
1.616162e-01	9.595960e-01	1.142336e-01
1.616162e-01	1.010101e+00	7.152527e-02
1.616162e-01	1.060606e+00	4.206858e-02
1.616162e-01	1.111111e+00	3.432373e-02
1.616162e-01	1.161616e+00	4.451073e-02
1.616162e-01	1.212121e+00	7.292432e-02
1.616162e-01	1.262626e+00	1.468139e-01
1.616162e-01	1.313131e+00	3.208644e-01
1.616162e-01	1.363636e+00	6.382381e-01
1.616162e-01	1.414141e+00	1.074869e+00
1.616162e-01	1.464646e+00	1.518764e+00
1.616162e-01	1.515152e+00	1.815991e+00
1.616162e-01	1.565657e+00	1.857035e+00
1.616162e-01	1.616162e+00	1.638446e+00
1.616162e-01	1.666667e+00	1.255458e+00
1.616162e-01	1.717172e+00	8.393697e-01
1.616162e-01	1.767677e+00	4.912005e-01
1.616162e-01	1.818182e+00	2.521133e-01
1.616162e-01	1.868687e+00	1.136222e-01
1.616162e-01	1.919192e+00	4.498508e-02
1.616162e-01	1.969697e+00	1.564567e-02
1.616162e-01	2.020202e+00	4.777987e-03
1.616162e-01	2.070707e+00	1.280218e-03
1.616162e-01	2.121212e+00	3.006501e-04
1.616162e-01	2.171717e+00	6.180649e-05
1.616162e-01	2.222222e+00	1.110666e-05
1.616162e-01	2.272727e+00	1.741919e-06
1.616162e-01	2.323232e+00	2.380294e-07
1.616162e-01	2.373737e+00	2.828909e-08
1.616162e-01	2.424242e+00	2.918446e-09
1.616162e-01	2.474747e+00	2.608911e-10
1.616162e-01	2.525253e+00	2.015423e-11
1.616162e-01	2.575758e+00	1.346258e-12
1.616162e-01	2.626263e+00	7.673000e-14
1.616162e-01	2.676768e+00	3.914498e-15
1.616162e-01	2.727273e+00	1.392299e-16
1.616162e-01	2.777778e+00	1.107764e-17
1.616162e-01	2.828283e+00	2.662231e-19
1.616162e-01	2.878788e+00	1.055595e-18
1.616162e-01	2.929293e+00	9.324923e-19
1.616162e-01	2.979798e+00	9.834192e-19
1.616162e-01	3.030303e+00	1.003560e-18
1.616162e-01	3.080808e+00	1.022275e-18
1.616162e-01	3.131313e+00	1.035413e-18
1.616162e-01	3.181818e+00	1.043747e-18
1.616162e-01	3.232323e+00	1.046925e-18
1.616162e-01	3.282828e+00	1.045482e-18
1.616162e-01	3.333333e+00	1.039096e-18
1.616162e-01	3.383838e+00	1.028349e-18
1.616162e-01	3.434343e+00	1.013093e-18
1.616162e-01	3.484848e+00	9.937727e-19
1.616162e-01	3.535354e+00	9.705251e-19
1.616162e-01	3.585859e+00	9.436054e-19
1.616162e-01	3.636364e+00	9.133938e-19
1.616162e-01	3.686869e+00	8.800276e-19
1.616162e-01	3.737374e+00	8.440086e-19
1.616162e-01	3.787879e+00	8.054832e-19
1.616162e-01	3.838384e+00	7.649139e-19
1.616162e-01	3.888889e+00	7.225830e-19
1.616162e-01	3.939394e+00	6.788316e-19
1.616162e-01	3.989899e+00	6.340621e-19
1.616162e-01	4.040404e+00	5.885362e-19
1.616162e-01	4.090909e+00	5.427144e-19
1.616162e-01	4.141414e+00	4.968179e-19
1.616162e-01	4.191919e+00	4.513090e-19
1.616162e-01	4.242424e+00	4.064059e-19
1.616162e-01	4.292929e+00	3.625251e-19
1.616162e-01	4.343434e+00	3.199048e-19
1.616162e-01	4.393939e+00	2.789010e-19
1.616162e-01	4.444444e+00	2.397508e-19
1.616162e-01	4.494949e+00	2.027600e-19
1.616162e-01	4.545455e+00	1.681607e-19
1.616162e-01	4.595960e+00	1.361960e-19
1.616162e-01	4.646465e+00	1.070886e-19
1.616162e-01	4.696970e+00	8.102905e-20
1.616162e-01	4.747475e+00	5.822732e-20
1.616162e-01	4.797980e+00	3.884401e-20
1.616162e-01	4.848485e+00	2.307214e-20
1.616162e-01	4.898990e+00	1.109915e-20
1.616162e-01	4.949495e+00	3.205409e-21
1.616162e-01	5.000000e+00	1.430621e-31
1.717172e-01	0.000000e+00	0.000000e+00
1.717172e-01	5.050505e-02	5.312577e-07
1.717172e-01	1.010101e-01	3.035425e-06
1.717172e-01	1.515152e-01	1.141469e-05
1.717172e-01	2.020202e-01	3.730924e-05
1.717172e-01	2.525253e-01	1.124759e-04
1.717172e-01	3.030303e-01	3.172914e-04
1.717172e-01	3.535354e-01	8.394350e-04
1.717172e-01	4.040404e-01	2.079601e-03
1.717172e-01	4.545455e-01	4.809692e-03
1.717172e-01	5.050505e-01	1.034446e-02
1.717172e-01	5.555556e-01	2.059340e-02
1.717172e-01	6.060606e-01	3.773797e-02
1.717172e-01	6.565657e-01	6.323823e-02
1.717172e-01	7.070707e-01	9.611990e-02
1.717172e-01	7.575758e-01	1.311852e-01
1.717172e-01	8.080808e-01	1.587041e-01
1.717172e-01	8.585859e-01	1.673684e-01
1.717172e-01	9.090909e-01	1.506461e-01
1.717172e-01	9.595960e-01	1.131418e-01
1.717172e-01	1.010101e+00	7.092996e-02
1.717172e-01	1.060606e+00	4.253323e-02
1.717172e-01	1.111111e+00	3.632904e-02
1.717172e-01	1.161616e+00	4.818166e-02
1.717172e-01	1.212121e+00	7.782503e-02
1.717172e-01	1.262626e+00	1.519685e-01
1.717172e-01	1.313131e+00	3.250623e-01
1.717172e-01	1.363636e+00	6.405061e-01
1.717172e-01	1.414141e+00	1.074860e+00
1.717172e-01	1.464646e+00	1.516849e+00
1.717172e-01	1.515152e+00	1.813014e+00
1.717172e-01	1.565657e+00	1.853911e+00
1.717172e-01	1.616162e+00	1.635825e+00
1.717172e-01	1.666667e+00	1.253606e+00
1.717172e-01	1.717172e+00	8.382424e-01
1.717172e-01	1.767677e+00	4.906026e-01
1.717172e-01	1.818182e+00	2.518354e-01
1.717172e-01	1.868687e+00	1.135085e-01
1.717172e-01	1.919192e+00	4.494418e-02
1.717172e-01	1.969697e+00	1.563270e-02
1.717172e-01	2.020202e+00	4.774364e-03
1.717172e-01	2.070707e+00	1.279328e-03
1.717172e-01	2.121212e+00	3.004576e-04
1.717172e-01	2.171717e+00	6.176997e-05
1.717172e-01	2.222222e+00	1.110058e-05
1.717172e-01	2.272727e+00	1.741035e-06
1.717172e-01	2.323232e+00	2.379170e-07
1.717172e-01	2.373737e+00	2.827664e-08
1.717172e-01	2.424242e+00	2.917245e-09
1.717172e-01	2.474747e+00	2.607906e-10
1.717172e-01	2.525253e+00	2.014695e-11
1.717172e-01	2.575758e+00	1.345800e-12
1.717172e-01	2.626263e+00	7.670547e-14
1.717172e-01	2.676768e+00	3.913310e-15
1.717172e-01	2.727273e+00	1.391919e-16
1.717172e-01	2.777778e+00	1.107452e-17
1.717172e-01	2.828283e+00	2.663829e-19
1.717172e-01	2.878788e+00	1.055494e-18
1.717172e-01	2.929293e+00	9.324383e-19
1.717172e-01	2.979798e+00	9.833561e-19
1.717172e-01	3.030303e+00	1.003496e-18
1.717172e-01	3.080808e+00	1.022210e-18
1.717172e-01	3.131313e+00	1.035346e-18
1.717172e-01	3.181818e+00	1.043679e-18
1.717172e-01	3.232323e+00	1.046857e-18
1.717172e-01	3.282828e+00	1.045414e-18
1.717172e-01	3.333333e+00	1.039028e-18
1.717172e-01	3.383838e+00	1.028282e-18
1.717172e-01	3.434343e+00	1.013027e-18
1.717172e-01	3.484848e+00	9.937072e-19
1.717172e-01	3.535354e+00	9.704614e-19
1.717172e-01	3.585859e+00	9.435430e-19
1.717172e-01	3.636364e+00	9.133336e-19
1.717172e-01	3.686869e+00	8.799693e-19
1.717172e-01	3.737374e+00	8.439528e-19
1.717172e-01	3.787879e+00	8.054298e-19
1.717172e-01	3.838384e+00	7.648631e-19
1.717172e-01	3.888889e+00	7.225350e-19
1.717172e-01	3.939394e+00	6.787864e-19
1.717172e-01	3.989899e+00	6.340199e-19
1.717172e-01	4.040404e+00	5.884970e-19
1.717172e-01	4.090909e+00	5.426782e-19
1.717172e-01	4.141414e+00	4.967847e-19
1.717172e-01	4.191919e+00	4.512789e-19
1.717172e-01	4.242424e+00	4.063787e-19
1.717172e-01	4.292929e+00	3.625009e-19
1.717172e-01	4.343434e+00	3.198834e-19
1.717172e-01	4.393939e+00	2.788824e-19
1.717172e-01	4.444444e+00	2.397348e-19
1.717172e-01	4.494949e+00	2.027465e-19
1.717172e-01	4.545455e+00	1.681495e-19
1.717172e-01	4.595960e+00	1.361869e-19
1.717172e-01	4.646465e+00	1.070814e-19
1.717172e-01	4.696970e+00	8.102364e-20
1.717172e-01	4.747475e+00	5.822343e-20
1.717172e-01	4.797980e+00	3.884142e-20
1.717172e-01	4.848485e+00	2.307060e-20
1.717172e-01	4.898990e+00	1.109841e-20
1.717172e-01	4.949495e+00	3.205197e-21
1.717172e-01	5.000000e+00	1.439062e-31
1.818182e-01	0.000000e+00	0.000000e+00
1.818182e-01	5.050505e-02	5.310012e-07
1.818182e-01	1.010101e-01	3.033938e-06
1.818182e-01	1.515152e-01	1.140891e-05
1.818182e-01	2.020202e-01	3.728925e-05
1.818182e-01	2.525253e-01	1.124107e-04
1.818182e-01	3.030303e-01	3.170884e-04
1.818182e-01	3.535354e-01	8.388309e-04
1.818182e-01	4.040404e-01	2.077887e-03
1.818182e-01	4.545455e-01	4.805074e-03
1.818182e-01	5.050505e-01	1.033270e-02
1.818182e-01	5.555556e-01	2.056525e-02
1.818182e-01	6.060606e-01	3.767493e-02
1.818182e-01	6.565657e-01	6.310698e-02
1.818182e-01	7.070707e-01	9.586752e-02
1.818182e-01	7.575758e-01	1.307410e-01
1.818182e-01	8.080808e-01	1.579972e-01
1.818182e-01	8.585859e-01	1.663707e-01
1.818182e-01	9.090909e-01	1.494396e-01
1.818182e-01	9.595960e-01	1.119902e-01
1.818182e-01	1.010101e+00	7.030341e-02
1.818182e-01	1.060606e+00	4.302761e-02
1.818182e-01	1.111111e+00	3.845289e-02
1.818182e-01	1.161616e+00	5.206736e-02
1.818182e-01	1.212121e+00	8.301166e-02
1.818182e-01	1.262626e+00	1.574235e-01
1.818182e-01	1.313131e+00	3.295047e-01
1.818182e-01	1.363636e+00	6.429056e-01
1.818182e-01	1.414141e+00	1.074850e+00
1.818182e-01	1.464646e+00	1.514820e+00
1.818182e-01	1.515152e+00	1.809860e+00
1.818182e-01	1.565657e+00	1.850602e+00
1.818182e-01	1.616162e+00	1.633049e+00
1.818182e-01	1.666667e+00	1.251645e+00
1.818182e-01	1.717172e+00	8.370483e-01
1.818182e-01	1.767677e+00	4.899692e-01
1.818182e-01	1.818182e+00	2.515409e-01
1.818182e-01	1.868687e+00	1.133882e-01
1.818182e-01	1.919192e+00	4.490085e-02
1.818182e-01	1.969697e+00	1.561896e-02
1.818182e-01	2.020202e+00	4.770525e-03
1.818182e-01	2.070707e+00	1.278384e-03
1.818182e-01	2.121212e+00	3.002536e-04
1.818182e-01	2.171717e+00	6.173127e-05
1.818182e-01	2.222222e+00	1.109415e-05
1.818182e-01	2.272727e+00	1.740098e-06
1.818182e-01	2.323232e+00	2.377979e-07
1.818182e-01	2.373737e+00	2.826344e-08
1.818182e-01	2.424242e+00	2.915972e-09
1.818182e-01	2.474747e+00	2.606840e-10
1.818182e-01	2.525253e+00	2.013922e-11
1.818182e-01	2.575758e+00	1.345315e-12
1.818182e-01	2.626263e+00	7.667947e-14
1.818182e-01	2.676768e+00	3.912050e-15
1.818182e-01	2.727273e+00	1.391515e-16
1.818182e-01	2.777778e+00	1.107122e-17
1.818182e-01	2.828283e+00	2.665554e-19
1.818182e-01	2.878788e+00	1.055392e-18
1.818182e-01	2.929293e+00	9.323857e-19
1.818182e-01	2.979798e+00	9.832940e-19
1.818182e-01	3.030303e+00	1.003433e-18
1.818182e-01	3.080808e+00	1.022145e-18
1.818182e-01	3.131313e+00	1.035281e-18
1.818182e-01	3.181818e+00	1.043613e-18
1.818182e-01	3.232323e+00	1.046790e-18
1.818182e-01	3.282828e+00	1.045347e-18
1.818182e-01	3.333333e+00	1.038962e-18
1.818182e-01	3.383838e+00	1.028216e-18
1.818182e-01	3.434343e+00	1.012961e-18
1.818182e-01	3.484848e+00	9.936429e-19
1.818182e-01	3.535354e+00	9.703987e-19
1.818182e-01	3.585859e+00	9.434817e-19
1.818182e-01	3.636364e+00	9.132745e-19
1.818182e-01	3.686869e+00	8.799120e-19
1.818182e-01	3.737374e+00	8.438979e-19
1.818182e-01	3.787879e+00	8.053772e-19
1.818182e-01	3.838384e+00	7.648132e-19
1.818182e-01	3.888889e+00	7.224878e-19
1.818182e-01	3.939394e+00	6.787420e-19
1.818182e-01	3.989899e+00	6.339784e-19
1.818182e-01	4.040404e+00	5.884583e-19
1.818182e-01	4.090909e+00	5.426426e-19
1.818182e-01	4.141414e+00	4.967521e-19
1.818182e-01	4.191919e+00	4.512493e-19
1.818182e-01	4.242424e+00	4.063520e-19
1.818182e-01	4.292929e+00	3.624771e-19
1.818182e-01	4.343434e+00	3.198624e-19
1.818182e-01	4.393939e+00	2.788640e-19
1.818182e-01	4.444444e+00	2.397190e-19
1.818182e-01	4.494949e+00	2.027332e-19
1.818182e-01	4.545455e+00	1.681384e-19
1.818182e-01	4.595960e+00	1.361780e-19
1.818182e-01	4.646465e+00	1.070744e-19
1.818182e-01	4.696970e+00	8.101832e-20
1.818182e-01	4.747475e+00	5.821961e-20
1.818182e-01	4.797980e+00	3.883887e-20
1.818182e-01	4.848485e+00	2.306909e-20
1.818182e-01	4.898990e+00	1.109768e-20
1.818182e-01	4.949495e+00	3.204989e-21
1.818182e-01	5.000000e+00	1.447994e-31
1.919192e-01	0.000000e+00	0.000000e+00
1.919192e-01	5.050505e-02	5.307343e-07
1.919192e-01	1.010101e-01	3.032391e-06
1.919192e-01	1.515152e-01	1.140289e-05
1.919192e-01	2.020202e-01	3.726842e-05
1.919192e-01	2.525253e-01	1.123427e-04
1.919192e-01	3.030303e-01	3.168767e-04
1.919192e-01	3.535354e-01	8.381999e-04
1.919192e-01	4.040404e-01	2.076095e-03
1.919192e-01	4.545455e-01	4.800241e-03
1.919192e-01	5.050505e-01	1.032039e-02
1.919192e-01	5.555556e-01	2.053575e-02
1.919192e-01	6.060606e-01	3.760883e-02
1.919192e-01	6.565657e-01	6.296924e-02
1.919192e-01	7.070707e-01	9.560253e-02
1.919192e-01	7.575758e-01	1.302744e-01
1.919192e-01	8.080808e-01	1.572544e-01
1.919192e-01	8.585859e-01	1.653219e-01
1.919192e-01	9.090909e-01	1.481713e-01
1.919192e-01	9.595960e-01	1.107799e-01
1.919192e-01	1.010101e+00	6.964645e-02
1.919192e-01	1.060606e+00	4.355199e-02
1.919192e-01	1.111111e+00	4.069475e-02
1.919192e-01	1.161616e+00	5.616649e-02
1.919192e-01	1.212121e+00	8.848228e-02
1.919192e-01	1.262626e+00	1.631769e-01
1.919192e-01	1.313131e+00	3.341898e-01
1.919192e-01	1.363636e+00	6.454356e-01
1.919192e-01	1.414141e+00	1.074837e+00
1.919192e-01	1.464646e+00	1.512678e+00
1.919192e-01	1.515152e+00	1.806532e+00
1.919192e-01	1.565657e+00	1.847109e+00
1.919192e-01	1.616162e+00	1.630118e+00
1.919192e-01	1.666667e+00	1.249574e+00
1.919192e-01	1.717172e+00	8.357878e-01
1.919192e-01	1.767677e+00	4.893006e-01
1.919192e-01	1.818182e+00	2.512301e-01
1.919192e-01	1.868687e+00	1.132611e-01
1.919192e-01	1.919192e+00	4.485510e-02
1.919192e-01	1.969697e+00	1.560445e-02
1.919192e-01	2.020202e+00	4.766472e-03
1.919192e-01	2.070707e+00	1.277388e-03
1.919192e-01	2.121212e+00	3.000382e-04
1.919192e-01	2.171717e+00	6.169040e-05
1.919192e-01	2.222222e+00	1.108735e-05
1.919192e-01	2.272727e+00	1.739109e-06
1.919192e-01	2.323232e+00	2.376721e-07
1.919192e-01	2.373737e+00	2.824950e-08
1.919192e-01	2.424242e+00	2.914628e-09
1.919192e-01	2.474747e+00	2.605715e-10
1.919192e-01	2.525253e+00	2.013107e-11
1.919192e-01	2.575758e+00	1.344803e-12
1.919192e-01	2.626263e+00	7.665201e-14
1.919192e-01	2.676768e+00	3.910721e-15
1.919192e-01	2.727273e+00	1.391089e-16
1.919192e-01	2.777778e+00	1.106775e-17
1.919192e-01	2.828283e+00	2.667411e-19
1.919192e-01	2.878788e+00	1.055290e-18
1.919192e-01	2.929293e+00	9.323354e-19
1.919192e-01	2.979798e+00	9.832340e-19
1.919192e-01	3.030303e+00	1.003372e-18
1.919192e-01	3.080808e+00	1.022083e-18
1.919192e-01	3.131313e+00	1.035217e-18
1.919192e-01	3.181818e+00	1.043549e-18
1.919192e-01	3.232323e+00	1.046726e-18
1.919192e-01	3.282828e+00	1.045282e-18
1.919192e-01	3.333333e+00	1.038897e-18
1.919192e-01	3.383838e+00	1.028151e-18
1.919192e-01	3.434343e+00	1.012898e-18
1.919192e-01	3.484848e+00	9.935805e-19
1.919192e-01	3.535354e+00	9.703380e-19
1.919192e-01	3.585859e+00	9.434222e-19
1.919192e-01	3.636364e+00	9.132171e-19
1.919192e-01	3.686869e+00	8.798563e-19
1.919192e-01	3.737374e+00	8.438446e-19
1.919192e-01	3.787879e+00	8.053262e-19
1.919192e-01	3.838384e+00	7.647647e-19
1.919192e-01	3.888889e+00	7.224420e-19
1.919192e-01	3.939394e+00	6.786988e-19
1.919192e-01	3.989899e+00	6.339381e-19
1.919192e-01	4.040404e+00	5.884209e-19
1.919192e-01	4.090909e+00	5.426081e-19
1.919192e-01	4.141414e+00	4.967204e-19
1.919192e-01	4.191919e+00	4.512205e-19
1.919192e-01	4.242424e+00	4.063261e-19
1.919192e-01	4.292929e+00	3.624540e-19
1.919192e-01	4.343434e+00	3.198419e-19
1.919192e-01	4.393939e+00	2.788462e-19
1.919192e-01	4.444444e+00	2.397037e-19
1.919192e-01	4.494949e+00	2.027202e-19
1.919192e-01	4.545455e+00	1.681277e-19
1.919192e-01	4.595960e+00	1.361693e-19
1.919192e-01	4.646465e+00	1.070675e-19
1.919192e-01	4.696970e+00	8.101315e-20
1.919192e-01	4.747475e+00	5.821589e-20
1.919192e-01	4.797980e+00	3.883640e-20
1.919192e-01	4.848485e+00	2.306762e-20
1.919192e-01	4.898990e+00	1.109698e-20
1.919192e-01	4.949495e+00	3.204787e-21
1.919192e-01	5.000000e+00	1.457416e-31
2.020202e-01	0.000000e+00	0.000000e+00
2.020202e-01	5.050505e-02	5.304576e-07
2.020202e-01	1.010101e-01	3.030787e-06
2.020202e-01	1.515152e-01	1.139664e-05
2.020202e-01	2.020202e-01	3.724680e-05
2.020202e-01	2.525253e-01	1.122722e-04
2.020202e-01	3.030303e-01	3.166566e-04
2.020202e-01	3.535354e-01	8.375434e-04
2.020202e-01	4.040404e-01	2.074228e-03
2.020202e-01	4.545455e-01	4.795204e-03
2.020202e-01	5.050505e-01	1.030754e-02
2.020202e-01	5.555556e-01	2.050494e-02
2.020202e-01	6.060606e-01	3.753974e-02
2.020202e-01	6.565657e-01	6.282519e-02
2.020202e-01	7.070707e-01	9.532522e-02
2.020202e-01	7.575758e-01	1.297859e-01
2.020202e-01	8.080808e-01	1.564764e-01
2.020202e-01	8.585859e-01	1.642231e-01
2.020202e-01	9.090909e-01	1.468422e-01
2.020202e-01	9.595960e-01	1.095120e-01
2.020202e-01	1.010101e+00	6.895997e-02
2.020202e-01	1.060606e+00	4.410667e-02
2.020202e-01	1.111111e+00	4.305409e-02
2.020202e-01	1.161616e+00	6.047762e-02
2.020202e-01	1.212121e+00	9.423483e-02
2.020202e-01	1.262626e+00	1.692265e-01
2.020202e-01	1.313131e+00	3.391157e-01
2.020202e-01	1.363636e+00	6.480949e-01
2.020202e-01	1.414141e+00	1.074822e+00
2.020202e-01	1.464646e+00	1.510423e+00
2.020202e-01	1.515152e+00	1.803029e+00
2.020202e-01	1.565657e+00	1.843433e+00
2.020202e-01	1.616162e+00	1.627035e+00
2.020202e-01	1.666667e+00	1.247395e+00
2.020202e-01	1.717172e+00	8.344612e-01
2.020202e-01	1.767677e+00	4.885969e-01
2.020202e-01	1.818182e+00	2.509029e-01
2.020202e-01	1.868687e+00	1.131273e-01
2.020202e-01	1.919192e+00	4.480694e-02
2.020202e-01	1.969697e+00	1.558917e-02
2.020202e-01	2.020202e+00	4.762205e-03
2.020202e-01	2.070707e+00	1.276338e-03
2.020202e-01	2.121212e+00	2.998115e-04
2.020202e-01	2.171717e+00	6.164738e-05
2.020202e-01	2.222222e+00	1.108019e-05
2.020202e-01	2.272727e+00	1.738067e-06
2.020202e-01	2.323232e+00	2.375397e-07
2.020202e-01	2.373737e+00	2.823482e-08
2.020202e-01	2.424242e+00	2.913213e-09
2.020202e-01	2.474747e+00	2.604530e-10
2.020202e-01	2.525253e+00	2.012248e-11
2.020202e-01	2.575758e+00	1.344263e-12
2.020202e-01	2.626263e+00	7.662310e-14
2.020202e-01	2.676768e+00	3.909320e-15
2.020202e-01	2.727273e+00	1.390640e-16
2.020202e-01	2.777778e+00	1.106411e-17
2.020202e-01	2.828283e+00	2.669406e-19
2.020202e-01	2.878788e+00	1.055188e-18
2.020202e-01	2.929293e+00	9.322884e-19
2.020202e-01	2.979798e+00	9.831769e-19
2.020202e-01	3.030303e+00	1.003314e-18
2.020202e-01	3.080808e+00	1.022024e-18
2.020202e-01	3.131313e+00	1.035157e-18
2.020202e-01	3.181818e+00	1.043487e-18
2.020202e-01	3.232323e+00	1.046664e-18
2.020202e-01	3.282828e+00	1.045220e-18
2.020202e-01	3.333333e+00	1.038836e-18
2.020202e-01	3.383838e+00	1.028090e-18
2.020202e-01	3.434343e+00	1.012838e-18
2.020202e-01	3.484848e+00	9.935209e-19
2.020202e-01	3.535354e+00	9.702801e-19
2.020202e-01	3.585859e+00	9.433654e-19
2.020202e-01	3.636364e+00	9.131623e-19
2.020202e-01	3.686869e+00	8.798033e-19
2.020202e-01	3.737374e+00	8.437937e-19
2.020202e-01	3.787879e+00	8.052775e-19
2.020202e-01	3.838384e+00	7.647185e-19
2.020202e-01	3.888889e+00	7.223982e-19
2.020202e-01	3.939394e+00	6.786576e-19
2.020202e-01	3.989899e+00	6.338996e-19
2.020202e-01	4.040404e+00	5.883851e-19
2.020202e-01	4.090909e+00	5.425751e-19
2.020202e-01	4.141414e+00	4.966902e-19
2.020202e-01	4.191919e+00	4.511930e-19
2.020202e-01	4.242424e+00	4.063013e-19
2.020202e-01	4.292929e+00	3.624319e-19
2.020202e-01	4.343434e+00	3.198224e-19
2.020202e-01	4.393939e+00	2.788292e-19
2.020202e-01	4.444444e+00	2.396890e-19
2.020202e-01	4.494949e+00	2.027079e-19
2.020202e-01	4.545455e+00	1.681174e-19
2.020202e-01	4.595960e+00	1.361609e-19
2.020202e-01	4.646465e+00	1.070610e-19
2.020202e-01	4.696970e+00	8.100822e-20
2.020202e-01	4.747475e+00	5.821235e-20
2.020202e-01	4.797980e+00	3.883404e-20
2.020202e-01	4.848485e+00	2.306621e-20
2.020202e-01	4.898990e+00	1.109631e-20
2.020202e-01	4.949495e+00	3.204595e-21
2.020202e-01	5.000000e+00	1.467322e-31
2.121212e-01	0.000000e+00	0.000000e+00
2.121212e-01	5.050505e-02	5.301719e-07
2.121212e-01	1.010101e-01	3.029130e-06
2.121212e-01	1.515152e-01	1.139019e-05
2.121212e-01	2.020202e-01	3.722445e-05
2.121212e-01	2.525253e-01	1.121992e-04
2.121212e-01	3.030303e-01	3.164286e-04
2.121212e-01	3.535354e-01	8.368627e-04
2.121212e-01	4.040404e-01	2.072291e-03
2.121212e-01	4.545455e-01	4.789969e-03
2.121212e-01	5.050505e-01	1.029418e-02
2.121212e-01	5.555556e-01	2.047287e-02
2.121212e-01	6.060606e-01	3.746776e-02
2.121212e-01	6.565657e-01	6.267500e-02
2.121212e-01	7.070707e-01	9.503591e-02
2.121212e-01	7.575758e-01	1.292759e-01
2.121212e-01	8.080808e-01	1.556639e-01
2.121212e-01	8.585859e-01	1.630752e-01
2.121212e-01	9.090909e-01	1.454537e-01
2.121212e-01	9.595960e-01	1.081879e-01
2.121212e-01	1.010101e+00	6.824492e-02
2.121212e-01	1.060606e+00	4.469193e-02
2.121212e-01	1.111111e+00	4.553031e-02
2.121212e-01	1.161616e+00	6.499925e-02
2.121212e-01	1.212121e+00	1.002672e-01
2.121212e-01	1.262626e+00	1.755699e-01
2.121212e-01	1.313131e+00	3.442806e-01
2.121212e-01	1.363636e+00	6.508824e-01
2.121212e-01	1.414141e+00	1.074805e+00
2.121212e-01	1.464646e+00	1.508055e+00
2.121212e-01	1.515152e+00	1.799352e+00
2.121212e-01	1.565657e+00	1.839575e+00
2.121212e-01	1.616162e+00	1.623798e+00
2.121212e-01	1.666667e+00	1.245108e+00
2.121212e-01	1.717172e+00	8.330687e-01
2.121212e-01	1.767677e+00	4.878582e-01
2.121212e-01	1.818182e+00	2.505594e-01
2.121212e-01	1.868687e+00	1.129869e-01
2.121212e-01	1.919192e+00	4.475638e-02
2.121212e-01	1.969697e+00	1.557314e-02
2.121212e-01	2.020202e+00	4.757725e-03
2.121212e-01	2.070707e+00	1.275237e-03
2.121212e-01	2.121212e+00	2.995734e-04
2.121212e-01	2.171717e+00	6.160220e-05
2.121212e-01	2.222222e+00	1.107268e-05
2.121212e-01	2.272727e+00	1.736973e-06
2.121212e-01	2.323232e+00	2.374007e-07
2.121212e-01	2.373737e+00	2.821941e-08
2.121212e-01	2.424242e+00	2.911727e-09
2.121212e-01	2.474747e+00	2.603286e-10
2.121212e-01	2.525253e+00	2.011346e-11
2.121212e-01	2.575758e+00	1.343697e-12
2.121212e-01	2.626263e+00	7.659273e-14
2.121212e-01	2.676768e+00	3.907850e-15
2.121212e-01	2.727273e+00	1.390167e-16
2.121212e-01	2.777778e+00	1.106030e-17
2.121212e-01	2.828283e+00	2.671543e-19
2.121212e-01	2.878788e+00	1.055088e-18
2.121212e-01	2.929293e+00	9.322455e-19
2.121212e-01	2.979798e+00	9.831237e-19
2.121212e-01	3.030303e+00	1.003260e-18
2.121212e-01	3.080808e+00	1.021968e-18
2.121212e-01	3.131313e+00	1.035101e-18
2.121212e-01	3.181818e+00	1.043430e-18
2.121212e-01	3.232323e+00	1.046607e-18
2.121212e-01	3.282828e+00	1.045163e-18
2.121212e-01	3.333333e+00	1.038779e-18
2.121212e-01	3.383838e+00	1.028033e-18
2.121212e-01	3.434343e+00	1.012782e-18
2.121212e-01	3.484848e+00	9.934653e-19
2.121212e-01	3.535354e+00	9.702260e-19
2.121212e-01	3.585859e+00	9.433122e-19
2.121212e-01	3.636364e+00	9.131111e-19
2.121212e-01	3.686869e+00	8.797536e-19
2.121212e-01	3.737374e+00	8.437461e-19
2.121212e-01	3.787879e+00	8.052319e-19
2.121212e-01	3.838384e+00	7.646751e-19
2.121212e-01	3.888889e+00	7.223573e-19
2.121212e-01	3.939394e+00	6.786191e-19
2.121212e-01	3.989899e+00	6.338636e-19
2.121212e-01	4.040404e+00	5.883515e-19
2.121212e-01	4.090909e+00	5.425442e-19
2.121212e-01	4.141414e+00	4.966618e-19
2.121212e-01	4.191919e+00	4.511672e-19
2.121212e-01	4.242424e+00	4.062780e-19
2.121212e-01	4.292929e+00	3.624112e-19
2.121212e-01	4.343434e+00	3.198041e-19
2.121212e-01	4.393939e+00	2.788133e-19
2.121212e-01	4.444444e+00	2.396753e-19
2.121212e-01	4.494949e+00	2.026963e-19
2.121212e-01	4.545455e+00	1.681078e-19
2.121212e-01	4.595960e+00	1.361532e-19
2.121212e-01	4.646465e+00	1.070548e-19
2.121212e-01	4.696970e+00	8.100359e-20
2.121212e-01	4.747475e+00	5.820902e-20
2.121212e-01	4.797980e+00	3.883183e-20
2.121212e-01	4.848485e+00	2.306490e-20
2.121212e-01	4.898990e+00	1.109568e-20
2.121212e-01	4.949495e+00	3.204415e-21
2.121212e-01	5.000000e+00	1.477710e-31
2.222222e-01	0.000000e+00	0.000000e+00
2.222222e-01	5.050505e-02	5.298780e-07
2.222222e-01	1.010101e-01	3.027425e-06
2.222222e-01	1.515152e-01	1.138355e-05
2.222222e-01	2.020202e-01	3.720142e-05
2.222222e-01	2.525253e-01	1.121238e-04
2.222222e-01	3.030303e-01	3.161932e-04
2.222222e-01	3.535354e-01	8.361592e-04
2.222222e-01	4.040404e-01	2.070286e-03
2.222222e-01	4.545455e-01	4.784547e-03
2.222222e-01	5.050505e-01	1.028032e-02
2.222222e-01	5.555556e-01	2.043959e-02
2.222222e-01	6.060606e-01	3.739299e-02
2.222222e-01	6.565657e-01	6.251885e-02
2.222222e-01	7.070707e-01	9.473493e-02
2.222222e-01	7.575758e-01	1.287451e-01
2.222222e-01	8.080808e-01	1.548178e-01
2.222222e-01	8.585859e-01	1.618794e-01
2.222222e-01	9.090909e-01	1.440070e-01
2.222222e-01	9.595960e-01	1.068087e-01
2.222222e-01	1.010101e+00	6.750227e-02
2.222222e-01	1.060606e+00	4.530811e-02
2.222222e-01	1.111111e+00	4.812281e-02
2.222222e-01	1.161616e+00	6.972983e-02
2.222222e-01	1.212121e+00	1.065770e-01
2.222222e-01	1.262626e+00	1.822047e-01
2.222222e-01	1.313131e+00	3.496823e-01
2.222222e-01	1.363636e+00	6.537970e-01
2.222222e-01	1.414141e+00	1.074785e+00
2.222222e-01	1.464646e+00	1.505576e+00
2.222222e-01	1.515152e+00	1.795503e+00
2.222222e-01	1.565657e+00	1.835535e+00
2.222222e-01	1.616162e+00	1.620409e+00
2.222222e-01	1.666667e+00	1.242713e+00
2.222222e-01	1.717172e+00	8.316107e-01
2.222222e-01	1.767677e+00	4.870848e-01
2.222222e-01	1.818182e+00	2.501997e-01
2.222222e-01	1.868687e+00	1.128398e-01
2.222222e-01	1.919192e+00	4.470343e-02
2.222222e-01	1.969697e+00	1.555634e-02
2.222222e-01	2.020202e+00	4.753033e-03
2.222222e-01	2.070707e+00	1.274084e-03
2.222222e-01	2.121212e+00	2.993241e-04
2.222222e-01	2.171717e+00	6.155489e-05
2.222222e-01	2.222222e+00	1.106481e-05
2.222222e-01	2.272727e+00	1.735828e-06
2.222222e-01	2.323232e+00	2.372550e-07
2.222222e-01	2.373737e+00	2.820327e-08
2.222222e-01	2.424242e+00	2.910171e-09
2.222222e-01	2.474747e+00	2.601983e-10
2.222222e-01	2.525253e+00	2.010401e-11
2.222222e-01	2.575758e+00	1.343103e-12
2.222222e-01	2.626263e+00	7.656091e-14
2.222222e-01	2.676768e+00	3.906310e-15
2.222222e-01	2.727273e+00	1.389672e-16
2.222222e-01	2.777778e+00	1.105633e-17
2.222222e-01	2.828283e+00	2.673830e-19
2.222222e-01	2.878788e+00	1.054990e-18
2.222222e-01	2.929293e+00	9.322077e-19
2.222222e-01	2.979798e+00	9.830754e-19
2.222222e-01	3.030303e+00	1.003212e-18
2.222222e-01	3.080808e+00	1.021918e-18
2.222222e-01	3.131313e+00	1.035050e-18
2.222222e-01	3.181818e+00	1.043379e-18
2.222222e-01	3.232323e+00	1.046555e-18
2.222222e-01	3.282828e+00	1.045110e-18
2.222222e-01	3.333333e+00	1.038727e-18
2.222222e-01	3.383838e+00	1.027981e-18
2.222222e-01	3.434343e+00	1.012731e-18
2.222222e-01	3.484848e+00	9.934145e-19
2.222222e-01	3.535354e+00	9.701766e-19
2.222222e-01	3.585859e+00	9.432637e-19
2.222222e-01	3.636364e+00	9.130644e-19
2.222222e-01	3.686869e+00	8.797082e-19
2.222222e-01	3.737374e+00	8.437027e-19
2.222222e-01	3.787879e+00	8.051903e-19
2.222222e-01	3.838384e+00	7.646356e-19
2.222222e-01	3.888889e+00	7.223198e-19
2.222222e-01	3.939394e+00	6.785838e-19
2.222222e-01	3.989899e+00	6.338307e-19
2.222222e-01	4.040404e+00	5.883209e-19
2.222222e-01	4.090909e+00	5.425159e-19
2.222222e-01	4.141414e+00	4.966359e-19
2.222222e-01	4.191919e+00	4.511437e-19
2.222222e-01	4.242424e+00	4.062568e-19
2.222222e-01	4.292929e+00	3.623922e-19
2.222222e-01	4.343434e+00	3.197874e-19
2.222222e-01	4.393939e+00	2.787987e-19
2.222222e-01	4.444444e+00	2.396628e-19
2.222222e-01	4.494949e+00	2.026857e-19
2.222222e-01	4.545455e+00	1.680990e-19
2.222222e-01	4.595960e+00	1.361460e-19
2.222222e-01	4.646465e+00	1.070492e-19
2.222222e-01	4.696970e+00	8.099936e-20
2.222222e-01	4.747475e+00	5.820598e-20
2.222222e-01	4.797980e+00	3.882980e-20
2.222222e-01	4.848485e+00	2.306370e-20
2.222222e-01	4.898990e+00	1.109510e-20
2.222222e-01	4.949495e+00	3.204250e-21
2.222222e-01	5.000000e+00	1.488576e-31
2.323232e-01	0.000000e+00	0.000000e+00
2.323232e-01	5.050505e-02	5.295765e-07
2.323232e-01	1.010101e-01	3.025676e-06
2.323232e-01	1.515152e-01	1.137673e-05
2.323232e-01	2.020202e-01	3.717777e-05
2.323232e-01	2.525253e-01	1.120464e-04
2.323232e-01	3.030303e-01	3.159510e-04
2.323232e-01	3.535354e-01	8.354344e-04
2.323232e-01	4.040404e-01	2.068218e-03
2.323232e-01	4.545455e-01	4.778947e-03
2.323232e-01	5.050505e-01	1.026600e-02
2.323232e-01	5.555556e-01	2.040513e-02
2.323232e-01	6.060606e-01	3.731551e-02
2.323232e-01	6.565657e-01	6.235695e-02
2.323232e-01	7.070707e-01	9.442261e-02
2.323232e-01	7.575758e-01	1.281940e-01
2.323232e-01	8.080808e-01	1.539388e-01
2.323232e-01	8.585859e-01	1.606367e-01
2.323232e-01	9.090909e-01	1.425035e-01
2.323232e-01	9.595960e-01	1.053759e-01
2.323232e-01	1.010101e+00	6.673305e-02
2.323232e-01	1.060606e+00	4.595554e-02
2.323232e-01	1.111111e+00	5.083094e-02
2.323232e-01	1.161616e+00	7.466770e-02
2.323232e-01	1.212121e+00	1.131620e-01
2.323232e-01	1.262626e+00	1.891283e-01
2.323232e-01	1.313131e+00	3.553189e-01
2.323232e-01	1.363636e+00	6.568373e-01
2.323232e-01	1.414141e+00	1.074761e+00
2.323232e-01	1.464646e+00	1.502985e+00
2.323232e-01	1.515152e+00	1.791482e+00
2.323232e-01	1.565657e+00	1.831316e+00
2.323232e-01	1.616162e+00	1.616870e+00
2.323232e-01	1.666667e+00	1.240211e+00
2.323232e-01	1.717172e+00	8.300875e-01
2.323232e-01	1.767677e+00	4.862767e-01
2.323232e-01	1.818182e+00	2.498240e-01
2.323232e-01	1.868687e+00	1.126862e-01
2.323232e-01	1.919192e+00	4.464811e-02
2.323232e-01	1.969697e+00	1.553880e-02
2.323232e-01	2.020202e+00	4.748131e-03
2.323232e-01	2.070707e+00	1.272878e-03
2.323232e-01	2.121212e+00	2.990635e-04
2.323232e-01	2.171717e+00	6.150544e-05
2.323232e-01	2.222222e+00	1.105658e-05
2.323232e-01	2.272727e+00	1.734630e-06
2.323232e-01	2.323232e+00	2.371028e-07
2.323232e-01	2.373737e+00	2.818639e-08
2.323232e-01	2.424242e+00	2.908544e-09
2.323232e-01	2.474747e+00	2.600621e-10
2.323232e-01	2.525253e+00	2.009414e-11
2.323232e-01	2.575758e+00	1.342483e-12
2.323232e-01	2.626263e+00	7.652765e-14
2.323232e-01	2.676768e+00	3.904701e-15
2.323232e-01	2.727273e+00	1.389153e-16
2.323232e-01	2.777778e+00	1.105220e-17
2.323232e-01	2.828283e+00	2.676273e-19
2.323232e-01	2.878788e+00	1.054896e-18
2.323232e-01	2.929293e+00	9.321761e-19
2.323232e-01	2.979798e+00	9.830330e-19
2.323232e-01	3.030303e+00	1.003169e-18
2.323232e-01	3.080808e+00	1.021875e-18
2.323232e-01	3.131313e+00	1.035005e-18
2.323232e-01	3.181818e+00	1.043333e-18
2.323232e-01	3.232323e+00	1.046509e-18
2.323232e-01	3.282828e+00	1.045064e-18
2.323232e-01	3.333333e+00	1.038681e-18
2.323232e-01	3.383838e+00	1.027935e-18
2.323232e-01	3.434343e+00	1.012686e-18
2.323232e-01	3.484848e+00	9.933696e-19
2.323232e-01	3.535354e+00	9.701331e-19
2.323232e-01	3.585859e+00	9.432208e-19
2.323232e-01	3.636364e+00	9.130232e-19
2.323232e-01	3.686869e+00	8.796681e-19
2.323232e-01	3.737374e+00	8.436643e-19
2.323232e-01	3.787879e+00	8.051534e-19
2.323232e-01	3.838384e+00	7.646005e-19
2.323232e-01	3.888889e+00	7.222867e-19
2.323232e-01	3.939394e+00	6.785525e-19
2.323232e-01	3.989899e+00	6.338015e-19
2.323232e-01	4.040404e+00	5.882937e-19
2.323232e-01	4.090909e+00	5.424909e-19
2.323232e-01	4.141414e+00	4.966129e-19
2.323232e-01	4.191919e+00	4.511228e-19
2.323232e-01	4.242424e+00	4.062380e-19
2.323232e-01	4.292929e+00	3.623754e-19
2.323232e-01	4.343434e+00	3.197725e-19
2.323232e-01	4.393939e+00	2.787858e-19
2.323232e-01	4.444444e+00	2.396516e-19
2.323232e-01	4.494949e+00	2.026763e-19
2.323232e-01	4.545455e+00	1.680911e-19
2.323232e-01	4.595960e+00	1.361397e-19
2.323232e-01	4.646465e+00	1.070443e-19
2.323232e-01	4.696970e+00	8.099562e-20
2.323232e-01	4.747475e+00	5.820329e-20
2.323232e-01	4.797980e+00	3.882801e-20
2.323232e-01	4.848485e+00	2.306263e-20
2.323232e-01	4.898990e+00	1.109459e-20
2.323232e-01	4.949495e+00	3.204105e-21
2.323232e-01	5.000000e+00	1.499915e-31
2.424242e-01	0.000000e+00	0.000000e+00
2.424242e-01	5.050505e-02	5.292684e-07
2.424242e-01	1.010101e-01	3.023888e-06
2.424242e-01	1.515152e-01	1.136975e-05
2.424242e-01	2.020202e-01	3.715356e-05
2.424242e-01	2.525253e-01	1.119671e-04
2.424242e-01	3.030303e-01	3.157024e-04
2.424242e-01	3.535354e-01	8.346897e-04
2.424242e-01	4.040404e-01	2.066091e-03
2.424242e-01	4.545455e-01	4.773179e-03
2.424242e-01	5.050505e-01	1.025122e-02
2.424242e-01	5.555556e-01	2.036956e-02
2.424242e-01	6.060606e-01	3.723545e-02
2.424242e-01	6.565657e-01	6.218948e-02
2.424242e-01	7.070707e-01	9.409933e-02
2.424242e-01	7.575758e-01	1.276231e-01
2.424242e-01	8.080808e-01	1.530279e-01
2.424242e-01	8.585859e-01	1.593484e-01
2.424242e-01	9.090909e-01	1.409445e-01
2.424242e-01	9.595960e-01	1.038908e-01
2.424242e-01	1.010101e+00	6.593832e-02
2.424242e-01	1.060606e+00	4.663455e-02
2.424242e-01	1.111111e+00	5.365405e-02
2.424242e-01	1.161616e+00	7.981115e-02
2.424242e-01	1.212121e+00	1.200198e-01
2.424242e-01	1.262626e+00	1.963382e-01
2.424242e-01	1.313131e+00	3.611880e-01
2.424242e-01	1.363636e+00	6.600020e-01
2.424242e-01	1.414141e+00	1.074734e+00
2.424242e-01	1.464646e+00	1.500283e+00
2.424242e-01	1.515152e+00	1.787290e+00
2.424242e-01	1.565657e+00	1.826918e+00
2.424242e-01	1.616162e+00	1.613179e+00
2.424242e-01	1.666667e+00	1.237603e+00
2.424242e-01	1.717172e+00	8.284995e-01
2.424242e-01	1.767677e+00	4.854342e-01
2.424242e-01	1.818182e+00	2.494322e-01
2.424242e-01	1.868687e+00	1.125260e-01
2.424242e-01	1.919192e+00	4.459042e-02
2.424242e-01	1.969697e+00	1.552050e-02
2.424242e-01	2.020202e+00	4.743018e-03
2.424242e-01	2.070707e+00	1.271621e-03
2.424242e-01	2.121212e+00	2.987918e-04
2.424242e-01	2.171717e+00	6.145386e-05
2.424242e-01	2.222222e+00	1.104800e-05
2.424242e-01	2.272727e+00	1.733382e-06
2.424242e-01	2.323232e+00	2.369440e-07
2.424242e-01	2.373737e+00	2.816879e-08
2.424242e-01	2.424242e+00	2.906847e-09
2.424242e-01	2.474747e+00	2.599200e-10
2.424242e-01	2.525253e+00	2.008384e-11
2.424242e-01	2.575758e+00	1.341836e-12
2.424242e-01	2.626263e+00	7.649295e-14
2.424242e-01	2.676768e+00	3.903022e-15
2.424242e-01	2.727273e+00	1.388612e-16
2.424242e-01	2.777778e+00	1.104790e-17
2.424242e-01	2.828283e+00	2.678877e-19
2.424242e-01	2.878788e+00	1.054806e-18
2.424242e-01	2.929293e+00	9.321516e-19
2.424242e-01	2.979798e+00	9.829976e-19
2.424242e-01	3.030303e+00	1.003134e-18
2.424242e-01	3.080808e+00	1.021838e-18
2.424242e-01	3.131313e+00	1.034968e-18
2.424242e-01	3.181818e+00	1.043295e-18
2.424242e-01	3.232323e+00	1.046471e-18
2.424242e-01	3.282828e+00	1.045025e-18
2.424242e-01	3.333333e+00	1.038642e-18
2.424242e-01	3.383838e+00	1.027896e-18
2.424242e-01	3.434343e+00	1.012648e-18
2.424242e-01	3.484848e+00	9.933318e-19
2.424242e-01	3.535354e+00	9.700965e-19
2.424242e-01	3.585859e+00	9.431847e-19
2.424242e-01	3.636364e+00	9.129884e-19
2.424242e-01	3.686869e+00	8.796342e-19
2.424242e-01	3.737374e+00	8.436318e-19
2.424242e-01	3.787879e+00	8.051223e-19
2.424242e-01	3.838384e+00	7.645709e-19
2.424242e-01	3.888889e+00	7.222586e-19
2.424242e-01	3.939394e+00	6.785261e-19
2.424242e-01	3.989899e+00	6.337768e-19
2.424242e-01	4.040404e+00	5.882707e-19
2.424242e-01	4.090909e+00	5.424697e-19
2.424242e-01	4.141414e+00	4.965934e-19
2.424242e-01	4.191919e+00	4.511051e-19
2.424242e-01	4.242424e+00	4.062220e-19
2.424242e-01	4.292929e+00	3.623612e-19
2.424242e-01	4.343434e+00	3.197600e-19
2.424242e-01	4.393939e+00	2.787748e-19
2.424242e-01	4.444444e+00	2.396422e-19
2.424242e-01	4.494949e+00	2.026683e-19
2.424242e-01	4.545455e+00	1.680845e-19
2.424242e-01	4.595960e+00	1.361344e-19
2.424242e-01	4.646465e+00	1.070400e-19
2.424242e-01	4.696970e+00	8.099244e-20
2.424242e-01	4.747475e+00	5.820100e-20
2.424242e-01	4.797980e+00	3.882649e-20
2.424242e-01	4.848485e+00	2.306173e-20
2.424242e-01	4.898990e+00	1.109416e-20
2.424242e-01	4.949495e+00	3.203982e-21
2.424242e-01	5.000000e+00	1.511723e-31
2.525253e-01	0.000000e+00	0.000000e+00
2.525253e-01	5.050505e-02	5.289545e-07
2.525253e-01	1.010101e-01	3.022066e-06
2.525253e-01	1.515152e-01	1.136264e-05
2.525253e-01	2.020202e-01	3.712886e-05
2.525253e-01	2.525253e-01	1.118861e-04
2.525253e-01	3.030303e-01	3.154482e-04
2.525253e-01	3.535354e-01	8.339267e-04
2.525253e-01	4.040404e-01	2.063908e-03
2.525253e-01	4.545455e-01	4.767253e-03
2.525253e-01	5.050505e-01	1.023602e-02
2.525253e-01	5.555556e-01	2.033293e-02
2.525253e-01	6.060606e-01	3.715291e-02
2.525253e-01	6.565657e-01	6.201667e-02
2.525253e-01	7.070707e-01	9.376544e-02
2.525253e-01	7.575758e-01	1.270331e-01
2.525253e-01	8.080808e-01	1.520859e-01
2.525253e-01	8.585859e-01	1.580157e-01
2.525253e-01	9.090909e-01	1.393315e-01
2.525253e-01	9.595960e-01	1.023549e-01
2.525253e-01	1.010101e+00	6.511921e-02
2.525253e-01	1.060606e+00	4.734551e-02
2.525253e-01	1.111111e+00	5.659143e-02
2.525253e-01	1.161616e+00	8.515840e-02
2.525253e-01	1.212121e+00	1.271476e-01
2.525253e-01	1.262626e+00	2.038316e-01
2.525253e-01	1.313131e+00	3.672874e-01
2.525253e-01	1.363636e+00	6.632898e-01
2.525253e-01	1.414141e+00	1.074703e+00
2.525253e-01	1.464646e+00	1.497471e+00
2.525253e-01	1.515152e+00	1.782928e+00
2.525253e-01	1.565657e+00	1.822341e+00
2.525253e-01	1.616162e+00	1.609340e+00
2.525253e-01	1.666667e+00	1.234890e+00
2.525253e-01	1.717172e+00	8.268471e-01
2.525253e-01	1.767677e+00	4.845574e-01
2.525253e-01	1.818182e+00	2.490244e-01
2.525253e-01	1.868687e+00	1.123592e-01
2.525253e-01	1.919192e+00	4.453038e-02
2.525253e-01	1.969697e+00	1.550145e-02
2.525253e-01	2.020202e+00	4.737696e-03
2.525253e-01	2.070707e+00	1.270312e-03
2.525253e-01	2.121212e+00	2.985089e-04
2.525253e-01	2.171717e+00	6.140017e-05
2.525253e-01	2.222222e+00	1.103907e-05
2.525253e-01	2.272727e+00	1.732081e-06
2.525253e-01	2.323232e+00	2.367787e-07
2.525253e-01	2.373737e+00	2.815047e-08
2.525253e-01	2.424242e+00	2.905080e-09
2.525253e-01	2.474747e+00	2.597720e-10
2.525253e-01	2.525253e+00	2.007311e-11
2.525253e-01	2.575758e+00	1.341162e-12
2.525253e-01	2.626263e+00	7.645682e-14
2.525253e-01	2.676768e+00	3.901274e-15
2.525253e-01	2.727273e+00	1.388048e-16
2.525253e-01	2.777778e+00	1.104346e-17
2.525253e-01	2.828283e+00	2.681651e-19
2.525253e-01	2.878788e+00	1.054722e-18
2.525253e-01	2.929293e+00	9.321354e-19
2.525253e-01	2.979798e+00	9.829705e-19
2.525253e-01	3.030303e+00	1.003107e-18
2.525253e-01	3.080808e+00	1.021810e-18
2.525253e-01	3.131313e+00	1.034939e-18
2.525253e-01	3.181818e+00	1.043266e-18
2.525253e-01	3.232323e+00	1.046441e-18
2.525253e-01	3.282828e+00	1.044995e-18
2.525253e-01	3.333333e+00	1.038612e-18
2.525253e-01	3.383838e+00	1.027866e-18
2.525253e-01	3.434343e+00	1.012618e-18
2.525253e-01	3.484848e+00	9.933022e-19
2.525253e-01	3.535354e+00	9.700679e-19
2.525253e-01	3.585859e+00	9.431563e-19
2.525253e-01	3.636364e+00	9.129612e-19
2.525253e-01	3.686869e+00	8.796075e-19
2.525253e-01	3.737374e+00	8.436064e-19
2.525253e-01	3.787879e+00	8.050978e-19
2.525253e-01	3.838384e+00	7.645476e-19
2.525253e-01	3.888889e+00	7.222366e-19
2.525253e-01	3.939394e+00	6.785053e-19
2.525253e-01	3.989899e+00	6.337574e-19
2.525253e-01	4.040404e+00	5.882525e-19
2.525253e-01	4.090909e+00	5.424530e-19
2.525253e-01	4.141414e+00	4.965780e-19
2.525253e-01	4.191919e+00	4.510912e-19
2.525253e-01	4.242424e+00	4.062094e-19
2.525253e-01	4.292929e+00	3.623500e-19
2.525253e-01	4.343434e+00	3.197500e-19
2.525253e-01	4.393939e+00	2.787661e-19
2.525253e-01	4.444444e+00	2.396347e-19
2.525253e-01	4.494949e+00	2.026620e-19
2.525253e-01	4.545455e+00	1.680793e-19
2.525253e-01	4.595960e+00	1.361301e-19
2.525253e-01	4.646465e+00	1.070367e-19
2.525253e-01	4.696970e+00	8.098993e-20
2.525253e-01	4.747475e+00	5.819920e-20
2.525253e-01	4.797980e+00	3.882530e-20
2.525253e-01	4.848485e+00	2.306102e-20
2.525253e-01	4.898990e+00	1.109382e-20
2.525253e-01	4.949495e+00	3.203886e-21
2.525253e-01	5.000000e+00	1.523995e-31
2.626263e-01	0.000000e+00	0.000000e+00
2.626263e-01	5.050505e-02	5.286357e-07
2.626263e-01	1.010101e-01	3.020216e-06
2.626263e-01	1.515152e-01	1.135542e-05
2.626263e-01	2.020202e-01	3.710372e-05
2.626263e-01	2.525253e-01	1.118035e-04
2.626263e-01	3.030303e-01	3.151888e-04
2.626263e-01	3.535354e-01	8.331472e-04
2.626263e-01	4.040404e-01	2.061675e-03
2.626263e-01	4.545455e-01	4.761180e-03
2.626263e-01	5.050505e-01	1.022043e-02
2.626263e-01	5.555556e-01	2.029529e-02
2.626263e-01	6.060606e-01	3.706801e-02
2.626263e-01	6.565657e-01	6.183872e-02
2.626263e-01	7.070707e-01	9.342135e-02
2.626263e-01	7.575758e-01	1.264246e-01
2.626263e-01	8.080808e-01	1.511139e-01
2.626263e-01	8.585859e-01	1.566398e-01
2.626263e-01	9.090909e-01	1.376660e-01
2.626263e-01	9.595960e-01	1.007697e-01
2.626263e-01	1.010101e+00	6.427686e-02
2.626263e-01	1.060606e+00	4.808879e-02
2.626263e-01	1.111111e+00	5.964237e-02
2.626263e-01	1.161616e+00	9.070760e-02
2.626263e-01	1.212121e+00	1.345430e-01
2.626263e-01	1.262626e+00	2.116055e-01
2.626263e-01	1.313131e+00	3.736147e-01
2.626263e-01	1.363636e+00	6.666992e-01
2.626263e-01	1.414141e+00	1.074668e+00
2.626263e-01	1.464646e+00	1.494549e+00
2.626263e-01	1.515152e+00	1.778397e+00
2.626263e-01	1.565657e+00	1.817588e+00
2.626263e-01	1.616162e+00	1.605352e+00
2.626263e-01	1.666667e+00	1.232071e+00
2.626263e-01	1.717172e+00	8.251306e-01
2.626263e-01	1.767677e+00	4.836467e-01
2.626263e-01	1.818182e+00	2.486008e-01
2.626263e-01	1.868687e+00	1.121860e-01
2.626263e-01	1.919192e+00	4.446800e-02
2.626263e-01	1.969697e+00	1.548166e-02
2.626263e-01	2.020202e+00	4.732166e-03
2.626263e-01	2.070707e+00	1.268952e-03
2.626263e-01	2.121212e+00	2.982149e-04
2.626263e-01	2.171717e+00	6.134437e-05
2.626263e-01	2.222222e+00	1.102979e-05
2.626263e-01	2.272727e+00	1.730730e-06
2.626263e-01	2.323232e+00	2.366068e-07
2.626263e-01	2.373737e+00	2.813142e-08
2.626263e-01	2.424242e+00	2.903243e-09
2.626263e-01	2.474747e+00	2.596182e-10
2.626263e-01	2.525253e+00	2.006196e-11
2.626263e-01	2.575758e+00	1.340462e-12
2.626263e-01	2.626263e+00	7.641926e-14
2.626263e-01	2.676768e+00	3.899457e-15
2.626263e-01	2.727273e+00	1.387460e-16
2.626263e-01	2.777778e+00	1.103886e-17
2.626263e-01	2.828283e+00	2.684601e-19
2.626263e-01	2.878788e+00	1.054645e-18
2.626263e-01	2.929293e+00	9.321286e-19
2.626263e-01	2.979798e+00	9.829527e-19
2.626263e-01	3.030303e+00	1.003089e-18
2.626263e-01	3.080808e+00	1.021792e-18
2.626263e-01	3.131313e+00	1.034920e-18
2.626263e-01	3.181818e+00	1.043246e-18
2.626263e-01	3.232323e+00	1.046422e-18
2.626263e-01	3.282828e+00	1.044975e-18
2.626263e-01	3.333333e+00	1.038592e-18
2.626263e-01	3.383838e+00	1.027846e-18
2.626263e-01	3.434343e+00	1.012598e-18
2.626263e-01	3.484848e+00	9.932821e-19
2.626263e-01	3.535354e+00	9.700485e-19
2.626263e-01	3.585859e+00	9.431368e-19
2.626263e-01	3.636364e+00	9.129426e-19
2.626263e-01	3.686869e+00	8.795892e-19
2.626263e-01	3.737374e+00	8.435889e-19
2.626263e-01	3.787879e+00	8.050809e-19
2.626263e-01	3.838384e+00	7.645316e-19
2.626263e-01	3.888889e+00	7.222214e-19
2.626263e-01	3.939394e+00	6.784908e-19
2.626263e-01	3.989899e+00	6.337439e-19
2.626263e-01	4.040404e+00	5.882399e-19
2.626263e-01	4.090909e+00	5.424414e-19
2.626263e-01	4.141414e+00	4.965673e-19
2.626263e-01	4.191919e+00	4.510815e-19
2.626263e-01	4.242424e+00	4.062006e-19
2.626263e-01	4.292929e+00	3.623421e-19
2.626263e-01	4.343434e+00	3.197431e-19
2.626263e-01	4.393939e+00	2.787601e-19
2.626263e-01	4.444444e+00	2.396295e-19
2.626263e-01	4.494949e+00	2.026576e-19
2.626263e-01	4.545455e+00	1.680756e-19
2.626263e-01	4.595960e+00	1.361272e-19
2.626263e-01	4.646465e+00	1.070344e-19
2.626263e-01	4.696970e+00	8.098819e-20
2.626263e-01	4.747475e+00	5.819795e-20
2.626263e-01	4.797980e+00	3.882446e-20
2.626263e-01	4.848485e+00	2.306053e-20
2.626263e-01	4.898990e+00	1.109359e-20
2.626263e-01	4.949495e+00	3.203820e-21
2.626263e-01	5.000000e+00	1.536727e-31
2.727273e-01	0.000000e+00	0.000000e+00
2.727273e-01	5.050505e-02	5.283130e-07
2.727273e-01	1.010101e-01	3.018342e-06
2.727273e-01	1.515152e-01	1.134809e-05
2.727273e-01	2.020202e-01	3.707822e-05
2.727273e-01	2.525253e-01	1.117196e-04
2.727273e-01	3.030303e-01	3.149249e-04
2.727273e-01	3.535354e-01	8.323528e-04
2.727273e-01	4.040404e-01	2.059395e-03
2.727273e-01	4.545455e-01	4.754970e-03
2.727273e-01	5.050505e-01	1.020446e-02
2.727273e-01	5.555556e-01	2.025670e-02
2.727273e-01	6.060606e-01	3.698085e-02
2.727273e-01	6.565657e-01	6.165586e-02
2.727273e-01	7.070707e-01	9.306744e-02
2.727273e-01	7.575758e-01	1.257982e-01
2.727273e-01	8.080808e-01	1.501128e-01
2.727273e-01	8.585859e-01	1.552221e-01
2.727273e-01	9.090909e-01	1.359497e-01
2.727273e-01	9.595960e-01	9.913678e-02
2.727273e-01	1.010101e+00	6.341247e-02
2.727273e-01	1.060606e+00	4.886477e-02
2.727273e-01	1.111111e+00	6.280611e-02
2.727273e-01	1.161616e+00	9.645682e-02
2.727273e-01	1.212121e+00	1.422030e-01
2.727273e-01	1.262626e+00	2.196570e-01
2.727273e-01	1.313131e+00	3.801673e-01
2.727273e-01	1.363636e+00	6.702287e-01
2.727273e-01	1.414141e+00	1.074629e+00
2.727273e-01	1.464646e+00	1.491518e+00
2.727273e-01	1.515152e+00	1.773699e+00
2.727273e-01	1.565657e+00	1.812659e+00
2.727273e-01	1.616162e+00	1.601217e+00
2.727273e-01	1.666667e+00	1.229148e+00
2.727273e-01	1.717172e+00	8.233504e-01
2.727273e-01	1.767677e+00	4.827020e-01
2.727273e-01	1.818182e+00	2.481615e-01
2.727273e-01	1.868687e+00	1.120063e-01
2.727273e-01	1.919192e+00	4.440329e-02
2.727273e-01	1.969697e+00	1.546113e-02
2.727273e-01	2.020202e+00	4.726429e-03
2.727273e-01	2.070707e+00	1.267541e-03
2.727273e-01	2.121212e+00	2.979099e-04
2.727273e-01	2.171717e+00	6.128648e-05
2.727273e-01	2.222222e+00	1.102016e-05
2.727273e-01	2.272727e+00	1.729328e-06
2.727273e-01	2.323232e+00	2.364286e-07
2.727273e-01	2.373737e+00	2.811166e-08
2.727273e-01	2.424242e+00	2.901337e-09
2.727273e-01	2.474747e+00	2.594586e-10
2.727273e-01	2.525253e+00	2.005039e-11
2.727273e-01	2.575758e+00	1.339735e-12
2.727273e-01	2.626263e+00	7.638028e-14
2.727273e-01	2.676768e+00	3.897572e-15
2.727273e-01	2.727273e+00	1.386850e-16
2.727273e-01	2.777778e+00	1.103411e-17
2.727273e-01	2.828283e+00	2.687734e-19
2.727273e-01	2.878788e+00	1.054577e-18
2.727273e-01	2.929293e+00	9.321324e-19
2.727273e-01	2.979798e+00	9.829454e-19
2.727273e-01	3.030303e+00	1.003083e-18
2.727273e-01	3.080808e+00	1.021785e-18
2.727273e-01	3.131313e+00	1.034913e-18
2.727273e-01	3.181818e+00	1.043238e-18
2.727273e-01	3.232323e+00	1.046413e-18
2.727273e-01	3.282828e+00	1.044966e-18
2.727273e-01	3.333333e+00	1.038584e-18
2.727273e-01	3.383838e+00	1.027836e-18
2.727273e-01	3.434343e+00	1.012589e-18
2.727273e-01	3.484848e+00	9.932726e-19
2.727273e-01	3.535354e+00	9.700395e-19
2.727273e-01	3.585859e+00	9.431275e-19
2.727273e-01	3.636364e+00	9.129339e-19
2.727273e-01	3.686869e+00	8.795803e-19
2.727273e-01	3.737374e+00	8.435805e-19
2.727273e-01	3.787879e+00	8.050727e-19
2.727273e-01	3.838384e+00	7.645237e-19
2.727273e-01	3.888889e+00	7.222139e-19
2.727273e-01	3.939394e+00	6.784837e-19
2.727273e-01	3.989899e+00	6.337372e-19
2.727273e-01	4.040404e+00	5.882336e-19
2.727273e-01	4.090909e+00	5.424356e-19
2.727273e-01	4.141414e+00	4.965620e-19
2.727273e-01	4.191919e+00	4.510766e-19
2.727273e-01	4.242424e+00	4.061961e-19
2.727273e-01	4.292929e+00	3.623382e-19
2.727273e-01	4.343434e+00	3.197396e-19
2.727273e-01	4.393939e+00	2.787570e-19
2.727273e-01	4.444444e+00	2.396269e-19
2.727273e-01	4.494949e+00	2.026554e-19
2.727273e-01	4.545455e+00	1.680737e-19
2.727273e-01	4.595960e+00	1.361257e-19
2.727273e-01	4.646465e+00	1.070332e-19
2.727273e-01	4.696970e+00	8.098731e-20
2.727273e-01	4.747475e+00	5.819731e-20
2.727273e-01	4.797980e+00	3.882405e-20
2.727273e-01	4.848485e+00	2.306028e-20
2.727273e-01	4.898990e+00	1.109347e-20
2.727273e-01	4.949495e+00	3.203789e-21
2.727273e-01	5.000000e+00	1.549915e-31
2.828283e-01	0.000000e+00	0.000000e+00
2.828283e-01	5.050505e-02	5.279873e-07
2.828283e-01	1.010101e-01	3.016449e-06
2.828283e-01	1.515152e-01	1.134069e-05
2.828283e-01	2.020202e-01	3.705243e-05
2.828283e-01	2.525253e-01	1.116347e-04
2.828283e-01	3.030303e-01	3.146571e-04
2.828283e-01	3.535354e-01	8.315452e-04
2.828283e-01	4.040404e-01	2.057074e-03
2.828283e-01	4.545455e-01	4.748637e-03
2.828283e-01	5.050505e-01	1.018814e-02
2.828283e-01	5.555556e-01	2.021721e-02
2.828283e-01	6.060606e-01	3.689157e-02
2.828283e-01	6.565657e-01	6.146834e-02
2.828283e-01	7.070707e-01	9.270414e-02
2.828283e-01	7.575758e-01	1.251548e-01
2.828283e-01	8.080808e-01	1.490836e-01
2.828283e-01	8.585859e-01	1.537640e-01
2.828283e-01	9.090909e-01	1.341841e-01
2.828283e-01	9.595960e-01	9.745783e-02
2.828283e-01	1.010101e+00	6.252729e-02
2.828283e-01	1.060606e+00	4.967387e-02
2.828283e-01	1.111111e+00	6.608189e-02
2.828283e-01	1.161616e+00	1.024041e-01
2.828283e-01	1.212121e+00	1.501249e-01
2.828283e-01	1.262626e+00	2.279831e-01
2.828283e-01	1.313131e+00	3.869428e-01
2.828283e-01	1.363636e+00	6.738769e-01
2.828283e-01	1.414141e+00	1.074584e+00
2.828283e-01	1.464646e+00	1.488378e+00
2.828283e-01	1.515152e+00	1.768834e+00
2.828283e-01	1.565657e+00	1.807556e+00
2.828283e-01	1.616162e+00	1.596935e+00
2.828283e-01	1.666667e+00	1.226121e+00
2.828283e-01	1.717172e+00	8.215070e-01
2.828283e-01	1.767677e+00	4.817238e-01
2.828283e-01	1.818182e+00	2.477065e-01
2.828283e-01	1.868687e+00	1.118202e-01
2.828283e-01	1.919192e+00	4.433627e-02
2.828283e-01	1.969697e+00	1.543986e-02
2.828283e-01	2.020202e+00	4.720486e-03
2.828283e-01	2.070707e+00	1.266080e-03
2.828283e-01	2.121212e+00	2.975939e-04
2.828283e-01	2.171717e+00	6.122651e-05
2.828283e-01	2.222222e+00	1.101018e-05
2.828283e-01	2.272727e+00	1.727875e-06
2.828283e-01	2.323232e+00	2.362438e-07
2.828283e-01	2.373737e+00	2.809118e-08
2.828283e-01	2.424242e+00	2.899362e-09
2.828283e-01	2.474747e+00	2.592933e-10
2.828283e-01	2.525253e+00	2.003840e-11
2.828283e-01	2.575758e+00	1.338982e-12
2.828283e-01	2.626263e+00	7.633988e-14
2.828283e-01	2.676768e+00	3.895620e-15
2.828283e-01	2.727273e+00	1.386216e-16
2.828283e-01	2.777778e+00	1.102921e-17
2.828283e-01	2.828283e+00	2.691058e-19
2.828283e-01	2.878788e+00	1.054517e-18
2.828283e-01	2.929293e+00	9.321480e-19
2.828283e-01	2.979798e+00	9.829501e-19
2.828283e-01	3.030303e+00	1.003089e-18
2.828283e-01	3.080808e+00	1.021790e-18
2.828283e-01	3.131313e+00	1.034917e-18
2.828283e-01	3.181818e+00	1.043243e-18
2.828283e-01	3.232323e+00	1.046418e-18
2.828283e-01	3.282828e+00	1.044970e-18
2.828283e-01	3.333333e+00	1.038587e-18
2.828283e-01	3.383838e+00	1.027839e-18
2.828283e-01	3.434343e+00	1.012593e-18
2.828283e-01	3.484848e+00	9.932751e-19
2.828283e-01	3.535354e+00	9.700423e-19
2.828283e-01	3.585859e+00	9.431295e-19
2.828283e-01	3.636364e+00	9.129362e-19
2.828283e-01	3.686869e+00	8.795821e-19
2.828283e-01	3.737374e+00	8.435822e-19
2.828283e-01	3.787879e+00	8.050741e-19
2.828283e-01	3.838384e+00	7.645250e-19
2.828283e-01	3.888889e+00	7.222151e-19
2.828283e-01	3.939394e+00	6.784847e-19
2.828283e-01	3.989899e+00	6.337382e-19
2.828283e-01	4.040404e+00	5.882343e-19
2.828283e-01	4.090909e+00	5.424363e-19
2.828283e-01	4.141414e+00	4.965626e-19
2.828283e-01	4.191919e+00	4.510771e-19
2.828283e-01	4.242424e+00	4.061966e-19
2.828283e-01	4.292929e+00	3.623386e-19
2.828283e-01	4.343434e+00	3.197399e-19
2.828283e-01	4.393939e+00	2.787573e-19
2.828283e-01	4.444444e+00	2.396271e-19
2.828283e-01	4.494949e+00	2.026557e-19
2.828283e-01	4.545455e+00	1.680739e-19
2.828283e-01	4.595960e+00	1.361258e-19
2.828283e-01	4.646465e+00	1.070333e-19
2.828283e-01	4.696970e+00	8.098741e-20
2.828283e-01	4.747475e+00	5.819738e-20
2.828283e-01	4.797980e+00	3.882410e-20
2.828283e-01	4.848485e+00	2.306031e-20
2.828283e-01	4.898990e+00	1.109349e-20
2.828283e-01	4.949495e+00	3.203796e-21
2.828283e-01	5.000000e+00	1.563552e-31
2.929293e-01	0.000000e+00	0.000000e+00
2.929293e-01	5.050505e-02	5.276595e-07
2.929293e-01	1.010101e-01	3.014545e-06
2.929293e-01	1.515152e-01	1.133324e-05
2.929293e-01	2.020202e-01	3.702642e-05
2.929293e-01	2.525253e-01	1.115488e-04
2.929293e-01	3.030303e-01	3.143861e-04
2.929293e-01	3.535354e-01	8.307264e-04
2.929293e-01	4.040404e-01	2.054715e-03
2.929293e-01	4.545455e-01	4.742191e-03
2.929293e-01	5.050505e-01	1.017151e-02
2.929293e-01	5.555556e-01	2.017690e-02
2.929293e-01	6.060606e-01	3.680028e-02
2.929293e-01	6.565657e-01	6.127638e-02
2.929293e-01	7.070707e-01	9.233188e-02
2.929293e-01	7.575758e-01	1.244948e-01
2.929293e-01	8.080808e-01	1.480273e-01
2.929293e-01	8.585859e-01	1.522669e-01
2.929293e-01	9.090909e-01	1.323709e-01
2.929293e-01	9.595960e-01	9.573449e-02
2.929293e-01	1.010101e+00	6.162260e-02
2.929293e-01	1.060606e+00	5.051648e-02
2.929293e-01	1.111111e+00	6.946889e-02
2.929293e-01	1.161616e+00	1.085473e-01
2.929293e-01	1.212121e+00	1.583056e-01
2.929293e-01	1.262626e+00	2.365805e-01
2.929293e-01	1.313131e+00	3.939384e-01
2.929293e-01	1.363636e+00	6.776421e-01
2.929293e-01	1.414141e+00	1.074535e+00
2.929293e-01	1.464646e+00	1.485131e+00
2.929293e-01	1.515152e+00	1.763804e+00
2.929293e-01	1.565657e+00	1.802279e+00
2.929293e-01	1.616162e+00	1.592507e+00
2.929293e-01	1.666667e+00	1.222991e+00
2.929293e-01	1.717172e+00	8.196008e-01
2.929293e-01	1.767677e+00	4.807122e-01
2.929293e-01	1.818182e+00	2.472359e-01
2.929293e-01	1.868687e+00	1.116278e-01
2.929293e-01	1.919192e+00	4.426694e-02
2.929293e-01	1.969697e+00	1.541786e-02
2.929293e-01	2.020202e+00	4.714339e-03
2.929293e-01	2.070707e+00	1.264568e-03
2.929293e-01	2.121212e+00	2.972670e-04
2.929293e-01	2.171717e+00	6.116446e-05
2.929293e-01	2.222222e+00	1.099985e-05
2.929293e-01	2.272727e+00	1.726372e-06
2.929293e-01	2.323232e+00	2.360527e-07
2.929293e-01	2.373737e+00	2.806999e-08
2.929293e-01	2.424242e+00	2.897319e-09
2.929293e-01	2.474747e+00	2.591221e-10
2.929293e-01	2.525253e+00	2.002599e-11
2.929293e-01	2.575758e+00	1.338202e-12
2.929293e-01	2.626263e+00	7.629807e-14
2.929293e-01	2.676768e+00	3.893599e-15
2.929293e-01	2.727273e+00	1.385560e-16
2.929293e-01	2.777778e+00	1.102418e-17
2.929293e-01	2.828283e+00	2.694582e-19
2.929293e-01	2.878788e+00	1.054468e-18
2.929293e-01	2.929293e+00	9.321767e-19
2.929293e-01	2.979798e+00	9.829679e-19
2.929293e-01	3.030303e+00	1.003108e-18
2.929293e-01	3.080808e+00	1.021809e-18
2.929293e-01	3.131313e+00	1.034936e-18
2.929293e-01	3.181818e+00	1.043261e-18
2.929293e-01	3.232323e+00	1.046436e-18
2.929293e-01	3.282828e+00	1.044988e-18
2.929293e-01	3.333333e+00	1.038605e-18
2.929293e-01	3.383838e+00	1.027856e-18
2.929293e-01	3.434343e+00	1.012610e-18
2.929293e-01	3.484848e+00	9.932909e-19
2.929293e-01	3.535354e+00	9.700580e-19
2.929293e-01	3.585859e+00	9.431441e-19
2.929293e-01	3.636364e+00	9.129506e-19
2.929293e-01	3.686869e+00	8.795955e-19
2.929293e-01	3.737374e+00	8.435952e-19
2.929293e-01	3.787879e+00	8.050863e-19
2.929293e-01	3.838384e+00	7.645366e-19
2.929293e-01	3.888889e+00	7.222259e-19
2.929293e-01	3.939394e+00	6.784947e-19
2.929293e-01	3.989899e+00	6.337476e-19
2.929293e-01	4.040404e+00	5.882429e-19
2.929293e-01	4.090909e+00	5.424443e-19
2.929293e-01	4.141414e+00	4.965698e-19
2.929293e-01	4.191919e+00	4.510837e-19
2.929293e-01	4.242424e+00	4.062024e-19
2.929293e-01	4.292929e+00	3.623438e-19
2.929293e-01	4.343434e+00	3.197445e-19
2.929293e-01	4.393939e+00	2.787614e-19
2.929293e-01	4.444444e+00	2.396305e-19
2.929293e-01	4.494949e+00	2.026586e-19
2.929293e-01	4.545455e+00	1.680763e-19
2.929293e-01	4.595960e+00	1.361278e-19
2.929293e-01	4.646465e+00	1.070348e-19
2.929293e-01	4.696970e+00	8.098859e-20
2.929293e-01	4.747475e+00	5.819823e-20
2.929293e-01	4.797980e+00	3.882467e-20
2.929293e-01	4.848485e+00	2.306065e-20
2.929293e-01	4.898990e+00	1.109366e-20
2.929293e-01	4.949495e+00	3.203846e-21
2.929293e-01	5.000000e+00	1.577634e-31
3.030303e-01	0.000000e+00	0.000000e+00
3.030303e-01	5.050505e-02	5.273309e-07
3.030303e-01	1.010101e-01	3.012634e-06
3.030303e-01	1.515152e-01	1.132575e-05
3.030303e-01	2.020202e-01	3.700026e-05
3.030303e-01	2.525253e-01	1.114624e-04
3.030303e-01	3.030303e-01	3.141125e-04
3.030303e-01	3.535354e-01	8.298981e-04
3.030303e-01	4.040404e-01	2.052325e-03
3.030303e-01	4.545455e-01	4.735645e-03
3.030303e-01	5.050505e-01	1.015459e-02
3.030303e-01	5.555556e-01	2.013582e-02
3.030303e-01	6.060606e-01	3.670713e-02
3.030303e-01	6.565657e-01	6.108024e-02
3.030303e-01	7.070707e-01	9.195109e-02
3.030303e-01	7.575758e-01	1.238192e-01
3.030303e-01	8.080808e-01	1.469451e-01
3.030303e-01	8.585859e-01	1.507322e-01
3.030303e-01	9.090909e-01	1.305118e-01
3.030303e-01	9.595960e-01	9.396850e-02
3.030303e-01	1.010101e+00	6.069972e-02
3.030303e-01	1.060606e+00	5.139304e-02
3.030303e-01	1.111111e+00	7.296630e-02
3.030303e-01	1.161616e+00	1.148844e-01
3.030303e-01	1.212121e+00	1.667422e-01
3.030303e-01	1.262626e+00	2.454459e-01
3.030303e-01	1.313131e+00	4.011513e-01
3.030303e-01	1.363636e+00	6.815226e-01
3.030303e-01	1.414141e+00	1.074480e+00
3.030303e-01	1.464646e+00	1.481776e+00
3.030303e-01	1.515152e+00	1.758609e+00
3.030303e-01	1.565657e+00	1.796831e+00
3.030303e-01	1.616162e+00	1.587936e+00
3.030303e-01	1.666667e+00	1.219760e+00
3.030303e-01	1.717172e+00	8.176322e-01
3.030303e-01	1.767677e+00	4.796674e-01
3.030303e-01	1.818182e+00	2.467498e-01
3.030303e-01	1.868687e+00	1.114290e-01
3.030303e-01	1.919192e+00	4.419533e-02
3.030303e-01	1.969697e+00	1.539514e-02
3.030303e-01	2.020202e+00	4.707988e-03
3.030303e-01	2.070707e+00	1.263006e-03
3.030303e-01	2.121212e+00	2.969292e-04
3.030303e-01	2.171717e+00	6.110034e-05
3.030303e-01	2.222222e+00	1.098919e-05
3.030303e-01	2.272727e+00	1.724819e-06
3.030303e-01	2.323232e+00	2.358552e-07
3.030303e-01	2.373737e+00	2.804809e-08
3.030303e-01	2.424242e+00	2.895207e-09
3.030303e-01	2.474747e+00	2.589453e-10
3.030303e-01	2.525253e+00	2.001317e-11
3.030303e-01	2.575758e+00	1.337397e-12
3.030303e-01	2.626263e+00	7.625486e-14
3.030303e-01	2.676768e+00	3.891511e-15
3.030303e-01	2.727273e+00	1.384881e-16
3.030303e-01	2.777778e+00	1.101901e-17
3.030303e-01	2.828283e+00	2.698313e-19
3.030303e-01	2.878788e+00	1.054431e-18
3.030303e-01	2.929293e+00	9.322198e-19
3.030303e-01	2.979798e+00	9.830003e-19
3.030303e-01	3.030303e+00	1.003142e-18
3.030303e-01	3.080808e+00	1.021843e-18
3.030303e-01	3.131313e+00	1.034970e-18
3.030303e-01	3.181818e+00	1.043295e-18
3.030303e-01	3.232323e+00	1.046470e-18
3.030303e-01	3.282828e+00	1.045021e-18
3.030303e-01	3.333333e+00	1.038638e-18
3.030303e-01	3.383838e+00	1.027888e-18
3.030303e-01	3.434343e+00	1.012641e-18
3.030303e-01	3.484848e+00	9.933213e-19
3.030303e-01	3.535354e+00	9.700881e-19
3.030303e-01	3.585859e+00	9.431727e-19
3.030303e-01	3.636364e+00	9.129786e-19
3.030303e-01	3.686869e+00	8.796220e-19
3.030303e-01	3.737374e+00	8.436207e-19
3.030303e-01	3.787879e+00	8.051104e-19
3.030303e-01	3.838384e+00	7.645594e-19
3.030303e-01	3.888889e+00	7.222474e-19
3.030303e-01	3.939394e+00	6.785148e-19
3.030303e-01	3.989899e+00	6.337663e-19
3.030303e-01	4.040404e+00	5.882602e-19
3.030303e-01	4.090909e+00	5.424602e-19
3.030303e-01	4.141414e+00	4.965843e-19
3.030303e-01	4.191919e+00	4.510969e-19
3.030303e-01	4.242424e+00	4.062143e-19
3.030303e-01	4.292929e+00	3.623544e-19
3.030303e-01	4.343434e+00	3.197538e-19
3.030303e-01	4.393939e+00	2.787695e-19
3.030303e-01	4.444444e+00	2.396375e-19
3.030303e-01	4.494949e+00	2.026645e-19
3.030303e-01	4.545455e+00	1.680812e-19
3.030303e-01	4.595960e+00	1.361317e-19
3.030303e-01	4.646465e+00	1.070379e-19
3.030303e-01	4.696970e+00	8.099096e-20
3.030303e-01	4.747475e+00	5.819993e-20
3.030303e-01	4.797980e+00	3.882581e-20
3.030303e-01	4.848485e+00	2.306132e-20
3.030303e-01	4.898990e+00	1.109398e-20
3.030303e-01	4.949495e+00	3.203944e-21
3.030303e-01	5.000000e+00	1.592156e-31
3.131313e-01	0.000000e+00	0.000000e+00
3.131313e-01	5.050505e-02	5.270023e-07
3.131313e-01	1.010101e-01	3.010723e-06
3.131313e-01	1.515152e-01	1.131826e-05
3.131313e-01	2.020202e-01	3.697403e-05
3.131313e-01	2.525253e-01	1.113755e-04
3.131313e-01	3.030303e-01	3.138371e-04
3.131313e-01	3.535354e-01	8.290625e-04
3.131313e-01	4.040404e-01	2.049907e-03
3.131313e-01	4.545455e-01	4.729012e-03
3.131313e-01	5.050505e-01	1.013741e-02
3.131313e-01	5.555556e-01	2.009404e-02
3.131313e-01	6.060606e-01	3.661224e-02
3.131313e-01	6.565657e-01	6.088018e-02
3.131313e-01	7.070707e-01	9.156224e-02
3.131313e-01	7.575758e-01	1.231286e-01
3.131313e-01	8.080808e-01	1.458381e-01
3.131313e-01	8.585859e-01	1.491615e-01
3.131313e-01	9.090909e-01	1.286087e-01
3.131313e-01	9.595960e-01	9.216168e-02
3.131313e-01	1.010101e+00	5.976001e-02
3.131313e-01	1.060606e+00	5.230398e-02
3.131313e-01	1.111111e+00	7.657324e-02
3.131313e-01	1.161616e+00	1.214131e-01
3.131313e-01	1.212121e+00	1.754314e-01
3.131313e-01	1.262626e+00	2.545759e-01
3.131313e-01	1.313131e+00	4.085789e-01
3.131313e-01	1.363636e+00	6.855169e-01
3.131313e-01	1.414141e+00	1.074419e+00
3.131313e-01	1.464646e+00	1.478314e+00
3.131313e-01	1.515152e+00	1.753252e+00
3.131313e-01	1.565657e+00	1.791212e+00
3.131313e-01	1.616162e+00	1.583221e+00
3.131313e-01	1.666667e+00	1.216426e+00
3.131313e-01	1.717172e+00	8.156017e-01
3.131313e-01	1.767677e+00	4.785897e-01
3.131313e-01	1.818182e+00	2.462485e-01
3.131313e-01	1.868687e+00	1.112239e-01
3.131313e-01	1.919192e+00	4.412145e-02
3.131313e-01	1.969697e+00	1.537170e-02
3.131313e-01	2.020202e+00	4.701436e-03
3.131313e-01	2.070707e+00	1.261394e-03
3.131313e-01	2.121212e+00	2.965807e-04
3.131313e-01	2.171717e+00	6.103418e-05
3.131313e-01	2.222222e+00	1.097818e-05
3.131313e-01	2.272727e+00	1.723216e-06
3.131313e-01	2.323232e+00	2.356513e-07
3.131313e-01	2.373737e+00	2.802549e-08
3.131313e-01	2.424242e+00	2.893027e-09
3.131313e-01	2.474747e+00	2.587627e-10
3.131313e-01	2.525253e+00	1.999993e-11
3.131313e-01	2.575758e+00	1.336565e-12
3.131313e-01	2.626263e+00	7.621025e-14
3.131313e-01	2.676768e+00	3.889356e-15
3.131313e-01	2.727273e+00	1.384179e-16
3.131313e-01	2.777778e+00	1.101370e-17
3.131313e-01	2.828283e+00	2.702259e-19
3.131313e-01	2.878788e+00	1.054408e-18
3.131313e-01	2.929293e+00	9.322786e-19
3.131313e-01	2.979798e+00	9.830486e-19
3.131313e-01	3.030303e+00	1.003192e-18
3.131313e-01	3.080808e+00	1.021894e-18
3.131313e-01	3.131313e+00	1.035021e-18
3.131313e-01	3.181818e+00	1.043346e-18
3.131313e-01	3.232323e+00	1.046521e-18
3.131313e-01	3.282828e+00	1.045071e-18
3.131313e-01	3.333333e+00	1.038688e-18
3.131313e-01	3.383838e+00	1.027937e-18
3.131313e-01	3.434343e+00	1.012690e-18
3.131313e-01	3.484848e+00	9.933678e-19
3.131313e-01	3.535354e+00	9.701339e-19
3.131313e-01	3.585859e+00	9.432165e-19
3.131313e-01	3.636364e+00	9.130213e-19
3.131313e-01	3.686869e+00	8.796627e-19
3.131313e-01	3.737374e+00	8.436598e-19
3.131313e-01	3.787879e+00	8.051475e-19
3.131313e-01	3.838384e+00	7.645946e-19
3.131313e-01	3.888889e+00	7.222806e-19
3.131313e-01	3.939394e+00	6.785458e-19
3.131313e-01	3.989899e+00	6.337953e-19
3.131313e-01	4.040404e+00	5.882870e-19
3.131313e-01	4.090909e+00	5.424850e-19
3.131313e-01	4.141414e+00	4.966069e-19
3.131313e-01	4.191919e+00	4.511174e-19
3.131313e-01	4.242424e+00	4.062327e-19
3.131313e-01	4.292929e+00	3.623709e-19
3.131313e-01	4.343434e+00	3.197683e-19
3.131313e-01	4.393939e+00	2.787821e-19
3.131313e-01	4.444444e+00	2.396483e-19
3.131313e-01	4.494949e+00	2.026737e-19
3.131313e-01	4.545455e+00	1.680887e-19
3.131313e-01	4.595960e+00	1.361379e-19
3.131313e-01	4.646465e+00	1.070427e-19
3.131313e-01	4.696970e+00	8.099464e-20
3.131313e-01	4.747475e+00	5.820257e-20
3.131313e-01	4.797980e+00	3.882758e-20
3.131313e-01	4.848485e+00	2.306237e-20
3.131313e-01	4.898990e+00	1.109449e-20
3.131313e-01	4.949495e+00	3.204093e-21
3.131313e-01	5.000000e+00	1.607112e-31
3.232323e-01	0.000000e+00	0.000000e+00
3.232323e-01	5.050505e-02	5.266749e-07
3.232323e-01	1.010101e-01	3.008818e-06
3.232323e-01	1.515152e-01	1.131078e-05
3.232323e-01	2.020202e-01	3.694781e-05
3.232323e-01	2.525253e-01	1.112885e-04
3.232323e-01	3.030303e-01	3.135606e-04
3.232323e-01	3.535354e-01	8.282213e-04
3.232323e-01	4.040404e-01	2.047468e-03
3.232323e-01	4.545455e-01	4.722304e-03
3.232323e-01	5.050505e-01	1.012000e-02
3.232323e-01	5.555556e-01	2.005162e-02
3.232323e-01	6.060606e-01	3.651575e-02
3.232323e-01	6.565657e-01	6.067645e-02
3.232323e-01	7.070707e-01	9.116579e-02
3.232323e-01	7.575758e-01	1.224238e-01
3.232323e-01	8.080808e-01	1.447074e-01
3.232323e-01	8.585859e-01	1.475562e-01
3.232323e-01	9.090909e-01	1.266634e-01
3.232323e-01	9.595960e-01	9.031585e-02
3.232323e-01	1.010101e+00	5.880488e-02
3.232323e-01	1.060606e+00	5.324975e-02
3.232323e-01	1.111111e+00	8.028885e-02
3.232323e-01	1.161616e+00	1.281312e-01
3.232323e-01	1.212121e+00	1.843701e-01
3.232323e-01	1.262626e+00	2.639671e-01
3.232323e-01	1.313131e+00	4.162181e-01
3.232323e-01	1.363636e+00	6.896231e-01
3.232323e-01	1.414141e+00	1.074352e+00
3.232323e-01	1.464646e+00	1.474747e+00
3.232323e-01	1.515152e+00	1.747733e+00
3.232323e-01	1.565657e+00	1.785423e+00
3.232323e-01	1.616162e+00	1.578364e+00
3.232323e-01	1.666667e+00	1.212992e+00
3.232323e-01	1.717172e+00	8.135098e-01
3.232323e-01	1.767677e+00	4.774793e-01
3.232323e-01	1.818182e+00	2.457318e-01
3.232323e-01	1.868687e+00	1.110125e-01
3.232323e-01	1.919192e+00	4.404531e-02
3.232323e-01	1.969697e+00	1.534753e-02
3.232323e-01	2.020202e+00	4.694682e-03
3.232323e-01	2.070707e+00	1.259733e-03
3.232323e-01	2.121212e+00	2.962215e-04
3.232323e-01	2.171717e+00	6.096598e-05
3.232323e-01	2.222222e+00	1.096683e-05
3.232323e-01	2.272727e+00	1.721563e-06
3.232323e-01	2.323232e+00	2.354411e-07
3.232323e-01	2.373737e+00	2.800219e-08
3.232323e-01	2.424242e+00	2.890779e-09
3.232323e-01	2.474747e+00	2.585745e-10
3.232323e-01	2.525253e+00	1.998629e-11
3.232323e-01	2.575758e+00	1.335708e-12
3.232323e-01	2.626263e+00	7.616424e-14
3.232323e-01	2.676768e+00	3.887135e-15
3.232323e-01	2.727273e+00	1.383453e-16
3.232323e-01	2.777778e+00	1.100827e-17
3.232323e-01	2.828283e+00	2.706429e-19
3.232323e-01	2.878788e+00	1.054399e-18
3.232323e-01	2.929293e+00	9.323546e-19
3.232323e-01	2.979798e+00	9.831142e-19
3.232323e-01	3.030303e+00	1.003260e-18
3.232323e-01	3.080808e+00	1.021962e-18
3.232323e-01	3.131313e+00	1.035091e-18
3.232323e-01	3.181818e+00	1.043415e-18
3.232323e-01	3.232323e+00	1.046590e-18
3.232323e-01	3.282828e+00	1.045140e-18
3.232323e-01	3.333333e+00	1.038756e-18
3.232323e-01	3.383838e+00	1.028003e-18
3.232323e-01	3.434343e+00	1.012756e-18
3.232323e-01	3.484848e+00	9.934319e-19
3.232323e-01	3.535354e+00	9.701969e-19
3.232323e-01	3.585859e+00	9.432769e-19
3.232323e-01	3.636364e+00	9.130802e-19
3.232323e-01	3.686869e+00	8.797189e-19
3.232323e-01	3.737374e+00	8.437138e-19
3.232323e-01	3.787879e+00	8.051988e-19
3.232323e-01	3.838384e+00	7.646432e-19
3.232323e-01	3.888889e+00	7.223265e-19
3.232323e-01	3.939394e+00	6.785889e-19
3.232323e-01	3.989899e+00	6.338355e-19
3.232323e-01	4.040404e+00	5.883242e-19
3.232323e-01	4.090909e+00	5.425193e-19
3.232323e-01	4.141414e+00	4.966382e-19
3.232323e-01	4.191919e+00	4.511458e-19
3.232323e-01	4.242424e+00	4.062583e-19
3.232323e-01	4.292929e+00	3.623937e-19
3.232323e-01	4.343434e+00	3.197884e-19
3.232323e-01	4.393939e+00	2.787997e-19
3.232323e-01	4.444444e+00	2.396634e-19
3.232323e-01	4.494949e+00	2.026865e-19
3.232323e-01	4.545455e+00	1.680993e-19
3.232323e-01	4.595960e+00	1.361465e-19
3.232323e-01	4.646465e+00	1.070495e-19
3.232323e-01	4.696970e+00	8.099975e-20
3.232323e-01	4.747475e+00	5.820624e-20
3.232323e-01	4.797980e+00	3.883004e-20
3.232323e-01	4.848485e+00	2.306383e-20
3.232323e-01	4.898990e+00	1.109520e-20
3.232323e-01	4.949495e+00	3.204299e-21
3.232323e-01	5.000000e+00	1.622496e-31
3.333333e-01	0.000000e+00	0.000000e+00
3.333333e-01	5.050505e-02	5.263498e-07
3.333333e-01	1.010101e-01	3.006926e-06
3.333333e-01	1.515152e-01	1.130334e-05
3.333333e-01	2.020202e-01	3.692168e-05
3.333333e-01	2.525253e-01	1.112016e-04
3.333333e-01	3.030303e-01	3.132836e-04
3.333333e-01	3.535354e-01	8.273767e-04
3.333333e-01	4.040404e-01	2.045013e-03
3.333333e-01	4.545455e-01	4.715535e-03
3.333333e-01	5.050505e-01	1.010239e-02
3.333333e-01	5.555556e-01	2.000864e-02
3.333333e-01	6.060606e-01	3.641780e-02
3.333333e-01	6.565657e-01	6.046934e-02
3.333333e-01	7.070707e-01	9.076224e-02
3.333333e-01	7.575758e-01	1.217055e-01
3.333333e-01	8.080808e-01	1.435542e-01
3.333333e-01	8.585859e-01	1.459181e-01
3.333333e-01	9.090909e-01	1.246777e-01
3.333333e-01	9.595960e-01	8.843291e-02
3.333333e-01	1.010101e+00	5.783576e-02
3.333333e-01	1.060606e+00	5.423082e-02
3.333333e-01	1.111111e+00	8.411221e-02
3.333333e-01	1.161616e+00	1.350363e-01
3.333333e-01	1.212121e+00	1.935548e-01
3.333333e-01	1.262626e+00	2.736158e-01
3.333333e-01	1.313131e+00	4.240659e-01
3.333333e-01	1.363636e+00	6.938395e-01
3.333333e-01	1.414141e+00	1.074279e+00
3.333333e-01	1.464646e+00	1.471074e+00
3.333333e-01	1.515152e+00	1.742054e+00
3.333333e-01	1.565657e+00	1.779467e+00
3.333333e-01	1.616162e+00	1.573366e+00
3.333333e-01	1.666667e+00	1.209458e+00
3.333333e-01	1.717172e+00	8.113569e-01
3.333333e-01	1.767677e+00	4.763365e-01
3.333333e-01	1.818182e+00	2.452001e-01
3.333333e-01	1.868687e+00	1.107949e-01
3.333333e-01	1.919192e+00	4.396693e-02
3.333333e-01	1.969697e+00	1.532266e-02
3.333333e-01	2.020202e+00	4.687729e-03
3.333333e-01	2.070707e+00	1.258022e-03
3.333333e-01	2.121212e+00	2.958516e-04
3.333333e-01	2.171717e+00	6.089575e-05
3.333333e-01	2.222222e+00	1.095514e-05
3.333333e-01	2.272727e+00	1.719862e-06
3.333333e-01	2.323232e+00	2.352247e-07
3.333333e-01	2.373737e+00	2.797819e-08
3.333333e-01	2.424242e+00	2.888465e-09
3.333333e-01	2.474747e+00	2.583807e-10
3.333333e-01	2.525253e+00	1.997223e-11
3.333333e-01	2.575758e+00	1.334825e-12
3.333333e-01	2.626263e+00	7.611686e-14
3.333333e-01	2.676768e+00	3.884847e-15
3.333333e-01	2.727273e+00	1.382705e-16
3.333333e-01	2.777778e+00	1.100271e-17
3.333333e-01	2.828283e+00	2.710833e-19
3.333333e-01	2.878788e+00	1.054407e-18
3.333333e-01	2.929293e+00	9.324490e-19
3.333333e-01	2.979798e+00	9.831987e-19
3.333333e-01	3.030303e+00	1.003348e-18
3.333333e-01	3.080808e+00	1.022051e-18
3.333333e-01	3.131313e+00	1.035180e-18
3.333333e-01	3.181818e+00	1.043505e-18
3.333333e-01	3.232323e+00	1.046680e-18
3.333333e-01	3.282828e+00	1.045228e-18
3.333333e-01	3.333333e+00	1.038845e-18
3.333333e-01	3.383838e+00	1.028090e-18
3.333333e-01	3.434343e+00	1.012841e-18
3.333333e-01	3.484848e+00	9.935150e-19
3.333333e-01	3.535354e+00	9.702784e-19
3.333333e-01	3.585859e+00	9.433555e-19
3.333333e-01	3.636364e+00	9.131566e-19
3.333333e-01	3.686869e+00	8.797920e-19
3.333333e-01	3.737374e+00	8.437840e-19
3.333333e-01	3.787879e+00	8.052656e-19
3.333333e-01	3.838384e+00	7.647066e-19
3.333333e-01	3.888889e+00	7.223863e-19
3.333333e-01	3.939394e+00	6.786449e-19
3.333333e-01	3.989899e+00	6.338879e-19
3.333333e-01	4.040404e+00	5.883726e-19
3.333333e-01	4.090909e+00	5.425640e-19
3.333333e-01	4.141414e+00	4.966790e-19
3.333333e-01	4.191919e+00	4.511829e-19
3.333333e-01	4.242424e+00	4.062916e-19
3.333333e-01	4.292929e+00	3.624235e-19
3.333333e-01	4.343434e+00	3.198147e-19
3.333333e-01	4.393939e+00	2.788225e-19
3.333333e-01	4.444444e+00	2.396830e-19
3.333333e-01	4.494949e+00	2.027031e-19
3.333333e-01	4.545455e+00	1.681131e-19
3.333333e-01	4.595960e+00	1.361576e-19
3.333333e-01	4.646465e+00	1.070582e-19
3.333333e-01	4.696970e+00	8.100641e-20
3.333333e-01	4.747475e+00	5.821102e-20
3.333333e-01	4.797980e+00	3.883324e-20
3.333333e-01	4.848485e+00	2.306573e-20
3.333333e-01	4.898990e+00	1.109612e-20
3.333333e-01	4.949495e+00	3.204566e-21
3.333333e-01	5.000000e+00	1.638302e-31
3.434343e-01	0.000000e+00	0.000000e+00
3.434343e-01	5.050505e-02	5.260281e-07
3.434343e-01	1.010101e-01	3.005052e-06
3.434343e-01	1.515152e-01	1.129597e-05
3.434343e-01	2.020202e-01	3.689573e-05
3.434343e-01	2.525253e-01	1.111150e-04
3.434343e-01	3.030303e-01	3.130071e-04
3.434343e-01	3.535354e-01	8.265309e-04
3.434343e-01	4.040404e-01	2.042547e-03
3.434343e-01	4.545455e-01	4.708718e-03
3.434343e-01	5.050505e-01	1.008462e-02
3.434343e-01	5.555556e-01	1.996516e-02
3.434343e-01	6.060606e-01	3.631854e-02
3.434343e-01	6.565657e-01	6.025912e-02
3.434343e-01	7.070707e-01	9.035206e-02
3.434343e-01	7.575758e-01	1.209747e-01
3.434343e-01	8.080808e-01	1.423797e-01
3.434343e-01	8.585859e-01	1.442486e-01
3.434343e-01	9.090909e-01	1.226536e-01
3.434343e-01	9.595960e-01	8.651483e-02
3.434343e-01	1.010101e+00	5.685415e-02
3.434343e-01	1.060606e+00	5.524766e-02
3.434343e-01	1.111111e+00	8.804239e-02
3.434343e-01	1.161616e+00	1.421261e-01
3.434343e-01	1.212121e+00	2.029821e-01
3.434343e-01	1.262626e+00	2.835184e-01
3.434343e-01	1.313131e+00	4.321193e-01
3.434343e-01	1.363636e+00	6.981642e-01
3.434343e-01	1.414141e+00	1.074198e+00
3.434343e-01	1.464646e+00	1.467297e+00
3.434343e-01	1.515152e+00	1.736215e+00
3.434343e-01	1.565657e+00	1.773345e+00
3.434343e-01	1.616162e+00	1.568228e+00
3.434343e-01	1.666667e+00	1.205826e+00
3.434343e-01	1.717172e+00	8.091436e-01
3.434343e-01	1.767677e+00	4.751614e-01
3.434343e-01	1.818182e+00	2.446533e-01
3.434343e-01	1.868687e+00	1.105712e-01
3.434343e-01	1.919192e+00	4.388633e-02
3.434343e-01	1.969697e+00	1.529707e-02
3.434343e-01	2.020202e+00	4.680577e-03
3.434343e-01	2.070707e+00	1.256263e-03
3.434343e-01	2.121212e+00	2.954711e-04
3.434343e-01	2.171717e+00	6.082351e-05
3.434343e-01	2.222222e+00	1.094312e-05
3.434343e-01	2.272727e+00	1.718111e-06
3.434343e-01	2.323232e+00	2.350020e-07
3.434343e-01	2.373737e+00	2.795350e-08
3.434343e-01	2.424242e+00	2.886083e-09
3.434343e-01	2.474747e+00	2.581812e-10
3.434343e-01	2.525253e+00	1.995777e-11
3.434343e-01	2.575758e+00	1.333916e-12
3.434343e-01	2.626263e+00	7.606809e-14
3.434343e-01	2.676768e+00	3.882493e-15
3.434343e-01	2.727273e+00	1.381934e-16
3.434343e-01	2.777778e+00	1.099703e-17
3.434343e-01	2.828283e+00	2.715479e-19
3.434343e-01	2.878788e+00	1.054432e-18
3.434343e-01	2.929293e+00	9.325635e-19
3.434343e-01	2.979798e+00	9.833036e-19
3.434343e-01	3.030303e+00	1.003456e-18
3.434343e-01	3.080808e+00	1.022161e-18
3.434343e-01	3.131313e+00	1.035291e-18
3.434343e-01	3.181818e+00	1.043616e-18
3.434343e-01	3.232323e+00	1.046791e-18
3.434343e-01	3.282828e+00	1.045339e-18
3.434343e-01	3.333333e+00	1.038955e-18
3.434343e-01	3.383838e+00	1.028198e-18
3.434343e-01	3.434343e+00	1.012948e-18
3.434343e-01	3.484848e+00	9.936187e-19
3.434343e-01	3.535354e+00	9.703801e-19
3.434343e-01	3.585859e+00	9.434536e-19
3.434343e-01	3.636364e+00	9.132519e-19
3.434343e-01	3.686869e+00	8.798832e-19
3.434343e-01	3.737374e+00	8.438716e-19
3.434343e-01	3.787879e+00	8.053490e-19
3.434343e-01	3.838384e+00	7.647857e-19
3.434343e-01	3.888889e+00	7.224610e-19
3.434343e-01	3.939394e+00	6.787149e-19
3.434343e-01	3.989899e+00	6.339533e-19
3.434343e-01	4.040404e+00	5.884332e-19
3.434343e-01	4.090909e+00	5.426199e-19
3.434343e-01	4.141414e+00	4.967301e-19
3.434343e-01	4.191919e+00	4.512293e-19
3.434343e-01	4.242424e+00	4.063334e-19
3.434343e-01	4.292929e+00	3.624607e-19
3.434343e-01	4.343434e+00	3.198475e-19
3.434343e-01	4.393939e+00	2.788512e-19
3.434343e-01	4.444444e+00	2.397076e-19
3.434343e-01	4.494949e+00	2.027239e-19
3.434343e-01	4.545455e+00	1.681303e-19
3.434343e-01	4.595960e+00	1.361716e-19
3.434343e-01	4.646465e+00	1.070692e-19
3.434343e-01	4.696970e+00	8.101475e-20
3.434343e-01	4.747475e+00	5.821701e-20
3.434343e-01	4.797980e+00	3.883724e-20
3.434343e-01	4.848485e+00	2.306811e-20
3.434343e-01	4.898990e+00	1.109726e-20
3.434343e-01	4.949495e+00	3.204900e-21
3.434343e-01	5.000000e+00	1.654525e-31
3.535354e-01	0.000000e+00	0.000000e+00
3.535354e-01	5.050505e-02	5.257111e-07
3.535354e-01	1.010101e-01	3.003204e-06
3.535354e-01	1.515152e-01	1.128869e-05
3.535354e-01	2.020202e-01	3.687004e-05
3.535354e-01	2.525253e-01	1.110291e-04
3.535354e-01	3.030303e-01	3.127317e-04
3.535354e-01	3.535354e-01	8.256859e-04
3.535354e-01	4.040404e-01	2.040076e-03
3.535354e-01	4.545455e-01	4.701869e-03
3.535354e-01	5.050505e-01	1.006671e-02
3.535354e-01	5.555556e-01	1.992126e-02
3.535354e-01	6.060606e-01	3.621812e-02
3.535354e-01	6.565657e-01	6.004608e-02
3.535354e-01	7.070707e-01	8.993579e-02
3.535354e-01	7.575758e-01	1.202321e-01
3.535354e-01	8.080808e-01	1.411852e-01
3.535354e-01	8.585859e-01	1.425496e-01
3.535354e-01	9.090909e-01	1.205932e-01
3.535354e-01	9.595960e-01	8.456359e-02
3.535354e-01	1.010101e+00	5.586156e-02
3.535354e-01	1.060606e+00	5.630075e-02
3.535354e-01	1.111111e+00	9.207843e-02
3.535354e-01	1.161616e+00	1.493982e-01
3.535354e-01	1.212121e+00	2.126485e-01
3.535354e-01	1.262626e+00	2.936710e-01
3.535354e-01	1.313131e+00	4.403751e-01
3.535354e-01	1.363636e+00	7.025953e-01
3.535354e-01	1.414141e+00	1.074109e+00
3.535354e-01	1.464646e+00	1.463416e+00
3.535354e-01	1.515152e+00	1.730219e+00
3.535354e-01	1.565657e+00	1.767058e+00
3.535354e-01	1.616162e+00	1.562952e+00
3.535354e-01	1.666667e+00	1.202095e+00
3.535354e-01	1.717172e+00	8.068703e-01
3.535354e-01	1.767677e+00	4.739545e-01
3.535354e-01	1.818182e+00	2.440916e-01
3.535354e-01	1.868687e+00	1.103414e-01
3.535354e-01	1.919192e+00	4.380352e-02
3.535354e-01	1.969697e+00	1.527079e-02
3.535354e-01	2.020202e+00	4.673229e-03
3.535354e-01	2.070707e+00	1.254455e-03
3.535354e-01	2.121212e+00	2.950801e-04
3.535354e-01	2.171717e+00	6.074927e-05
3.535354e-01	2.222222e+00	1.093076e-05
3.535354e-01	2.272727e+00	1.716311e-06
3.535354e-01	2.323232e+00	2.347732e-07
3.535354e-01	2.373737e+00	2.792813e-08
3.535354e-01	2.424242e+00	2.883635e-09
3.535354e-01	2.474747e+00	2.579762e-10
3.535354e-01	2.525253e+00	1.994290e-11
3.535354e-01	2.575758e+00	1.332982e-12
3.535354e-01	2.626263e+00	7.601795e-14
3.535354e-01	2.676768e+00	3.880074e-15
3.535354e-01	2.727273e+00	1.381140e-16
3.535354e-01	2.777778e+00	1.099123e-17
3.535354e-01	2.828283e+00	2.720376e-19
3.535354e-01	2.878788e+00	1.054477e-18
3.535354e-01	2.929293e+00	9.326995e-19
3.535354e-01	2.979798e+00	9.834304e-19
3.535354e-01	3.030303e+00	1.003587e-18
3.535354e-01	3.080808e+00	1.022293e-18
3.535354e-01	3.131313e+00	1.035424e-18
3.535354e-01	3.181818e+00	1.043750e-18
3.535354e-01	3.232323e+00	1.046925e-18
3.535354e-01	3.282828e+00	1.045472e-18
3.535354e-01	3.333333e+00	1.039088e-18
3.535354e-01	3.383838e+00	1.028329e-18
3.535354e-01	3.434343e+00	1.013077e-18
3.535354e-01	3.484848e+00	9.937446e-19
3.535354e-01	3.535354e+00	9.705034e-19
3.535354e-01	3.585859e+00	9.435727e-19
3.535354e-01	3.636364e+00	9.133676e-19
3.535354e-01	3.686869e+00	8.799942e-19
3.535354e-01	3.737374e+00	8.439781e-19
3.535354e-01	3.787879e+00	8.054504e-19
3.535354e-01	3.838384e+00	7.648820e-19
3.535354e-01	3.888889e+00	7.225518e-19
3.535354e-01	3.939394e+00	6.788001e-19
3.535354e-01	3.989899e+00	6.340329e-19
3.535354e-01	4.040404e+00	5.885069e-19
3.535354e-01	4.090909e+00	5.426879e-19
3.535354e-01	4.141414e+00	4.967923e-19
3.535354e-01	4.191919e+00	4.512858e-19
3.535354e-01	4.242424e+00	4.063842e-19
3.535354e-01	4.292929e+00	3.625061e-19
3.535354e-01	4.343434e+00	3.198875e-19
3.535354e-01	4.393939e+00	2.788860e-19
3.535354e-01	4.444444e+00	2.397376e-19
3.535354e-01	4.494949e+00	2.027493e-19
3.535354e-01	4.545455e+00	1.681513e-19
3.535354e-01	4.595960e+00	1.361886e-19
3.535354e-01	4.646465e+00	1.070826e-19
3.535354e-01	4.696970e+00	8.102489e-20
3.535354e-01	4.747475e+00	5.822429e-20
3.535354e-01	4.797980e+00	3.884211e-20
3.535354e-01	4.848485e+00	2.307100e-20
3.535354e-01	4.898990e+00	1.109866e-20
3.535354e-01	4.949495e+00	3.205305e-21
3.535354e-01	5.000000e+00	1.671158e-31
3.636364e-01	0.000000e+00	0.000000e+00
3.636364e-01	5.050505e-02	5.253999e-07
3.636364e-01	1.010101e-01	3.001389e-06
3.636364e-01	1.515152e-01	1.128152e-05
3.636364e-01	2.020202e-01	3.684470e-05
3.636364e-01	2.525253e-01	1.109441e-04
3.636364e-01	3.030303e-01	3.124583e-04
3.636364e-01	3.535354e-01	8.248440e-04
3.636364e-01	4.040404e-01	2.037606e-03
3.636364e-01	4.545455e-01	4.695000e-03
3.636364e-01	5.050505e-01	1.004871e-02
3.636364e-01	5.555556e-01	1.987701e-02
3.636364e-01	6.060606e-01	3.611668e-02
3.636364e-01	6.565657e-01	5.983050e-02
3.636364e-01	7.070707e-01	8.951392e-02
3.636364e-01	7.575758e-01	1.194786e-01
3.636364e-01	8.080808e-01	1.399720e-01
3.636364e-01	8.585859e-01	1.408227e-01
3.636364e-01	9.090909e-01	1.184984e-01
3.636364e-01	9.595960e-01	8.258125e-02
3.636364e-01	1.010101e+00	5.485954e-02
3.636364e-01	1.060606e+00	5.739060e-02
3.636364e-01	1.111111e+00	9.621935e-02
3.636364e-01	1.161616e+00	1.568499e-01
3.636364e-01	1.212121e+00	2.225505e-01
3.636364e-01	1.262626e+00	3.040698e-01
3.636364e-01	1.313131e+00	4.488300e-01
3.636364e-01	1.363636e+00	7.071309e-01
3.636364e-01	1.414141e+00	1.074013e+00
3.636364e-01	1.464646e+00	1.459433e+00
3.636364e-01	1.515152e+00	1.724068e+00
3.636364e-01	1.565657e+00	1.760608e+00
3.636364e-01	1.616162e+00	1.557539e+00
3.636364e-01	1.666667e+00	1.198267e+00
3.636364e-01	1.717172e+00	8.045376e-01
3.636364e-01	1.767677e+00	4.727159e-01
3.636364e-01	1.818182e+00	2.435152e-01
3.636364e-01	1.868687e+00	1.101055e-01
3.636364e-01	1.919192e+00	4.371852e-02
3.636364e-01	1.969697e+00	1.524381e-02
3.636364e-01	2.020202e+00	4.665685e-03
3.636364e-01	2.070707e+00	1.252599e-03
3.636364e-01	2.121212e+00	2.946786e-04
3.636364e-01	2.171717e+00	6.067305e-05
3.636364e-01	2.222222e+00	1.091808e-05
3.636364e-01	2.272727e+00	1.714464e-06
3.636364e-01	2.323232e+00	2.345381e-07
3.636364e-01	2.373737e+00	2.790206e-08
3.636364e-01	2.424242e+00	2.881121e-09
3.636364e-01	2.474747e+00	2.577656e-10
3.636364e-01	2.525253e+00	1.992763e-11
3.636364e-01	2.575758e+00	1.332022e-12
3.636364e-01	2.626263e+00	7.596646e-14
3.636364e-01	2.676768e+00	3.877590e-15
3.636364e-01	2.727273e+00	1.380324e-16
3.636364e-01	2.777778e+00	1.098532e-17
3.636364e-01	2.828283e+00	2.725534e-19
3.636364e-01	2.878788e+00	1.054543e-18
3.636364e-01	2.929293e+00	9.328585e-19
3.636364e-01	2.979798e+00	9.835807e-19
3.636364e-01	3.030303e+00	1.003742e-18
3.636364e-01	3.080808e+00	1.022450e-18
3.636364e-01	3.131313e+00	1.035583e-18
3.636364e-01	3.181818e+00	1.043910e-18
3.636364e-01	3.232323e+00	1.047085e-18
3.636364e-01	3.282828e+00	1.045631e-18
3.636364e-01	3.333333e+00	1.039246e-18
3.636364e-01	3.383838e+00	1.028484e-18
3.636364e-01	3.434343e+00	1.013231e-18
3.636364e-01	3.484848e+00	9.938942e-19
3.636364e-01	3.535354e+00	9.706500e-19
3.636364e-01	3.585859e+00	9.437144e-19
3.636364e-01	3.636364e+00	9.135052e-19
3.636364e-01	3.686869e+00	8.801261e-19
3.636364e-01	3.737374e+00	8.441048e-19
3.636364e-01	3.787879e+00	8.055710e-19
3.636364e-01	3.838384e+00	7.649965e-19
3.636364e-01	3.888889e+00	7.226599e-19
3.636364e-01	3.939394e+00	6.789015e-19
3.636364e-01	3.989899e+00	6.341276e-19
3.636364e-01	4.040404e+00	5.885947e-19
3.636364e-01	4.090909e+00	5.427689e-19
3.636364e-01	4.141414e+00	4.968664e-19
3.636364e-01	4.191919e+00	4.513531e-19
3.636364e-01	4.242424e+00	4.064447e-19
3.636364e-01	4.292929e+00	3.625601e-19
3.636364e-01	4.343434e+00	3.199351e-19
3.636364e-01	4.393939e+00	2.789276e-19
3.636364e-01	4.444444e+00	2.397732e-19
3.636364e-01	4.494949e+00	2.027795e-19
3.636364e-01	4.545455e+00	1.681763e-19
3.636364e-01	4.595960e+00	1.362089e-19
3.636364e-01	4.646465e+00	1.070985e-19
3.636364e-01	4.696970e+00	8.103697e-20
3.636364e-01	4.747475e+00	5.823297e-20
3.636364e-01	4.797980e+00	3.884790e-20
3.636364e-01	4.848485e+00	2.307444e-20
3.636364e-01	4.898990e+00	1.110032e-20
3.636364e-01	4.949495e+00	3.205786e-21
3.636364e-01	5.000000e+00	1.688196e-31
3.737374e-01	0.000000e+00	0.000000e+00
3.737374e-01	5.050505e-02	5.250958e-07
3.737374e-01	1.010101e-01	2.999614e-06
3.737374e-01	1.515152e-01	1.127450e-05
3.737374e-01	2.020202e-01	3.681980e-05
3.737374e-01	2.525253e-01	1.108603e-04
3.737374e-01	3.030303e-01	3.121876e-04
3.737374e-01	3.535354e-01	8.240074e-04
3.737374e-01	4.040404e-01	2.035143e-03
3.737374e-01	4.545455e-01	4.688128e-03
3.737374e-01	5.050505e-01	1.003064e-02
3.737374e-01	5.555556e-01	1.983249e-02
3.737374e-01	6.060606e-01	3.601440e-02
3.737374e-01	6.565657e-01	5.961270e-02
3.737374e-01	7.070707e-01	8.908701e-02
3.737374e-01	7.575758e-01	1.187151e-01
3.737374e-01	8.080808e-01	1.387413e-01
3.737374e-01	8.585859e-01	1.390697e-01
3.737374e-01	9.090909e-01	1.163714e-01
3.737374e-01	9.595960e-01	8.056990e-02
3.737374e-01	1.010101e+00	5.384968e-02
3.737374e-01	1.060606e+00	5.851771e-02
3.737374e-01	1.111111e+00	1.004641e-01
3.737374e-01	1.161616e+00	1.644788e-01
3.737374e-01	1.212121e+00	2.326842e-01
3.737374e-01	1.262626e+00	3.147107e-01
3.737374e-01	1.313131e+00	4.574807e-01
3.737374e-01	1.363636e+00	7.117691e-01
3.737374e-01	1.414141e+00	1.073908e+00
3.737374e-01	1.464646e+00	1.455347e+00
3.737374e-01	1.515152e+00	1.717761e+00
3.737374e-01	1.565657e+00	1.753996e+00
3.737374e-01	1.616162e+00	1.551990e+00
3.737374e-01	1.666667e+00	1.194342e+00
3.737374e-01	1.717172e+00	8.021461e-01
3.737374e-01	1.767677e+00	4.714460e-01
3.737374e-01	1.818182e+00	2.429241e-01
3.737374e-01	1.868687e+00	1.098636e-01
3.737374e-01	1.919192e+00	4.363135e-02
3.737374e-01	1.969697e+00	1.521613e-02
3.737374e-01	2.020202e+00	4.657948e-03
3.737374e-01	2.070707e+00	1.250695e-03
3.737374e-01	2.121212e+00	2.942668e-04
3.737374e-01	2.171717e+00	6.059484e-05
3.737374e-01	2.222222e+00	1.090506e-05
3.737374e-01	2.272727e+00	1.712568e-06
3.737374e-01	2.323232e+00	2.342970e-07
3.737374e-01	2.373737e+00	2.787532e-08
3.737374e-01	2.424242e+00	2.878542e-09
3.737374e-01	2.474747e+00	2.575495e-10
3.737374e-01	2.525253e+00	1.991195e-11
3.737374e-01	2.575758e+00	1.331038e-12
3.737374e-01	2.626263e+00	7.591360e-14
3.737374e-01	2.676768e+00	3.875042e-15
3.737374e-01	2.727273e+00	1.379484e-16
3.737374e-01	2.777778e+00	1.097931e-17
3.737374e-01	2.828283e+00	2.730963e-19
3.737374e-01	2.878788e+00	1.054631e-18
3.737374e-01	2.929293e+00	9.330421e-19
3.737374e-01	2.979798e+00	9.837561e-19
3.737374e-01	3.030303e+00	1.003923e-18
3.737374e-01	3.080808e+00	1.022634e-18
3.737374e-01	3.131313e+00	1.035768e-18
3.737374e-01	3.181818e+00	1.044096e-18
3.737374e-01	3.232323e+00	1.047272e-18
3.737374e-01	3.282828e+00	1.045817e-18
3.737374e-01	3.333333e+00	1.039430e-18
3.737374e-01	3.383838e+00	1.028666e-18
3.737374e-01	3.434343e+00	1.013410e-18
3.737374e-01	3.484848e+00	9.940693e-19
3.737374e-01	3.535354e+00	9.708214e-19
3.737374e-01	3.585859e+00	9.438802e-19
3.737374e-01	3.636364e+00	9.136661e-19
3.737374e-01	3.686869e+00	8.802806e-19
3.737374e-01	3.737374e+00	8.442530e-19
3.737374e-01	3.787879e+00	8.057123e-19
3.737374e-01	3.838384e+00	7.651305e-19
3.737374e-01	3.888889e+00	7.227865e-19
3.737374e-01	3.939394e+00	6.790203e-19
3.737374e-01	3.989899e+00	6.342386e-19
3.737374e-01	4.040404e+00	5.886975e-19
3.737374e-01	4.090909e+00	5.428638e-19
3.737374e-01	4.141414e+00	4.969531e-19
3.737374e-01	4.191919e+00	4.514319e-19
3.737374e-01	4.242424e+00	4.065157e-19
3.737374e-01	4.292929e+00	3.626233e-19
3.737374e-01	4.343434e+00	3.199909e-19
3.737374e-01	4.393939e+00	2.789762e-19
3.737374e-01	4.444444e+00	2.398150e-19
3.737374e-01	4.494949e+00	2.028149e-19
3.737374e-01	4.545455e+00	1.682056e-19
3.737374e-01	4.595960e+00	1.362327e-19
3.737374e-01	4.646465e+00	1.071172e-19
3.737374e-01	4.696970e+00	8.105112e-20
3.737374e-01	4.747475e+00	5.824314e-20
3.737374e-01	4.797980e+00	3.885469e-20
3.737374e-01	4.848485e+00	2.307847e-20
3.737374e-01	4.898990e+00	1.110226e-20
3.737374e-01	4.949495e+00	3.206350e-21
3.737374e-01	5.000000e+00	1.705630e-31
3.838384e-01	0.000000e+00	0.000000e+00
3.838384e-01	5.050505e-02	5.248000e-07
3.838384e-01	1.010101e-01	2.997885e-06
3.838384e-01	1.515152e-01	1.126765e-05
3.838384e-01	2.020202e-01	3.679543e-05
3.838384e-01	2.525253e-01	1.107779e-04
3.838384e-01	3.030303e-01	3.119206e-04
3.838384e-01	3.535354e-01	8.231785e-04
3.838384e-01	4.040404e-01	2.032692e-03
3.838384e-01	4.545455e-01	4.681267e-03
3.838384e-01	5.050505e-01	1.001255e-02
3.838384e-01	5.555556e-01	1.978777e-02
3.838384e-01	6.060606e-01	3.591142e-02
3.838384e-01	6.565657e-01	5.939297e-02
3.838384e-01	7.070707e-01	8.865559e-02
3.838384e-01	7.575758e-01	1.179425e-01
3.838384e-01	8.080808e-01	1.374945e-01
3.838384e-01	8.585859e-01	1.372924e-01
3.838384e-01	9.090909e-01	1.142142e-01
3.838384e-01	9.595960e-01	7.853168e-02
3.838384e-01	1.010101e+00	5.283363e-02
3.838384e-01	1.060606e+00	5.968260e-02
3.838384e-01	1.111111e+00	1.048118e-01
3.838384e-01	1.161616e+00	1.722822e-01
3.838384e-01	1.212121e+00	2.430459e-01
3.838384e-01	1.262626e+00	3.255897e-01
3.838384e-01	1.313131e+00	4.663239e-01
3.838384e-01	1.363636e+00	7.165078e-01
3.838384e-01	1.414141e+00	1.073794e+00
3.838384e-01	1.464646e+00	1.451160e+00
3.838384e-01	1.515152e+00	1.711301e+00
3.838384e-01	1.565657e+00	1.747223e+00
3.838384e-01	1.616162e+00	1.546306e+00
3.838384e-01	1.666667e+00	1.190323e+00
3.838384e-01	1.717172e+00	7.996962e-01
3.838384e-01	1.767677e+00	4.701450e-01
3.838384e-01	1.818182e+00	2.423185e-01
3.838384e-01	1.868687e+00	1.096158e-01
3.838384e-01	1.919192e+00	4.354203e-02
3.838384e-01	1.969697e+00	1.518777e-02
3.838384e-01	2.020202e+00	4.650018e-03
3.838384e-01	2.070707e+00	1.248744e-03
3.838384e-01	2.121212e+00	2.938447e-04
3.838384e-01	2.171717e+00	6.051469e-05
3.838384e-01	2.222222e+00	1.089172e-05
3.838384e-01	2.272727e+00	1.710625e-06
3.838384e-01	2.323232e+00	2.340497e-07
3.838384e-01	2.373737e+00	2.784791e-08
3.838384e-01	2.424242e+00	2.875897e-09
3.838384e-01	2.474747e+00	2.573279e-10
3.838384e-01	2.525253e+00	1.989588e-11
3.838384e-01	2.575758e+00	1.330028e-12
3.838384e-01	2.626263e+00	7.585940e-14
3.838384e-01	2.676768e+00	3.872429e-15
3.838384e-01	2.727273e+00	1.378622e-16
3.838384e-01	2.777778e+00	1.097319e-17
3.838384e-01	2.828283e+00	2.736673e-19
3.838384e-01	2.878788e+00	1.054743e-18
3.838384e-01	2.929293e+00	9.332518e-19
3.838384e-01	2.979798e+00	9.839583e-19
3.838384e-01	3.030303e+00	1.004131e-18
3.838384e-01	3.080808e+00	1.022845e-18
3.838384e-01	3.131313e+00	1.035982e-18
3.838384e-01	3.181818e+00	1.044310e-18
3.838384e-01	3.232323e+00	1.047487e-18
3.838384e-01	3.282828e+00	1.046031e-18
3.838384e-01	3.333333e+00	1.039643e-18
3.838384e-01	3.383838e+00	1.028876e-18
3.838384e-01	3.434343e+00	1.013617e-18
3.838384e-01	3.484848e+00	9.942715e-19
3.838384e-01	3.535354e+00	9.710193e-19
3.838384e-01	3.585859e+00	9.440718e-19
3.838384e-01	3.636364e+00	9.138519e-19
3.838384e-01	3.686869e+00	8.804591e-19
3.838384e-01	3.737374e+00	8.444243e-19
3.838384e-01	3.787879e+00	8.058755e-19
3.838384e-01	3.838384e+00	7.652855e-19
3.838384e-01	3.888889e+00	7.229328e-19
3.838384e-01	3.939394e+00	6.791576e-19
3.838384e-01	3.989899e+00	6.343669e-19
3.838384e-01	4.040404e+00	5.888164e-19
3.838384e-01	4.090909e+00	5.429734e-19
3.838384e-01	4.141414e+00	4.970534e-19
3.838384e-01	4.191919e+00	4.515230e-19
3.838384e-01	4.242424e+00	4.065977e-19
3.838384e-01	4.292929e+00	3.626965e-19
3.838384e-01	4.343434e+00	3.200555e-19
3.838384e-01	4.393939e+00	2.790325e-19
3.838384e-01	4.444444e+00	2.398634e-19
3.838384e-01	4.494949e+00	2.028558e-19
3.838384e-01	4.545455e+00	1.682395e-19
3.838384e-01	4.595960e+00	1.362601e-19
3.838384e-01	4.646465e+00	1.071388e-19
3.838384e-01	4.696970e+00	8.106749e-20
3.838384e-01	4.747475e+00	5.825489e-20
3.838384e-01	4.797980e+00	3.886254e-20
3.838384e-01	4.848485e+00	2.308313e-20
3.838384e-01	4.898990e+00	1.110451e-20
3.838384e-01	4.949495e+00	3.207001e-21
3.838384e-01	5.000000e+00	1.723456e-31
3.939394e-01	0.000000e+00	0.000000e+00
3.939394e-01	5.050505e-02	5.245138e-07
3.939394e-01	1.010101e-01	2.996211e-06
3.939394e-01	1.515152e-01	1.126100e-05
3.939394e-01	2.020202e-01	3.677168e-05
3.939394e-01	2.525253e-01	1.106973e-04
3.939394e-01	3.030303e-01	3.116580e-04
3.939394e-01	3.535354e-01	8.223596e-04
3.939394e-01	4.040404e-01	2.030261e-03
3.939394e-01	4.545455e-01	4.674433e-03
3.939394e-01	5.050505e-01	9.994459e-03
3.939394e-01	5.555556e-01	1.974294e-02
3.939394e-01	6.060606e-01	3.580791e-02
3.939394e-01	6.565657e-01	5.917163e-02
3.939394e-01	7.070707e-01	8.822023e-02
3.939394e-01	7.575758e-01	1.171616e-01
3.939394e-01	8.080808e-01	1.362330e-01
3.939394e-01	8.585859e-01	1.354926e-01
3.939394e-01	9.090909e-01	1.120291e-01
3.939394e-01	9.595960e-01	7.646880e-02
3.939394e-01	1.010101e+00	5.181302e-02
3.939394e-01	1.060606e+00	6.088580e-02
3.939394e-01	1.111111e+00	1.092612e-01
3.939394e-01	1.161616e+00	1.802573e-01
3.939394e-01	1.212121e+00	2.536317e-01
3.939394e-01	1.262626e+00	3.367026e-01
3.939394e-01	1.313131e+00	4.753560e-01
3.939394e-01	1.363636e+00	7.213449e-01
3.939394e-01	1.414141e+00	1.073672e+00
3.939394e-01	1.464646e+00	1.446872e+00
3.939394e-01	1.515152e+00	1.704690e+00
3.939394e-01	1.565657e+00	1.740293e+00
3.939394e-01	1.616162e+00	1.540490e+00
3.939394e-01	1.666667e+00	1.186208e+00
3.939394e-01	1.717172e+00	7.971885e-01
3.939394e-01	1.767677e+00	4.688132e-01
3.939394e-01	1.818182e+00	2.416986e-01
3.939394e-01	1.868687e+00	1.093620e-01
3.939394e-01	1.919192e+00	4.345056e-02
3.939394e-01	1.969697e+00	1.515873e-02
3.939394e-01	2.020202e+00	4.641897e-03
3.939394e-01	2.070707e+00	1.246746e-03
3.939394e-01	2.121212e+00	2.934124e-04
3.939394e-01	2.171717e+00	6.043258e-05
3.939394e-01	2.222222e+00	1.087805e-05
3.939394e-01	2.272727e+00	1.708634e-06
3.939394e-01	2.323232e+00	2.337965e-07
3.939394e-01	2.373737e+00	2.781982e-08
3.939394e-01	2.424242e+00	2.873187e-09
3.939394e-01	2.474747e+00	2.571009e-10
3.939394e-01	2.525253e+00	1.987942e-11
3.939394e-01	2.575758e+00	1.328994e-12
3.939394e-01	2.626263e+00	7.580386e-14
3.939394e-01	2.676768e+00	3.869753e-15
3.939394e-01	2.727273e+00	1.377736e-16
3.939394e-01	2.777778e+00	1.096698e-17
3.939394e-01	2.828283e+00	2.742674e-19
3.939394e-01	2.878788e+00	1.054881e-18
3.939394e-01	2.929293e+00	9.334894e-19
3.939394e-01	2.979798e+00	9.841891e-19
3.939394e-01	3.030303e+00	1.004368e-18
3.939394e-01	3.080808e+00	1.023086e-18
3.939394e-01	3.131313e+00	1.036225e-18
3.939394e-01	3.181818e+00	1.044555e-18
3.939394e-01	3.232323e+00	1.047732e-18
3.939394e-01	3.282828e+00	1.046275e-18
3.939394e-01	3.333333e+00	1.039886e-18
3.939394e-01	3.383838e+00	1.029115e-18
3.939394e-01	3.434343e+00	1.013854e-18
3.939394e-01	3.484848e+00	9.945025e-19
3.939394e-01	3.535354e+00	9.712454e-19
3.939394e-01	3.585859e+00	9.442907e-19
3.939394e-01	3.636364e+00	9.140643e-19
3.939394e-01	3.686869e+00	8.806631e-19
3.939394e-01	3.737374e+00	8.446201e-19
3.939394e-01	3.787879e+00	8.060621e-19
3.939394e-01	3.838384e+00	7.654626e-19
3.939394e-01	3.888889e+00	7.231001e-19
3.939394e-01	3.939394e+00	6.793145e-19
3.939394e-01	3.989899e+00	6.345135e-19
3.939394e-01	4.040404e+00	5.889524e-19
3.939394e-01	4.090909e+00	5.430989e-19
3.939394e-01	4.141414e+00	4.971681e-19
3.939394e-01	4.191919e+00	4.516272e-19
3.939394e-01	4.242424e+00	4.066915e-19
3.939394e-01	4.292929e+00	3.627802e-19
3.939394e-01	4.343434e+00	3.201293e-19
3.939394e-01	4.393939e+00	2.790969e-19
3.939394e-01	4.444444e+00	2.399187e-19
3.939394e-01	4.494949e+00	2.029026e-19
3.939394e-01	4.545455e+00	1.682783e-19
3.939394e-01	4.595960e+00	1.362916e-19
3.939394e-01	4.646465e+00	1.071635e-19
3.939394e-01	4.696970e+00	8.108620e-20
3.939394e-01	4.747475e+00	5.826833e-20
3.939394e-01	4.797980e+00	3.887152e-20
3.939394e-01	4.848485e+00	2.308846e-20
3.939394e-01	4.898990e+00	1.110708e-20
3.939394e-01	4.949495e+00	3.207745e-21
3.939394e-01	5.000000e+00	1.741665e-31
4.040404e-01	0.000000e+00	0.000000e+00
4.040404e-01	5.050505e-02	5.242386e-07
4.040404e-01	1.010101e-01	2.994599e-06
4.040404e-01	1.515152e-01	1.125458e-05
4.040404e-01	2.020202e-01	3.674865e-05
4.040404e-01	2.525253e-01	1.106188e-04
4.040404e-01	3.030303e-01	3.114007e-04
4.040404e-01	3.535354e-01	8.215532e-04
4.040404e-01	4.040404e-01	2.027855e-03
4.040404e-01	4.545455e-01	4.667640e-03
4.040404e-01	5.050505e-01	9.976416e-03
4.040404e-01	5.555556e-01	1.969807e-02
4.040404e-01	6.060606e-01	3.570404e-02
4.040404e-01	6.565657e-01	5.894901e-02
4.040404e-01	7.070707e-01	8.778148e-02
4.040404e-01	7.575758e-01	1.163734e-01
4.040404e-01	8.080808e-01	1.349581e-01
4.040404e-01	8.585859e-01	1.336722e-01
4.040404e-01	9.090909e-01	1.098183e-01
4.040404e-01	9.595960e-01	7.438347e-02
4.040404e-01	1.010101e+00	5.078958e-02
4.040404e-01	1.060606e+00	6.212784e-02
4.040404e-01	1.111111e+00	1.138113e-01
4.040404e-01	1.161616e+00	1.884015e-01
4.040404e-01	1.212121e+00	2.644378e-01
4.040404e-01	1.262626e+00	3.480452e-01
4.040404e-01	1.313131e+00	4.845734e-01
4.040404e-01	1.363636e+00	7.262783e-01
4.040404e-01	1.414141e+00	1.073539e+00
4.040404e-01	1.464646e+00	1.442485e+00
4.040404e-01	1.515152e+00	1.697929e+00
4.040404e-01	1.565657e+00	1.733206e+00
4.040404e-01	1.616162e+00	1.534541e+00
4.040404e-01	1.666667e+00	1.182001e+00
4.040404e-01	1.717172e+00	7.946237e-01
4.040404e-01	1.767677e+00	4.674509e-01
4.040404e-01	1.818182e+00	2.410643e-01
4.040404e-01	1.868687e+00	1.091024e-01
4.040404e-01	1.919192e+00	4.335698e-02
4.040404e-01	1.969697e+00	1.512902e-02
4.040404e-01	2.020202e+00	4.633588e-03
4.040404e-01	2.070707e+00	1.244700e-03
4.040404e-01	2.121212e+00	2.929699e-04
4.040404e-01	2.171717e+00	6.034855e-05
4.040404e-01	2.222222e+00	1.086406e-05
4.040404e-01	2.272727e+00	1.706596e-06
4.040404e-01	2.323232e+00	2.335372e-07
4.040404e-01	2.373737e+00	2.779107e-08
4.040404e-01	2.424242e+00	2.870413e-09
4.040404e-01	2.474747e+00	2.568685e-10
4.040404e-01	2.525253e+00	1.986256e-11
4.040404e-01	2.575758e+00	1.327935e-12
4.040404e-01	2.626263e+00	7.574698e-14
4.040404e-01	2.676768e+00	3.867013e-15
4.040404e-01	2.727273e+00	1.376828e-16
4.040404e-01	2.777778e+00	1.096067e-17
4.040404e-01	2.828283e+00	2.748976e-19
4.040404e-01	2.878788e+00	1.055046e-18
4.040404e-01	2.929293e+00	9.337565e-19
4.040404e-01	2.979798e+00	9.844500e-19
4.040404e-01	3.030303e+00	1.004637e-18
4.040404e-01	3.080808e+00	1.023358e-18
4.040404e-01	3.131313e+00	1.036501e-18
4.040404e-01	3.181818e+00	1.044832e-18
4.040404e-01	3.232323e+00	1.048010e-18
4.040404e-01	3.282828e+00	1.046552e-18
4.040404e-01	3.333333e+00	1.040161e-18
4.040404e-01	3.383838e+00	1.029387e-18
4.040404e-01	3.434343e+00	1.014121e-18
4.040404e-01	3.484848e+00	9.947642e-19
4.040404e-01	3.535354e+00	9.715014e-19
4.040404e-01	3.585859e+00	9.445388e-19
4.040404e-01	3.636364e+00	9.143048e-19
4.040404e-01	3.686869e+00	8.808942e-19
4.040404e-01	3.737374e+00	8.448418e-19
4.040404e-01	3.787879e+00	8.062735e-19
4.040404e-01	3.838384e+00	7.656633e-19
4.040404e-01	3.888889e+00	7.232896e-19
4.040404e-01	3.939394e+00	6.794924e-19
4.040404e-01	3.989899e+00	6.346797e-19
4.040404e-01	4.040404e+00	5.891065e-19
4.040404e-01	4.090909e+00	5.432410e-19
4.040404e-01	4.141414e+00	4.972982e-19
4.040404e-01	4.191919e+00	4.517453e-19
4.040404e-01	4.242424e+00	4.067978e-19
4.040404e-01	4.292929e+00	3.628750e-19
4.040404e-01	4.343434e+00	3.202129e-19
4.040404e-01	4.393939e+00	2.791698e-19
4.040404e-01	4.444444e+00	2.399814e-19
4.040404e-01	4.494949e+00	2.029557e-19
4.040404e-01	4.545455e+00	1.683222e-19
4.040404e-01	4.595960e+00	1.363272e-19
4.040404e-01	4.646465e+00	1.071914e-19
4.040404e-01	4.696970e+00	8.110741e-20
4.040404e-01	4.747475e+00	5.828356e-20
4.040404e-01	4.797980e+00	3.888169e-20
4.040404e-01	4.848485e+00	2.309450e-20
4.040404e-01	4.898990e+00	1.110999e-20
4.040404e-01	4.949495e+00	3.208588e-21
4.040404e-01	5.000000e+00	1.760252e-31
4.141414e-01	0.000000e+00	0.000000e+00
4.141414e-01	5.050505e-02	5.239756e-07
4.141414e-01	1.010101e-01	2.993057e-06
4.141414e-01	1.515152e-01	1.124841e-05
4.141414e-01	2.020202e-01	3.672645e-05
4.141414e-01	2.525253e-01	1.105426e-04
4.141414e-01	3.030303e-01	3.111497e-04
4.141414e-01	3.535354e-01	8.207617e-04
4.141414e-01	4.040404e-01	2.025481e-03
4.141414e-01	4.545455e-01	4.660907e-03
4.141414e-01	5.050505e-01	9.958455e-03
4.141414e-01	5.555556e-01	1.965326e-02
4.141414e-01	6.060606e-01	3.559997e-02
4.141414e-01	6.565657e-01	5.872542e-02
4.141414e-01	7.070707e-01	8.733994e-02
4.141414e-01	7.575758e-01	1.155788e-01
4.141414e-01	8.080808e-01	1.336713e-01
4.141414e-01	8.585859e-01	1.318332e-01
4.141414e-01	9.090909e-01	1.075841e-01
4.141414e-01	9.595960e-01	7.227799e-02
4.141414e-01	1.010101e+00	4.976502e-02
4.141414e-01	1.060606e+00	6.340929e-02
4.141414e-01	1.111111e+00	1.184610e-01
4.141414e-01	1.161616e+00	1.967120e-01
4.141414e-01	1.212121e+00	2.754599e-01
4.141414e-01	1.262626e+00	3.596131e-01
4.141414e-01	1.313131e+00	4.939726e-01
4.141414e-01	1.363636e+00	7.313059e-01
4.141414e-01	1.414141e+00	1.073396e+00
4.141414e-01	1.464646e+00	1.437999e+00
4.141414e-01	1.515152e+00	1.691019e+00
4.141414e-01	1.565657e+00	1.725963e+00
4.141414e-01	1.616162e+00	1.528463e+00
4.141414e-01	1.666667e+00	1.177700e+00
4.141414e-01	1.717172e+00	7.920023e-01
4.141414e-01	1.767677e+00	4.660585e-01
4.141414e-01	1.818182e+00	2.404160e-01
4.141414e-01	1.868687e+00	1.088370e-01
4.141414e-01	1.919192e+00	4.326131e-02
4.141414e-01	1.969697e+00	1.509863e-02
4.141414e-01	2.020202e+00	4.625090e-03
4.141414e-01	2.070707e+00	1.242609e-03
4.141414e-01	2.121212e+00	2.925174e-04
4.141414e-01	2.171717e+00	6.026260e-05
4.141414e-01	2.222222e+00	1.084975e-05
4.141414e-01	2.272727e+00	1.704512e-06
4.141414e-01	2.323232e+00	2.332720e-07
4.141414e-01	2.373737e+00	2.776165e-08
4.141414e-01	2.424242e+00	2.867574e-09
4.141414e-01	2.474747e+00	2.566308e-10
4.141414e-01	2.525253e+00	1.984532e-11
4.141414e-01	2.575758e+00	1.326851e-12
4.141414e-01	2.626263e+00	7.568878e-14
4.141414e-01	2.676768e+00	3.864211e-15
4.141414e-01	2.727273e+00	1.375897e-16
4.141414e-01	2.777778e+00	1.095427e-17
4.141414e-01	2.828283e+00	2.755590e-19
4.141414e-01	2.878788e+00	1.055241e-18
4.141414e-01	2.929293e+00	9.340548e-19
4.141414e-01	2.979798e+00	9.847430e-19
4.141414e-01	3.030303e+00	1.004938e-18
4.141414e-01	3.080808e+00	1.023664e-18
4.141414e-01	3.131313e+00	1.036810e-18
4.141414e-01	3.181818e+00	1.045144e-18
4.141414e-01	3.232323e+00	1.048322e-18
4.141414e-01	3.282828e+00	1.046863e-18
4.141414e-01	3.333333e+00	1.040470e-18
4.141414e-01	3.383838e+00	1.029691e-18
4.141414e-01	3.434343e+00	1.014422e-18
4.141414e-01	3.484848e+00	9.950582e-19
4.141414e-01	3.535354e+00	9.717891e-19
4.141414e-01	3.585859e+00	9.448175e-19
4.141414e-01	3.636364e+00	9.145751e-19
4.141414e-01	3.686869e+00	8.811540e-19
4.141414e-01	3.737374e+00	8.450911e-19
4.141414e-01	3.787879e+00	8.065111e-19
4.141414e-01	3.838384e+00	7.658889e-19
4.141414e-01	3.888889e+00	7.235027e-19
4.141414e-01	3.939394e+00	6.796924e-19
4.141414e-01	3.989899e+00	6.348665e-19
4.141414e-01	4.040404e+00	5.892797e-19
4.141414e-01	4.090909e+00	5.434008e-19
4.141414e-01	4.141414e+00	4.974444e-19
4.141414e-01	4.191919e+00	4.518781e-19
4.141414e-01	4.242424e+00	4.069173e-19
4.141414e-01	4.292929e+00	3.629817e-19
4.141414e-01	4.343434e+00	3.203070e-19
4.141414e-01	4.393939e+00	2.792518e-19
4.141414e-01	4.444444e+00	2.400518e-19
4.141414e-01	4.494949e+00	2.030153e-19
4.141414e-01	4.545455e+00	1.683717e-19
4.141414e-01	4.595960e+00	1.363672e-19
4.141414e-01	4.646465e+00	1.072229e-19
4.141414e-01	4.696970e+00	8.113125e-20
4.141414e-01	4.747475e+00	5.830070e-20
4.141414e-01	4.797980e+00	3.889313e-20
4.141414e-01	4.848485e+00	2.310129e-20
4.141414e-01	4.898990e+00	1.111326e-20
4.141414e-01	4.949495e+00	3.209536e-21
4.141414e-01	5.000000e+00	1.779209e-31
4.242424e-01	0.000000e+00	0.000000e+00
4.242424e-01	5.050505e-02	5.237263e-07
4.242424e-01	1.010101e-01	2.991592e-06
4.242424e-01	1.515152e-01	1.124254e-05
4.242424e-01	2.020202e-01	3.670516e-05
4.242424e-01	2.525253e-01	1.104690e-04
4.242424e-01	3.030303e-01	3.109058e-04
4.242424e-01	3.535354e-01	8.199876e-04
4.242424e-01	4.040404e-01	2.023145e-03
4.242424e-01	4.545455e-01	4.654248e-03
4.242424e-01	5.050505e-01	9.940614e-03
4.242424e-01	5.555556e-01	1.960857e-02
4.242424e-01	6.060606e-01	3.549589e-02
4.242424e-01	6.565657e-01	5.850120e-02
4.242424e-01	7.070707e-01	8.689619e-02
4.242424e-01	7.575758e-01	1.147789e-01
4.242424e-01	8.080808e-01	1.323740e-01
4.242424e-01	8.585859e-01	1.299774e-01
4.242424e-01	9.090909e-01	1.053287e-01
4.242424e-01	9.595960e-01	7.015468e-02
4.242424e-01	1.010101e+00	4.874110e-02
4.242424e-01	1.060606e+00	6.473069e-02
4.242424e-01	1.111111e+00	1.232092e-01
4.242424e-01	1.161616e+00	2.051857e-01
4.242424e-01	1.212121e+00	2.866941e-01
4.242424e-01	1.262626e+00	3.714019e-01
4.242424e-01	1.313131e+00	5.035499e-01
4.242424e-01	1.363636e+00	7.364255e-01
4.242424e-01	1.414141e+00	1.073242e+00
4.242424e-01	1.464646e+00	1.433415e+00
4.242424e-01	1.515152e+00	1.683962e+00
4.242424e-01	1.565657e+00	1.718568e+00
4.242424e-01	1.616162e+00	1.522255e+00
4.242424e-01	1.666667e+00	1.173309e+00
4.242424e-01	1.717172e+00	7.893249e-01
4.242424e-01	1.767677e+00	4.646361e-01
4.242424e-01	1.818182e+00	2.397537e-01
4.242424e-01	1.868687e+00	1.085658e-01
4.242424e-01	1.919192e+00	4.316355e-02
4.242424e-01	1.969697e+00	1.506759e-02
4.242424e-01	2.020202e+00	4.616406e-03
4.242424e-01	2.070707e+00	1.240472e-03
4.242424e-01	2.121212e+00	2.920549e-04
4.242424e-01	2.171717e+00	6.017475e-05
4.242424e-01	2.222222e+00	1.083513e-05
4.242424e-01	2.272727e+00	1.702381e-06
4.242424e-01	2.323232e+00	2.330009e-07
4.242424e-01	2.373737e+00	2.773158e-08
4.242424e-01	2.424242e+00	2.864673e-09
4.242424e-01	2.474747e+00	2.563877e-10
4.242424e-01	2.525253e+00	1.982768e-11
4.242424e-01	2.575758e+00	1.325743e-12
4.242424e-01	2.626263e+00	7.562927e-14
4.242424e-01	2.676768e+00	3.861346e-15
4.242424e-01	2.727273e+00	1.374943e-16
4.242424e-01	2.777778e+00	1.094780e-17
4.242424e-01	2.828283e+00	2.762526e-19
4.242424e-01	2.878788e+00	1.055466e-18
4.242424e-01	2.929293e+00	9.343860e-19
4.242424e-01	2.979798e+00	9.850698e-19
4.242424e-01	3.030303e+00	1.005273e-18
4.242424e-01	3.080808e+00	1.024005e-18
4.242424e-01	3.131313e+00	1.037155e-18
4.242424e-01	3.181818e+00	1.045491e-18
4.242424e-01	3.232323e+00	1.048670e-18
4.242424e-01	3.282828e+00	1.047209e-18
4.242424e-01	3.333333e+00	1.040815e-18
4.242424e-01	3.383838e+00	1.030032e-18
4.242424e-01	3.434343e+00	1.014758e-18
4.242424e-01	3.484848e+00	9.953864e-19
4.242424e-01	3.535354e+00	9.721101e-19
4.242424e-01	3.585859e+00	9.451288e-19
4.242424e-01	3.636364e+00	9.148768e-19
4.242424e-01	3.686869e+00	8.814441e-19
4.242424e-01	3.737374e+00	8.453695e-19
4.242424e-01	3.787879e+00	8.067765e-19
4.242424e-01	3.838384e+00	7.661408e-19
4.242424e-01	3.888889e+00	7.237406e-19
4.242424e-01	3.939394e+00	6.799158e-19
4.242424e-01	3.989899e+00	6.350752e-19
4.242424e-01	4.040404e+00	5.894732e-19
4.242424e-01	4.090909e+00	5.435793e-19
4.242424e-01	4.141414e+00	4.976077e-19
4.242424e-01	4.191919e+00	4.520265e-19
4.242424e-01	4.242424e+00	4.070508e-19
4.242424e-01	4.292929e+00	3.631008e-19
4.242424e-01	4.343434e+00	3.204121e-19
4.242424e-01	4.393939e+00	2.793435e-19
4.242424e-01	4.444444e+00	2.401306e-19
4.242424e-01	4.494949e+00	2.030819e-19
4.242424e-01	4.545455e+00	1.684269e-19
4.242424e-01	4.595960e+00	1.364120e-19
4.242424e-01	4.646465e+00	1.072581e-19
4.242424e-01	4.696970e+00	8.115789e-20
4.242424e-01	4.747475e+00	5.831983e-20
4.242424e-01	4.797980e+00	3.890591e-20
4.242424e-01	4.848485e+00	2.310888e-20
4.242424e-01	4.898990e+00	1.111691e-20
4.242424e-01	4.949495e+00	3.210593e-21
4.242424e-01	5.000000e+00	1.798528e-31
4.343434e-01	0.000000e+00	0.000000e+00
4.343434e-01	5.050505e-02	5.234921e-07
4.343434e-01	1.010101e-01	2.990213e-06
4.343434e-01	1.515152e-01	1.123698e-05
4.343434e-01	2.020202e-01	3.668489e-05
4.343434e-01	2.525253e-01	1.103985e-04
4.343434e-01	3.030303e-01	3.106699e-04
4.343434e-01	3.535354e-01	8.192335e-04
4.343434e-01	4.040404e-01	2.020855e-03
4.343434e-01	4.545455e-01	4.647680e-03
4.343434e-01	5.050505e-01	9.922933e-03
4.343434e-01	5.555556e-01	1.956411e-02
4.343434e-01	6.060606e-01	3.539196e-02
4.343434e-01	6.565657e-01	5.827668e-02
4.343434e-01	7.070707e-01	8.645084e-02
4.343434e-01	7.575758e-01	1.139746e-01
4.343434e-01	8.080808e-01	1.310677e-01
4.343434e-01	8.585859e-01	1.281069e-01
4.343434e-01	9.090909e-01	1.030546e-01
4.343434e-01	9.595960e-01	6.801590e-02
4.343434e-01	1.010101e+00	4.771963e-02
4.343434e-01	1.060606e+00	6.609262e-02
4.343434e-01	1.111111e+00	1.280548e-01
4.343434e-01	1.161616e+00	2.138200e-01
4.343434e-01	1.212121e+00	2.981360e-01
4.343434e-01	1.262626e+00	3.834070e-01
4.343434e-01	1.313131e+00	5.133014e-01
4.343434e-01	1.363636e+00	7.416347e-01
4.343434e-01	1.414141e+00	1.073077e+00
4.343434e-01	1.464646e+00	1.428734e+00
4.343434e-01	1.515152e+00	1.676761e+00
4.343434e-01	1.565657e+00	1.711021e+00
4.343434e-01	1.616162e+00	1.515920e+00
4.343434e-01	1.666667e+00	1.168827e+00
4.343434e-01	1.717172e+00	7.865921e-01
4.343434e-01	1.767677e+00	4.631843e-01
4.343434e-01	1.818182e+00	2.390776e-01
4.343434e-01	1.868687e+00	1.082890e-01
4.343434e-01	1.919192e+00	4.306373e-02
4.343434e-01	1.969697e+00	1.503588e-02
4.343434e-01	2.020202e+00	4.607539e-03
4.343434e-01	2.070707e+00	1.238289e-03
4.343434e-01	2.121212e+00	2.915826e-04
4.343434e-01	2.171717e+00	6.008502e-05
4.343434e-01	2.222222e+00	1.082019e-05
4.343434e-01	2.272727e+00	1.700204e-06
4.343434e-01	2.323232e+00	2.327239e-07
4.343434e-01	2.373737e+00	2.770086e-08
4.343434e-01	2.424242e+00	2.861708e-09
4.343434e-01	2.474747e+00	2.561393e-10
4.343434e-01	2.525253e+00	1.980966e-11
4.343434e-01	2.575758e+00	1.324611e-12
4.343434e-01	2.626263e+00	7.556845e-14
4.343434e-01	2.676768e+00	3.858420e-15
4.343434e-01	2.727273e+00	1.373967e-16
4.343434e-01	2.777778e+00	1.094124e-17
4.343434e-01	2.828283e+00	2.769797e-19
4.343434e-01	2.878788e+00	1.055725e-18
4.343434e-01	2.929293e+00	9.347519e-19
4.343434e-01	2.979798e+00	9.854322e-19
4.343434e-01	3.030303e+00	1.005645e-18
4.343434e-01	3.080808e+00	1.024383e-18
4.343434e-01	3.131313e+00	1.037538e-18
4.343434e-01	3.181818e+00	1.045876e-18
4.343434e-01	3.232323e+00	1.049056e-18
4.343434e-01	3.282828e+00	1.047594e-18
4.343434e-01	3.333333e+00	1.041198e-18
4.343434e-01	3.383838e+00	1.030409e-18
4.343434e-01	3.434343e+00	1.015130e-18
4.343434e-01	3.484848e+00	9.957508e-19
4.343434e-01	3.535354e+00	9.724664e-19
4.343434e-01	3.585859e+00	9.454743e-19
4.343434e-01	3.636364e+00	9.152118e-19
4.343434e-01	3.686869e+00	8.817662e-19
4.343434e-01	3.737374e+00	8.456785e-19
4.343434e-01	3.787879e+00	8.070712e-19
4.343434e-01	3.838384e+00	7.664206e-19
4.343434e-01	3.888889e+00	7.240048e-19
4.343434e-01	3.939394e+00	6.801638e-19
4.343434e-01	3.989899e+00	6.353069e-19
4.343434e-01	4.040404e+00	5.896881e-19
4.343434e-01	4.090909e+00	5.437775e-19
4.343434e-01	4.141414e+00	4.977890e-19
4.343434e-01	4.191919e+00	4.521912e-19
4.343434e-01	4.242424e+00	4.071991e-19
4.343434e-01	4.292929e+00	3.632331e-19
4.343434e-01	4.343434e+00	3.205288e-19
4.343434e-01	4.393939e+00	2.794452e-19
4.343434e-01	4.444444e+00	2.402180e-19
4.343434e-01	4.494949e+00	2.031559e-19
4.343434e-01	4.545455e+00	1.684882e-19
4.343434e-01	4.595960e+00	1.364617e-19
4.343434e-01	4.646465e+00	1.072971e-19
4.343434e-01	4.696970e+00	8.118747e-20
4.343434e-01	4.747475e+00	5.834108e-20
4.343434e-01	4.797980e+00	3.892009e-20
4.343434e-01	4.848485e+00	2.311730e-20
4.343434e-01	4.898990e+00	1.112097e-20
4.343434e-01	4.949495e+00	3.211768e-21
4.343434e-01	5.000000e+00	1.818204e-31
4.444444e-01	0.000000e+00	0.000000e+00
4.444444e-01	5.050505e-02	5.232742e-07
4.444444e-01	1.010101e-01	2.988928e-06
4.444444e-01	1.515152e-01	1.123177e-05
4.444444e-01	2.020202e-01	3.666574e-05
4.444444e-01	2.525253e-01	1.103312e-04
4.444444e-01	3.030303e-01	3.104430e-04
4.444444e-01	3.535354e-01	8.185020e-04
4.444444e-01	4.040404e-01	2.018617e-03
4.444444e-01	4.545455e-01	4.641221e-03
4.444444e-01	5.050505e-01	9.905451e-03
4.444444e-01	5.555556e-01	1.951995e-02
4.444444e-01	6.060606e-01	3.528837e-02
4.444444e-01	6.565657e-01	5.805222e-02
4.444444e-01	7.070707e-01	8.600449e-02
4.444444e-01	7.575758e-01	1.131670e-01
4.444444e-01	8.080808e-01	1.297539e-01
4.444444e-01	8.585859e-01	1.262237e-01
4.444444e-01	9.090909e-01	1.007642e-01
4.444444e-01	9.595960e-01	6.586406e-02
4.444444e-01	1.010101e+00	4.670243e-02
4.444444e-01	1.060606e+00	6.749565e-02
4.444444e-01	1.111111e+00	1.329965e-01
4.444444e-01	1.161616e+00	2.226116e-01
4.444444e-01	1.212121e+00	3.097815e-01
4.444444e-01	1.262626e+00	3.956239e-01
4.444444e-01	1.313131e+00	5.232234e-01
4.444444e-01	1.363636e+00	7.469314e-01
4.444444e-01	1.414141e+00	1.072900e+00
4.444444e-01	1.464646e+00	1.423957e+00
4.444444e-01	1.515152e+00	1.669416e+00
4.444444e-01	1.565657e+00	1.703324e+00
4.444444e-01	1.616162e+00	1.509460e+00
4.444444e-01	1.666667e+00	1.164255e+00
4.444444e-01	1.717172e+00	7.838046e-01
4.444444e-01	1.767677e+00	4.617031e-01
4.444444e-01	1.818182e+00	2.383878e-01
4.444444e-01	1.868687e+00	1.080065e-01
4.444444e-01	1.919192e+00	4.296188e-02
4.444444e-01	1.969697e+00	1.500353e-02
4.444444e-01	2.020202e+00	4.598488e-03
4.444444e-01	2.070707e+00	1.236061e-03
4.444444e-01	2.121212e+00	2.911004e-04
4.444444e-01	2.171717e+00	5.999343e-05
4.444444e-01	2.222222e+00	1.080493e-05
4.444444e-01	2.272727e+00	1.697982e-06
4.444444e-01	2.323232e+00	2.324411e-07
4.444444e-01	2.373737e+00	2.766949e-08
4.444444e-01	2.424242e+00	2.858681e-09
4.444444e-01	2.474747e+00	2.558857e-10
4.444444e-01	2.525253e+00	1.979126e-11
4.444444e-01	2.575758e+00	1.323454e-12
4.444444e-01	2.626263e+00	7.550634e-14
4.444444e-01	2.676768e+00	3.855432e-15
4.444444e-01	2.727273e+00	1.372967e-16
4.444444e-01	2.777778e+00	1.093462e-17
4.444444e-01	2.828283e+00	2.777412e-19
4.444444e-01	2.878788e+00	1.056018e-18
4.444444e-01	2.929293e+00	9.351542e-19
4.444444e-01	2.979798e+00	9.858321e-19
4.444444e-01	3.030303e+00	1.006056e-18
4.444444e-01	3.080808e+00	1.024801e-18
4.444444e-01	3.131313e+00	1.037960e-18
4.444444e-01	3.181818e+00	1.046301e-18
4.444444e-01	3.232323e+00	1.049482e-18
4.444444e-01	3.282828e+00	1.048019e-18
4.444444e-01	3.333333e+00	1.041620e-18
4.444444e-01	3.383838e+00	1.030826e-18
4.444444e-01	3.434343e+00	1.015541e-18
4.444444e-01	3.484848e+00	9.961531e-19
4.444444e-01	3.535354e+00	9.728599e-19
4.444444e-01	3.585859e+00	9.458559e-19
4.444444e-01	3.636364e+00	9.155816e-19
4.444444e-01	3.686869e+00	8.821218e-19
4.444444e-01	3.737374e+00	8.460197e-19
4.444444e-01	3.787879e+00	8.073966e-19
4.444444e-01	3.838384e+00	7.667295e-19
4.444444e-01	3.888889e+00	7.242966e-19
4.444444e-01	3.939394e+00	6.804377e-19
4.444444e-01	3.989899e+00	6.355628e-19
4.444444e-01	4.040404e+00	5.899255e-19
4.444444e-01	4.090909e+00	5.439964e-19
4.444444e-01	4.141414e+00	4.979893e-19
4.444444e-01	4.191919e+00	4.523732e-19
4.444444e-01	4.242424e+00	4.073629e-19
4.444444e-01	4.292929e+00	3.633792e-19
4.444444e-01	4.343434e+00	3.206578e-19
4.444444e-01	4.393939e+00	2.795576e-19
4.444444e-01	4.444444e+00	2.403146e-19
4.444444e-01	4.494949e+00	2.032377e-19
4.444444e-01	4.545455e+00	1.685559e-19
4.444444e-01	4.595960e+00	1.365166e-19
4.444444e-01	4.646465e+00	1.073403e-19
4.444444e-01	4.696970e+00	8.122015e-20
4.444444e-01	4.747475e+00	5.836456e-20
4.444444e-01	4.797980e+00	3.893576e-20
4.444444e-01	4.848485e+00	2.312661e-20
4.444444e-01	4.898990e+00	1.112545e-20
4.444444e-01	4.949495e+00	3.213064e-21
4.444444e-01	5.000000e+00	1.838227e-31
4.545455e-01	0.000000e+00	0.000000e+00
4.545455e-01	5.050505e-02	5.230743e-07
4.545455e-01	1.010101e-01	2.987744e-06
4.545455e-01	1.515152e-01	1.122694e-05
4.545455e-01	2.020202e-01	3.664781e-05
4.545455e-01	2.525253e-01	1.102676e-04
4.545455e-01	3.030303e-01	3.102260e-04
4.545455e-01	3.535354e-01	8.177956e-04
4.545455e-01	4.040404e-01	2.016437e-03
4.545455e-01	4.545455e-01	4.634888e-03
4.545455e-01	5.050505e-01	9.888208e-03
4.545455e-01	5.555556e-01	1.947618e-02
4.545455e-01	6.060606e-01	3.518529e-02
4.545455e-01	6.565657e-01	5.782816e-02
4.545455e-01	7.070707e-01	8.555777e-02
4.545455e-01	7.575758e-01	1.123569e-01
4.545455e-01	8.080808e-01	1.284341e-01
4.545455e-01	8.585859e-01	1.243298e-01
4.545455e-01	9.090909e-01	9.845978e-02
4.545455e-01	9.595960e-01	6.370161e-02
4.545455e-01	1.010101e+00	4.569135e-02
4.545455e-01	1.060606e+00	6.894037e-02
4.545455e-01	1.111111e+00	1.380331e-01
4.545455e-01	1.161616e+00	2.315577e-01
4.545455e-01	1.212121e+00	3.216262e-01
4.545455e-01	1.262626e+00	4.080478e-01
4.545455e-01	1.313131e+00	5.333119e-01
4.545455e-01	1.363636e+00	7.523132e-01
4.545455e-01	1.414141e+00	1.072711e+00
4.545455e-01	1.464646e+00	1.419085e+00
4.545455e-01	1.515152e+00	1.661929e+00
4.545455e-01	1.565657e+00	1.695480e+00
4.545455e-01	1.616162e+00	1.502875e+00
4.545455e-01	1.666667e+00	1.159596e+00
4.545455e-01	1.717172e+00	7.809630e-01
4.545455e-01	1.767677e+00	4.601931e-01
4.545455e-01	1.818182e+00	2.376845e-01
4.545455e-01	1.868687e+00	1.077185e-01
4.545455e-01	1.919192e+00	4.285801e-02
4.545455e-01	1.969697e+00	1.497054e-02
4.545455e-01	2.020202e+00	4.589257e-03
4.545455e-01	2.070707e+00	1.233788e-03
4.545455e-01	2.121212e+00	2.906086e-04
4.545455e-01	2.171717e+00	5.989998e-05
4.545455e-01	2.222222e+00	1.078937e-05
4.545455e-01	2.272727e+00	1.695715e-06
4.545455e-01	2.323232e+00	2.321526e-07
4.545455e-01	2.373737e+00	2.763748e-08
4.545455e-01	2.424242e+00	2.855592e-09
4.545455e-01	2.474747e+00	2.556268e-10
4.545455e-01	2.525253e+00	1.977248e-11
4.545455e-01	2.575758e+00	1.322274e-12
4.545455e-01	2.626263e+00	7.544293e-14
4.545455e-01	2.676768e+00	3.852384e-15
4.545455e-01	2.727273e+00	1.371945e-16
4.545455e-01	2.777778e+00	1.092792e-17
4.545455e-01	2.828283e+00	2.785383e-19
4.545455e-01	2.878788e+00	1.056347e-18
4.545455e-01	2.929293e+00	9.355949e-19
4.545455e-01	2.979798e+00	9.862714e-19
4.545455e-01	3.030303e+00	1.006507e-18
4.545455e-01	3.080808e+00	1.025259e-18
4.545455e-01	3.131313e+00	1.038423e-18
4.545455e-01	3.181818e+00	1.046768e-18
4.545455e-01	3.232323e+00	1.049950e-18
4.545455e-01	3.282828e+00	1.048485e-18
4.545455e-01	3.333333e+00	1.042084e-18
4.545455e-01	3.383838e+00	1.031284e-18
4.545455e-01	3.434343e+00	1.015993e-18
4.545455e-01	3.484848e+00	9.965953e-19
4.545455e-01	3.535354e+00	9.732923e-19
4.545455e-01	3.585859e+00	9.462753e-19
4.545455e-01	3.636364e+00	9.159881e-19
4.545455e-01	3.686869e+00	8.825128e-19
4.545455e-01	3.737374e+00	8.463948e-19
4.545455e-01	3.787879e+00	8.077543e-19
4.545455e-01	3.838384e+00	7.670692e-19
4.545455e-01	3.888889e+00	7.246174e-19
4.545455e-01	3.939394e+00	6.807389e-19
4.545455e-01	3.989899e+00	6.358441e-19
4.545455e-01	4.040404e+00	5.901865e-19
4.545455e-01	4.090909e+00	5.442371e-19
4.545455e-01	4.141414e+00	4.982096e-19
4.545455e-01	4.191919e+00	4.525733e-19
4.545455e-01	4.242424e+00	4.075431e-19
4.545455e-01	4.292929e+00	3.635399e-19
4.545455e-01	4.343434e+00	3.207995e-19
4.545455e-01	4.393939e+00	2.796812e-19
4.545455e-01	4.444444e+00	2.404209e-19
4.545455e-01	4.494949e+00	2.033275e-19
4.545455e-01	4.545455e+00	1.686304e-19
4.545455e-01	4.595960e+00	1.365769e-19
4.545455e-01	4.646465e+00	1.073877e-19
4.545455e-01	4.696970e+00	8.125608e-20
4.545455e-01	4.747475e+00	5.839037e-20
4.545455e-01	4.797980e+00	3.895299e-20
4.545455e-01	4.848485e+00	2.313684e-20
4.545455e-01	4.898990e+00	1.113038e-20
4.545455e-01	4.949495e+00	3.214489e-21
4.545455e-01	5.000000e+00	1.858591e-31
4.646465e-01	0.000000e+00	0.000000e+00
4.646465e-01	5.050505e-02	5.228937e-07
4.646465e-01	1.010101e-01	2.986670e-06
4.646465e-01	1.515152e-01	1.122252e-05
4.646465e-01	2.020202e-01	3.663122e-05
4.646465e-01	2.525253e-01	1.102079e-04
4.646465e-01	3.030303e-01	3.100199e-04
4.646465e-01	3.535354e-01	8.171172e-04
4.646465e-01	4.040404e-01	2.014324e-03
4.646465e-01	4.545455e-01	4.628698e-03
4.646465e-01	5.050505e-01	9.871246e-03
4.646465e-01	5.555556e-01	1.943290e-02
4.646465e-01	6.060606e-01	3.508292e-02
4.646465e-01	6.565657e-01	5.760486e-02
4.646465e-01	7.070707e-01	8.511131e-02
4.646465e-01	7.575758e-01	1.115455e-01
4.646465e-01	8.080808e-01	1.271100e-01
4.646465e-01	8.585859e-01	1.224273e-01
4.646465e-01	9.090909e-01	9.614398e-02
4.646465e-01	9.595960e-01	6.153104e-02
4.646465e-01	1.010101e+00	4.468828e-02
4.646465e-01	1.060606e+00	7.042737e-02
4.646465e-01	1.111111e+00	1.431635e-01
4.646465e-01	1.161616e+00	2.406552e-01
4.646465e-01	1.212121e+00	3.336656e-01
4.646465e-01	1.262626e+00	4.206741e-01
4.646465e-01	1.313131e+00	5.435630e-01
4.646465e-01	1.363636e+00	7.577777e-01
4.646465e-01	1.414141e+00	1.072509e+00
4.646465e-01	1.464646e+00	1.414119e+00
4.646465e-01	1.515152e+00	1.654303e+00
4.646465e-01	1.565657e+00	1.687490e+00
4.646465e-01	1.616162e+00	1.496167e+00
4.646465e-01	1.666667e+00	1.154849e+00
4.646465e-01	1.717172e+00	7.780680e-01
4.646465e-01	1.767677e+00	4.586546e-01
4.646465e-01	1.818182e+00	2.369677e-01
4.646465e-01	1.868687e+00	1.074249e-01
4.646465e-01	1.919192e+00	4.275214e-02
4.646465e-01	1.969697e+00	1.493690e-02
4.646465e-01	2.020202e+00	4.579847e-03
4.646465e-01	2.070707e+00	1.231471e-03
4.646465e-01	2.121212e+00	2.901071e-04
4.646465e-01	2.171717e+00	5.980470e-05
4.646465e-01	2.222222e+00	1.077350e-05
4.646465e-01	2.272727e+00	1.693402e-06
4.646465e-01	2.323232e+00	2.318583e-07
4.646465e-01	2.373737e+00	2.760483e-08
4.646465e-01	2.424242e+00	2.852441e-09
4.646465e-01	2.474747e+00	2.553628e-10
4.646465e-01	2.525253e+00	1.975333e-11
4.646465e-01	2.575758e+00	1.321071e-12
4.646465e-01	2.626263e+00	7.537825e-14
4.646465e-01	2.676768e+00	3.849275e-15
4.646465e-01	2.727273e+00	1.370900e-16
4.646465e-01	2.777778e+00	1.092117e-17
4.646465e-01	2.828283e+00	2.793722e-19
4.646465e-01	2.878788e+00	1.056715e-18
4.646465e-01	2.929293e+00	9.360757e-19
4.646465e-01	2.979798e+00	9.867520e-19
4.646465e-01	3.030303e+00	1.007000e-18
4.646465e-01	3.080808e+00	1.025760e-18
4.646465e-01	3.131313e+00	1.038931e-18
4.646465e-01	3.181818e+00	1.047278e-18
4.646465e-01	3.232323e+00	1.050463e-18
4.646465e-01	3.282828e+00	1.048996e-18
4.646465e-01	3.333333e+00	1.042592e-18
4.646465e-01	3.383838e+00	1.031786e-18
4.646465e-01	3.434343e+00	1.016488e-18
4.646465e-01	3.484848e+00	9.970793e-19
4.646465e-01	3.535354e+00	9.737655e-19
4.646465e-01	3.585859e+00	9.467345e-19
4.646465e-01	3.636364e+00	9.164330e-19
4.646465e-01	3.686869e+00	8.829409e-19
4.646465e-01	3.737374e+00	8.468055e-19
4.646465e-01	3.787879e+00	8.081460e-19
4.646465e-01	3.838384e+00	7.674410e-19
4.646465e-01	3.888889e+00	7.249686e-19
4.646465e-01	3.939394e+00	6.810687e-19
4.646465e-01	3.989899e+00	6.361522e-19
4.646465e-01	4.040404e+00	5.904723e-19
4.646465e-01	4.090909e+00	5.445007e-19
4.646465e-01	4.141414e+00	4.984508e-19
4.646465e-01	4.191919e+00	4.527923e-19
4.646465e-01	4.242424e+00	4.077403e-19
4.646465e-01	4.292929e+00	3.637159e-19
4.646465e-01	4.343434e+00	3.209548e-19
4.646465e-01	4.393939e+00	2.798166e-19
4.646465e-01	4.444444e+00	2.405372e-19
4.646465e-01	4.494949e+00	2.034260e-19
4.646465e-01	4.545455e+00	1.687120e-19
4.646465e-01	4.595960e+00	1.366430e-19
4.646465e-01	4.646465e+00	1.074397e-19
4.646465e-01	4.696970e+00	8.129542e-20
4.646465e-01	4.747475e+00	5.841863e-20
4.646465e-01	4.797980e+00	3.897186e-20
4.646465e-01	4.848485e+00	2.314804e-20
4.646465e-01	4.898990e+00	1.113577e-20
4.646465e-01	4.949495e+00	3.216049e-21
4.646465e-01	5.000000e+00	1.879287e-31
4.747475e-01	0.000000e+00	0.000000e+00
4.747475e-01	5.050505e-02	5.227339e-07
4.747475e-01	1.010101e-01	2.985716e-06
4.747475e-01	1.515152e-01	1.121855e-05
4.747475e-01	2.020202e-01	3.661607e-05
4.747475e-01	2.525253e-01	1.101525e-04
4.747475e-01	3.030303e-01	3.098257e-04
4.747475e-01	3.535354e-01	8.164694e-04
4.747475e-01	4.040404e-01	2.012284e-03
4.747475e-01	4.545455e-01	4.622668e-03
4.747475e-01	5.050505e-01	9.854605e-03
4.747475e-01	5.555556e-01	1.939019e-02
4.747475e-01	6.060606e-01	3.498144e-02
4.747475e-01	6.565657e-01	5.738267e-02
4.747475e-01	7.070707e-01	8.466576e-02
4.747475e-01	7.575758e-01	1.107339e-01
4.747475e-01	8.080808e-01	1.257829e-01
4.747475e-01	8.585859e-01	1.205184e-01
4.747475e-01	9.090909e-01	9.381926e-02
4.747475e-01	9.595960e-01	5.935487e-02
4.747475e-01	1.010101e+00	4.369514e-02
4.747475e-01	1.060606e+00	7.195725e-02
4.747475e-01	1.111111e+00	1.483865e-01
4.747475e-01	1.161616e+00	2.499008e-01
4.747475e-01	1.212121e+00	3.458953e-01
4.747475e-01	1.262626e+00	4.334978e-01
4.747475e-01	1.313131e+00	5.539726e-01
4.747475e-01	1.363636e+00	7.633226e-01
4.747475e-01	1.414141e+00	1.072294e+00
4.747475e-01	1.464646e+00	1.409060e+00
4.747475e-01	1.515152e+00	1.646538e+00
4.747475e-01	1.565657e+00	1.679356e+00
4.747475e-01	1.616162e+00	1.489339e+00
4.747475e-01	1.666667e+00	1.150016e+00
4.747475e-01	1.717172e+00	7.751201e-01
4.747475e-01	1.767677e+00	4.570878e-01
4.747475e-01	1.818182e+00	2.362378e-01
4.747475e-01	1.868687e+00	1.071259e-01
4.747475e-01	1.919192e+00	4.264430e-02
4.747475e-01	1.969697e+00	1.490264e-02
4.747475e-01	2.020202e+00	4.570259e-03
4.747475e-01	2.070707e+00	1.229110e-03
4.747475e-01	2.121212e+00	2.895961e-04
4.747475e-01	2.171717e+00	5.970760e-05
4.747475e-01	2.222222e+00	1.075733e-05
4.747475e-01	2.272727e+00	1.691046e-06
4.747475e-01	2.323232e+00	2.315584e-07
4.747475e-01	2.373737e+00	2.757155e-08
4.747475e-01	2.424242e+00	2.849230e-09
4.747475e-01	2.474747e+00	2.550937e-10
4.747475e-01	2.525253e+00	1.973380e-11
4.747475e-01	2.575758e+00	1.319843e-12
4.747475e-01	2.626263e+00	7.531230e-14
4.747475e-01	2.676768e+00	3.846107e-15
4.747475e-01	2.727273e+00	1.369833e-16
4.747475e-01	2.777778e+00	1.091436e-17
4.747475e-01	2.828283e+00	2.802440e-19
4.747475e-01	2.878788e+00	1.057123e-18
4.747475e-01	2.929293e+00	9.365985e-19
4.747475e-01	2.979798e+00	9.872758e-19
4.747475e-01	3.030303e+00	1.007537e-18
4.747475e-01	3.080808e+00	1.026307e-18
4.747475e-01	3.131313e+00	1.039484e-18
4.747475e-01	3.181818e+00	1.047835e-18
4.747475e-01	3.232323e+00	1.051021e-18
4.747475e-01	3.282828e+00	1.049553e-18
4.747475e-01	3.333333e+00	1.043145e-18
4.747475e-01	3.383838e+00	1.032333e-18
4.747475e-01	3.434343e+00	1.017027e-18
4.747475e-01	3.484848e+00	9.976071e-19
4.747475e-01	3.535354e+00	9.742816e-19
4.747475e-01	3.585859e+00	9.472353e-19
4.747475e-01	3.636364e+00	9.169183e-19
4.747475e-01	3.686869e+00	8.834078e-19
4.747475e-01	3.737374e+00	8.472534e-19
4.747475e-01	3.787879e+00	8.085732e-19
4.747475e-01	3.838384e+00	7.678466e-19
4.747475e-01	3.888889e+00	7.253517e-19
4.747475e-01	3.939394e+00	6.814284e-19
4.747475e-01	3.989899e+00	6.364882e-19
4.747475e-01	4.040404e+00	5.907840e-19
4.747475e-01	4.090909e+00	5.447882e-19
4.747475e-01	4.141414e+00	4.987139e-19
4.747475e-01	4.191919e+00	4.530313e-19
4.747475e-01	4.242424e+00	4.079555e-19
4.747475e-01	4.292929e+00	3.639078e-19
4.747475e-01	4.343434e+00	3.211241e-19
4.747475e-01	4.393939e+00	2.799642e-19
4.747475e-01	4.444444e+00	2.406641e-19
4.747475e-01	4.494949e+00	2.035333e-19
4.747475e-01	4.545455e+00	1.688010e-19
4.747475e-01	4.595960e+00	1.367151e-19
4.747475e-01	4.646465e+00	1.074963e-19
4.747475e-01	4.696970e+00	8.133834e-20
4.747475e-01	4.747475e+00	5.844946e-20
4.747475e-01	4.797980e+00	3.899244e-20
4.747475e-01	4.848485e+00	2.316026e-20
4.747475e-01	4.898990e+00	1.114166e-20
4.747475e-01	4.949495e+00	3.217751e-21
4.747475e-01	5.000000e+00	1.900309e-31
4.848485e-01	0.000000e+00	0.000000e+00
4.848485e-01	5.050505e-02	5.225965e-07
4.848485e-01	1.010101e-01	2.984888e-06
4.848485e-01	1.515152e-01	1.121505e-05
4.848485e-01	2.020202e-01	3.660247e-05
4.848485e-01	2.525253e-01	1.101018e-04
4.848485e-01	3.030303e-01	3.096444e-04
4.848485e-01	3.535354e-01	8.158549e-04
4.848485e-01	4.040404e-01	2.010324e-03
4.848485e-01	4.545455e-01	4.616818e-03
4.848485e-01	5.050505e-01	9.838329e-03
4.848485e-01	5.555556e-01	1.934815e-02
4.848485e-01	6.060606e-01	3.488105e-02
4.848485e-01	6.565657e-01	5.716197e-02
4.848485e-01	7.070707e-01	8.422176e-02
4.848485e-01	7.575758e-01	1.099230e-01
4.848485e-01	8.080808e-01	1.244546e-01
4.848485e-01	8.585859e-01	1.186052e-01
4.848485e-01	9.090909e-01	9.148819e-02
4.848485e-01	9.595960e-01	5.717566e-02
4.848485e-01	1.010101e+00	4.271386e-02
4.848485e-01	1.060606e+00	7.353063e-02
4.848485e-01	1.111111e+00	1.537007e-01
4.848485e-01	1.161616e+00	2.592915e-01
4.848485e-01	1.212121e+00	3.583106e-01
4.848485e-01	1.262626e+00	4.465140e-01
4.848485e-01	1.313131e+00	5.645366e-01
4.848485e-01	1.363636e+00	7.689454e-01
4.848485e-01	1.414141e+00	1.072065e+00
4.848485e-01	1.464646e+00	1.403909e+00
4.848485e-01	1.515152e+00	1.638637e+00
4.848485e-01	1.565657e+00	1.671080e+00
4.848485e-01	1.616162e+00	1.482391e+00
4.848485e-01	1.666667e+00	1.145098e+00
4.848485e-01	1.717172e+00	7.721201e-01
4.848485e-01	1.767677e+00	4.554931e-01
4.848485e-01	1.818182e+00	2.354948e-01
4.848485e-01	1.868687e+00	1.068215e-01
4.848485e-01	1.919192e+00	4.253451e-02
4.848485e-01	1.969697e+00	1.486775e-02
4.848485e-01	2.020202e+00	4.560496e-03
4.848485e-01	2.070707e+00	1.226706e-03
4.848485e-01	2.121212e+00	2.890756e-04
4.848485e-01	2.171717e+00	5.960870e-05
4.848485e-01	2.222222e+00	1.074086e-05
4.848485e-01	2.272727e+00	1.688645e-06
4.848485e-01	2.323232e+00	2.312528e-07
4.848485e-01	2.373737e+00	2.753765e-08
4.848485e-01	2.424242e+00	2.845957e-09
4.848485e-01	2.474747e+00	2.548194e-10
4.848485e-01	2.525253e+00	1.971390e-11
4.848485e-01	2.575758e+00	1.318593e-12
4.848485e-01	2.626263e+00	7.524508e-14
4.848485e-01	2.676768e+00	3.842879e-15
4.848485e-01	2.727273e+00	1.368742e-16
4.848485e-01	2.777778e+00	1.090750e-17
4.848485e-01	2.828283e+00	2.811550e-19
4.848485e-01	2.878788e+00	1.057574e-18
4.848485e-01	2.929293e+00	9.371653e-19
4.848485e-01	2.979798e+00	9.878449e-19
4.848485e-01	3.030303e+00	1.008121e-18
4.848485e-01	3.080808e+00	1.026900e-18
4.848485e-01	3.131313e+00	1.040085e-18
4.848485e-01	3.181818e+00	1.048440e-18
4.848485e-01	3.232323e+00	1.051628e-18
4.848485e-01	3.282828e+00	1.050158e-18
4.848485e-01	3.333333e+00	1.043747e-18
4.848485e-01	3.383838e+00	1.032927e-18
4.848485e-01	3.434343e+00	1.017613e-18
4.848485e-01	3.484848e+00	9.981808e-19
4.848485e-01	3.535354e+00	9.748424e-19
4.848485e-01	3.585859e+00	9.477796e-19
4.848485e-01	3.636364e+00	9.174457e-19
4.848485e-01	3.686869e+00	8.839152e-19
4.848485e-01	3.737374e+00	8.477402e-19
4.848485e-01	3.787879e+00	8.090375e-19
4.848485e-01	3.838384e+00	7.682875e-19
4.848485e-01	3.888889e+00	7.257682e-19
4.848485e-01	3.939394e+00	6.818195e-19
4.848485e-01	3.989899e+00	6.368535e-19
4.848485e-01	4.040404e+00	5.911229e-19
4.848485e-01	4.090909e+00	5.451007e-19
4.848485e-01	4.141414e+00	4.989999e-19
4.848485e-01	4.191919e+00	4.532911e-19
4.848485e-01	4.242424e+00	4.081894e-19
4.848485e-01	4.292929e+00	3.641165e-19
4.848485e-01	4.343434e+00	3.213082e-19
4.848485e-01	4.393939e+00	2.801247e-19
4.848485e-01	4.444444e+00	2.408020e-19
4.848485e-01	4.494949e+00	2.036500e-19
4.848485e-01	4.545455e+00	1.688977e-19
4.848485e-01	4.595960e+00	1.367935e-19
4.848485e-01	4.646465e+00	1.075579e-19
4.848485e-01	4.696970e+00	8.138499e-20
4.848485e-01	4.747475e+00	5.848298e-20
4.848485e-01	4.797980e+00	3.901481e-20
4.848485e-01	4.848485e+00	2.317354e-20
4.848485e-01	4.898990e+00	1.114805e-20
4.848485e-01	4.949495e+00	3.219600e-21
4.848485e-01	5.000000e+00	1.921647e-31
4.949495e-01	0.000000e+00	0.000000e+00
4.949495e-01	5.050505e-02	5.224829e-07
4.949495e-01	1.010101e-01	2.984197e-06
4.949495e-01	1.515152e-01	1.121207e-05
4.949495e-01	2.020202e-01	3.659054e-05
4.949495e-01	2.525253e-01	1.100560e-04
4.949495e-01	3.030303e-01	3.094769e-04
4.949495e-01	3.535354e-01	8.152767e-04
4.949495e-01	4.040404e-01	2.008452e-03
4.949495e-01	4.545455e-01	4.611165e-03
4.949495e-01	5.050505e-01	9.822459e-03
4.949495e-01	5.555556e-01	1.930688e-02
4.949495e-01	6.060606e-01	3.478193e-02
4.949495e-01	6.565657e-01	5.694312e-02
4.949495e-01	7.070707e-01	8.377998e-02
4.949495e-01	7.575758e-01	1.091140e-01
4.949495e-01	8.080808e-01	1.231267e-01
4.949495e-01	8.585859e-01	1.166899e-01
4.949495e-01	9.090909e-01	8.915335e-02
4.949495e-01	9.595960e-01	5.499601e-02
4.949495e-01	1.010101e+00	4.174642e-02
4.949495e-01	1.060606e+00	7.514813e-02
4.949495e-01	1.111111e+00	1.591049e-01
4.949495e-01	1.161616e+00	2.688239e-01
4.949495e-01	1.212121e+00	3.709070e-01
4.949495e-01	1.262626e+00	4.597178e-01
4.949495e-01	1.313131e+00	5.752509e-01
4.949495e-01	1.363636e+00	7.746436e-01
4.949495e-01	1.414141e+00	1.071821e+00
4.949495e-01	1.464646e+00	1.398667e+00
4.949495e-01	1.515152e+00	1.630602e+00
4.949495e-01	1.565657e+00	1.662664e+00
4.949495e-01	1.616162e+00	1.475325e+00
4.949495e-01	1.666667e+00	1.140096e+00
4.949495e-01	1.717172e+00	7.690687e-01
4.949495e-01	1.767677e+00	4.538709e-01
4.949495e-01	1.818182e+00	2.347389e-01
4.949495e-01	1.868687e+00	1.065118e-01
4.949495e-01	1.919192e+00	4.242278e-02
4.949495e-01	1.969697e+00	1.483225e-02
4.949495e-01	2.020202e+00	4.550560e-03
4.949495e-01	2.070707e+00	1.224259e-03
4.949495e-01	2.121212e+00	2.885459e-04
4.949495e-01	2.171717e+00	5.950802e-05
4.949495e-01	2.222222e+00	1.072409e-05
4.949495e-01	2.272727e+00	1.686201e-06
4.949495e-01	2.323232e+00	2.309417e-07
4.949495e-01	2.373737e+00	2.750313e-08
4.949495e-01	2.424242e+00	2.842625e-09
4.949495e-01	2.474747e+00	2.545402e-10
4.949495e-01	2.525253e+00	1.969364e-11
4.949495e-01	2.575758e+00	1.317319e-12
4.949495e-01	2.626263e+00	7.517662e-14
4.949495e-01	2.676768e+00	3.839593e-15
4.949495e-01	2.727273e+00	1.367630e-16
4.949495e-01	2.777778e+00	1.090060e-17
4.949495e-01	2.828283e+00	2.821062e-19
4.949495e-01	2.878788e+00	1.058069e-18
4.949495e-01	2.929293e+00	9.377779e-19
4.949495e-01	2.979798e+00	9.884612e-19
4.949495e-01	3.030303e+00	1.008753e-18
4.949495e-01	3.080808e+00	1.027543e-18
4.949495e-01	3.131313e+00	1.040735e-18
4.949495e-01	3.181818e+00	1.049096e-18
4.949495e-01	3.232323e+00	1.052285e-18
4.949495e-01	3.282828e+00	1.050813e-18
4.949495e-01	3.333333e+00	1.044398e-18
4.949495e-01	3.383838e+00	1.033571e-18
4.949495e-01	3.434343e+00	1.018248e-18
4.949495e-01	3.484848e+00	9.988024e-19
4.949495e-01	3.535354e+00	9.754500e-19
4.949495e-01	3.585859e+00	9.483693e-19
4.949495e-01	3.636364e+00	9.180170e-19
4.949495e-01	3.686869e+00	8.844651e-19
4.949495e-01	3.737374e+00	8.482676e-19
4.949495e-01	3.787879e+00	8.095406e-19
4.949495e-01	3.838384e+00	7.687652e-19
4.949495e-01	3.888889e+00	7.262194e-19
4.949495e-01	3.939394e+00	6.822432e-19
4.949495e-01	3.989899e+00	6.372493e-19
4.949495e-01	4.040404e+00	5.914901e-19
4.949495e-01	4.090909e+00	5.454394e-19
4.949495e-01	4.141414e+00	4.993098e-19
4.949495e-01	4.191919e+00	4.535727e-19
4.949495e-01	4.242424e+00	4.084429e-19
4.949495e-01	4.292929e+00	3.643426e-19
4.949495e-01	4.343434e+00	3.215077e-19
4.949495e-01	4.393939e+00	2.802987e-19
4.949495e-01	4.444444e+00	2.409515e-19
4.949495e-01	4.494949e+00	2.037765e-19
4.949495e-01	4.545455e+00	1.690026e-19
4.949495e-01	4.595960e+00	1.368784e-19
4.949495e-01	4.646465e+00	1.076247e-19
4.949495e-01	4.696970e+00	8.143555e-20
4.949495e-01	4.747475e+00	5.851930e-20
4.949495e-01	4.797980e+00	3.903905e-20
4.949495e-01	4.848485e+00	2.318794e-20
4.949495e-01	4.898990e+00	1.115498e-20
4.949495e-01	4.949495e+00	3.221604e-21
4.949495e-01	5.000000e+00	1.943294e-31
5.050505e-01	0.000000e+00	0.000000e+00
5.050505e-01	5.050505e-02	5.223947e-07
5.050505e-01	1.010101e-01	2.983651e-06
5.050505e-01	1.515152e-01	1.120963e-05
5.050505e-01	2.020202e-01	3.658037e-05
5.050505e-01	2.525253e-01	1.100155e-04
5.050505e-01	3.030303e-01	3.093244e-04
5.050505e-01	3.535354e-01	8.147374e-04
5.050505e-01	4.040404e-01	2.006675e-03
5.050505e-01	4.545455e-01	4.605727e-03
5.050505e-01	5.050505e-01	9.807039e-03
5.050505e-01	5.555556e-01	1.926646e-02
5.050505e-01	6.060606e-01	3.468428e-02
5.050505e-01	6.565657e-01	5.672650e-02
5.050505e-01	7.070707e-01	8.334108e-02
5.050505e-01	7.575758e-01	1.083080e-01
5.050505e-01	8.080808e-01	1.218008e-01
5.050505e-01	8.585859e-01	1.147747e-01
5.050505e-01	9.090909e-01	8.681737e-02
5.050505e-01	9.595960e-01	5.281855e-02
5.050505e-01	1.010101e+00	4.079481e-02
5.050505e-01	1.060606e+00	7.681035e-02
5.050505e-01	1.111111e+00	1.645978e-01
5.050505e-01	1.161616e+00	2.784949e-01
5.050505e-01	1.212121e+00	3.836798e-01
5.050505e-01	1.262626e+00	4.731041e-01
5.050505e-01	1.313131e+00	5.861112e-01
5.050505e-01	1.363636e+00	7.804147e-01
5.050505e-01	1.414141e+00	1.071563e+00
5.050505e-01	1.464646e+00	1.393335e+00
5.050505e-01	1.515152e+00	1.622435e+00
5.050505e-01	1.565657e+00	1.654111e+00
5.050505e-01	1.616162e+00	1.468143e+00
5.050505e-01	1.666667e+00	1.135012e+00
5.050505e-01	1.717172e+00	7.659665e-01
5.050505e-01	1.767677e+00	4.522215e-01
5.050505e-01	1.818182e+00	2.339703e-01
5.050505e-01	1.868687e+00	1.061969e-01
5.050505e-01	1.919192e+00	4.230915e-02
5.050505e-01	1.969697e+00	1.479613e-02
5.050505e-01	2.020202e+00	4.540452e-03
5.050505e-01	2.070707e+00	1.221769e-03
5.050505e-01	2.121212e+00	2.880068e-04
5.050505e-01	2.171717e+00	5.940557e-05
5.050505e-01	2.222222e+00	1.070703e-05
5.050505e-01	2.272727e+00	1.683714e-06
5.050505e-01	2.323232e+00	2.306251e-07
5.050505e-01	2.373737e+00	2.746799e-08
5.050505e-01	2.424242e+00	2.839233e-09
5.050505e-01	2.474747e+00	2.542559e-10
5.050505e-01	2.525253e+00	1.967301e-11
5.050505e-01	2.575758e+00	1.316023e-12
5.050505e-01	2.626263e+00	7.510691e-14
5.050505e-01	2.676768e+00	3.836249e-15
5.050505e-01	2.727273e+00	1.366494e-16
5.050505e-01	2.777778e+00	1.089366e-17
5.050505e-01	2.828283e+00	2.830990e-19
5.050505e-01	2.878788e+00	1.058610e-18
5.050505e-01	2.929293e+00	9.384383e-19
5.050505e-01	2.979798e+00	9.891268e-19
5.050505e-01	3.030303e+00	1.009435e-18
5.050505e-01	3.080808e+00	1.028237e-18
5.050505e-01	3.131313e+00	1.041438e-18
5.050505e-01	3.181818e+00	1.049803e-18
5.050505e-01	3.232323e+00	1.052995e-18
5.050505e-01	3.282828e+00	1.051521e-18
5.050505e-01	3.333333e+00	1.045102e-18
5.050505e-01	3.383838e+00	1.034266e-18
5.050505e-01	3.434343e+00	1.018934e-18
5.050505e-01	3.484848e+00	9.994738e-19
5.050505e-01	3.535354e+00	9.761064e-19
5.050505e-01	3.585859e+00	9.490065e-19
5.050505e-01	3.636364e+00	9.186343e-19
5.050505e-01	3.686869e+00	8.850591e-19
5.050505e-01	3.737374e+00	8.488375e-19
5.050505e-01	3.787879e+00	8.100842e-19
5.050505e-01	3.838384e+00	7.692813e-19
5.050505e-01	3.888889e+00	7.267069e-19
5.050505e-01	3.939394e+00	6.827010e-19
5.050505e-01	3.989899e+00	6.376770e-19
5.050505e-01	4.040404e+00	5.918869e-19
5.050505e-01	4.090909e+00	5.458053e-19
5.050505e-01	4.141414e+00	4.996447e-19
5.050505e-01	4.191919e+00	4.538769e-19
5.050505e-01	4.242424e+00	4.087168e-19
5.050505e-01	4.292929e+00	3.645869e-19
5.050505e-01	4.343434e+00	3.217233e-19
5.050505e-01	4.393939e+00	2.804866e-19
5.050505e-01	4.444444e+00	2.411131e-19
5.050505e-01	4.494949e+00	2.039132e-19
5.050505e-01	4.545455e+00	1.691158e-19
5.050505e-01	4.595960e+00	1.369702e-19
5.050505e-01	4.646465e+00	1.076968e-19
5.050505e-01	4.696970e+00	8.149017e-20
5.050505e-01	4.747475e+00	5.855854e-20
5.050505e-01	4.797980e+00	3.906524e-20
5.050505e-01	4.848485e+00	2.320349e-20
5.050505e-01	4.898990e+00	1.116247e-20
5.050505e-01	4.949495e+00	3.223769e-21
5.050505e-01	5.000000e+00	1.965242e-31
5.151515e-01	0.000000e+00	0.000000e+00
5.151515e-01	5.050505e-02	5.223335e-07
5.151515e-01	1.010101e-01	2.983259e-06
5.151515e-01	1.515152e-01	1.120776e-05
5.151515e-01	2.020202e-01	3.657209e-05
5.151515e-01	2.525253e-01	1.099807e-04
5.151515e-01	3.030303e-01	3.091877e-04
5.151515e-01	3.535354e-01	8.142400e-04
5.151515e-01	4.040404e-01	2.005001e-03
5.151515e-01	4.545455e-01	4.600524e-03
5.151515e-01	5.050505e-01	9.792114e-03
5.151515e-01	5.555556e-01	1.922700e-02
5.151515e-01	6.060606e-01	3.458830e-02
5.151515e-01	6.565657e-01	5.651250e-02
5.151515e-01	7.070707e-01	8.290575e-02
5.151515e-01	7.575758e-01	1.075061e-01
5.151515e-01	8.080808e-01	1.204785e-01
5.151515e-01	8.585859e-01	1.128618e-01
5.151515e-01	9.090909e-01	8.448291e-02
5.151515e-01	9.595960e-01	5.064595e-02
5.151515e-01	1.010101e+00	3.986104e-02
5.151515e-01	1.060606e+00	7.851795e-02
5.151515e-01	1.111111e+00	1.701781e-01
5.151515e-01	1.161616e+00	2.883010e-01
5.151515e-01	1.212121e+00	3.966241e-01
5.151515e-01	1.262626e+00	4.866677e-01
5.151515e-01	1.313131e+00	5.971133e-01
5.151515e-01	1.363636e+00	7.862562e-01
5.151515e-01	1.414141e+00	1.071289e+00
5.151515e-01	1.464646e+00	1.387913e+00
5.151515e-01	1.515152e+00	1.614137e+00
5.151515e-01	1.565657e+00	1.645421e+00
5.151515e-01	1.616162e+00	1.460847e+00
5.151515e-01	1.666667e+00	1.129846e+00
5.151515e-01	1.717172e+00	7.628143e-01
5.151515e-01	1.767677e+00	4.505454e-01
5.151515e-01	1.818182e+00	2.331890e-01
5.151515e-01	1.868687e+00	1.058767e-01
5.151515e-01	1.919192e+00	4.219363e-02
5.151515e-01	1.969697e+00	1.475941e-02
5.151515e-01	2.020202e+00	4.530174e-03
5.151515e-01	2.070707e+00	1.219238e-03
5.151515e-01	2.121212e+00	2.874587e-04
5.151515e-01	2.171717e+00	5.930138e-05
5.151515e-01	2.222222e+00	1.068967e-05
5.151515e-01	2.272727e+00	1.681184e-06
5.151515e-01	2.323232e+00	2.303030e-07
5.151515e-01	2.373737e+00	2.743225e-08
5.151515e-01	2.424242e+00	2.835783e-09
5.151515e-01	2.474747e+00	2.539667e-10
5.151515e-01	2.525253e+00	1.965202e-11
5.151515e-01	2.575758e+00	1.314704e-12
5.151515e-01	2.626263e+00	7.503598e-14
5.151515e-01	2.676768e+00	3.832847e-15
5.151515e-01	2.727273e+00	1.365336e-16
5.151515e-01	2.777778e+00	1.088669e-17
5.151515e-01	2.828283e+00	2.841345e-19
5.151515e-01	2.878788e+00	1.059199e-18
5.151515e-01	2.929293e+00	9.391485e-19
5.151515e-01	2.979798e+00	9.898437e-19
5.151515e-01	3.030303e+00	1.010170e-18
5.151515e-01	3.080808e+00	1.028985e-18
5.151515e-01	3.131313e+00	1.042195e-18
5.151515e-01	3.181818e+00	1.050566e-18
5.151515e-01	3.232323e+00	1.053759e-18
5.151515e-01	3.282828e+00	1.052284e-18
5.151515e-01	3.333333e+00	1.045861e-18
5.151515e-01	3.383838e+00	1.035015e-18
5.151515e-01	3.434343e+00	1.019672e-18
5.151515e-01	3.484848e+00	1.000197e-18
5.151515e-01	3.535354e+00	9.768135e-19
5.151515e-01	3.585859e+00	9.496930e-19
5.151515e-01	3.636364e+00	9.192994e-19
5.151515e-01	3.686869e+00	8.856992e-19
5.151515e-01	3.737374e+00	8.494516e-19
5.151515e-01	3.787879e+00	8.106700e-19
5.151515e-01	3.838384e+00	7.698375e-19
5.151515e-01	3.888889e+00	7.272323e-19
5.151515e-01	3.939394e+00	6.831943e-19
5.151515e-01	3.989899e+00	6.381378e-19
5.151515e-01	4.040404e+00	5.923144e-19
5.151515e-01	4.090909e+00	5.461997e-19
5.151515e-01	4.141414e+00	5.000056e-19
5.151515e-01	4.191919e+00	4.542047e-19
5.151515e-01	4.242424e+00	4.090119e-19
5.151515e-01	4.292929e+00	3.648503e-19
5.151515e-01	4.343434e+00	3.219557e-19
5.151515e-01	4.393939e+00	2.806892e-19
5.151515e-01	4.444444e+00	2.412872e-19
5.151515e-01	4.494949e+00	2.040604e-19
5.151515e-01	4.545455e+00	1.692379e-19
5.151515e-01	4.595960e+00	1.370691e-19
5.151515e-01	4.646465e+00	1.077746e-19
5.151515e-01	4.696970e+00	8.154904e-20
5.151515e-01	4.747475e+00	5.860083e-20
5.151515e-01	4.797980e+00	3.909347e-20
5.151515e-01	4.848485e+00	2.322025e-20
5.151515e-01	4.898990e+00	1.117054e-20
5.151515e-01	4.949495e+00	3.226101e-21
5.151515e-01	5.000000e+00	1.987482e-31
5.252525e-01	0.000000e+00	0.000000e+00
5.252525e-01	5.050505e-02	5.223008e-07
5.252525e-01	1.010101e-01	2.983030e-06
5.252525e-01	1.515152e-01	1.120651e-05
5.252525e-01	2.020202e-01	3.656581e-05
5.252525e-01	2.525253e-01	1.099519e-04
5.252525e-01	3.030303e-01	3.090681e-04
5.252525e-01	3.535354e-01	8.137874e-04
5.252525e-01	4.040404e-01	2.003438e-03
5.252525e-01	4.545455e-01	4.595574e-03
5.252525e-01	5.050505e-01	9.777726e-03
5.252525e-01	5.555556e-01	1.918858e-02
5.252525e-01	6.060606e-01	3.449419e-02
5.252525e-01	6.565657e-01	5.630149e-02
5.252525e-01	7.070707e-01	8.247466e-02
5.252525e-01	7.575758e-01	1.067093e-01
5.252525e-01	8.080808e-01	1.191616e-01
5.252525e-01	8.585859e-01	1.109535e-01
5.252525e-01	9.090909e-01	8.215265e-02
5.252525e-01	9.595960e-01	4.848091e-02
5.252525e-01	1.010101e+00	3.894717e-02
5.252525e-01	1.060606e+00	8.027154e-02
5.252525e-01	1.111111e+00	1.758444e-01
5.252525e-01	1.161616e+00	2.982390e-01
5.252525e-01	1.212121e+00	4.097351e-01
5.252525e-01	1.262626e+00	5.004035e-01
5.252525e-01	1.313131e+00	6.082527e-01
5.252525e-01	1.363636e+00	7.921654e-01
5.252525e-01	1.414141e+00	1.070998e+00
5.252525e-01	1.464646e+00	1.382404e+00
5.252525e-01	1.515152e+00	1.605710e+00
5.252525e-01	1.565657e+00	1.636598e+00
5.252525e-01	1.616162e+00	1.453438e+00
5.252525e-01	1.666667e+00	1.124600e+00
5.252525e-01	1.717172e+00	7.596128e-01
5.252525e-01	1.767677e+00	4.488428e-01
5.252525e-01	1.818182e+00	2.323954e-01
5.252525e-01	1.868687e+00	1.055515e-01
5.252525e-01	1.919192e+00	4.207625e-02
5.252525e-01	1.969697e+00	1.472210e-02
5.252525e-01	2.020202e+00	4.519729e-03
5.252525e-01	2.070707e+00	1.216664e-03
5.252525e-01	2.121212e+00	2.869015e-04
5.252525e-01	2.171717e+00	5.919547e-05
5.252525e-01	2.222222e+00	1.067202e-05
5.252525e-01	2.272727e+00	1.678611e-06
5.252525e-01	2.323232e+00	2.299755e-07
5.252525e-01	2.373737e+00	2.739590e-08
5.252525e-01	2.424242e+00	2.832274e-09
5.252525e-01	2.474747e+00	2.536726e-10
5.252525e-01	2.525253e+00	1.963067e-11
5.252525e-01	2.575758e+00	1.313362e-12
5.252525e-01	2.626263e+00	7.496382e-14
5.252525e-01	2.676768e+00	3.829388e-15
5.252525e-01	2.727273e+00	1.364155e-16
5.252525e-01	2.777778e+00	1.087969e-17
5.252525e-01	2.828283e+00	2.852140e-19
5.252525e-01	2.878788e+00	1.059839e-18
5.252525e-01	2.929293e+00	9.399104e-19
5.252525e-01	2.979798e+00	9.906140e-19
5.252525e-01	3.030303e+00	1.010960e-18
5.252525e-01	3.080808e+00	1.029789e-18
5.252525e-01	3.131313e+00	1.043008e-18
5.252525e-01	3.181818e+00	1.051385e-18
5.252525e-01	3.232323e+00	1.054581e-18
5.252525e-01	3.282828e+00	1.053103e-18
5.252525e-01	3.333333e+00	1.046675e-18
5.252525e-01	3.383838e+00	1.035821e-18
5.252525e-01	3.434343e+00	1.020466e-18
5.252525e-01	3.484848e+00	1.000975e-18
5.252525e-01	3.535354e+00	9.775736e-19
5.252525e-01	3.585859e+00	9.504309e-19
5.252525e-01	3.636364e+00	9.200142e-19
5.252525e-01	3.686869e+00	8.863873e-19
5.252525e-01	3.737374e+00	8.501116e-19
5.252525e-01	3.787879e+00	8.112996e-19
5.252525e-01	3.838384e+00	7.704353e-19
5.252525e-01	3.888889e+00	7.277970e-19
5.252525e-01	3.939394e+00	6.837247e-19
5.252525e-01	3.989899e+00	6.386332e-19
5.252525e-01	4.040404e+00	5.927741e-19
5.252525e-01	4.090909e+00	5.466236e-19
5.252525e-01	4.141414e+00	5.003936e-19
5.252525e-01	4.191919e+00	4.545571e-19
5.252525e-01	4.242424e+00	4.093292e-19
5.252525e-01	4.292929e+00	3.651333e-19
5.252525e-01	4.343434e+00	3.222054e-19
5.252525e-01	4.393939e+00	2.809069e-19
5.252525e-01	4.444444e+00	2.414743e-19
5.252525e-01	4.494949e+00	2.042188e-19
5.252525e-01	4.545455e+00	1.693692e-19
5.252525e-01	4.595960e+00	1.371755e-19
5.252525e-01	4.646465e+00	1.078582e-19
5.252525e-01	4.696970e+00	8.161232e-20
5.252525e-01	4.747475e+00	5.864630e-20
5.252525e-01	4.797980e+00	3.912381e-20
5.252525e-01	4.848485e+00	2.323827e-20
5.252525e-01	4.898990e+00	1.117921e-20
5.252525e-01	4.949495e+00	3.228608e-21
5.252525e-01	5.000000e+00	2.010005e-31
5.353535e-01	0.000000e+00	0.000000e+00
5.353535e-01	5.050505e-02	5.222982e-07
5.353535e-01	1.010101e-01	2.982973e-06
5.353535e-01	1.515152e-01	1.120591e-05
5.353535e-01	2.020202e-01	3.656166e-05
5.353535e-01	2.525253e-01	1.099295e-04
5.353535e-01	3.030303e-01	3.089664e-04
5.353535e-01	3.535354e-01	8.133825e-04
5.353535e-01	4.040404e-01	2.001992e-03
5.353535e-01	4.545455e-01	4.590897e-03
5.353535e-01	5.050505e-01	9.763922e-03
5.353535e-01	5.555556e-01	1.915132e-02
5.353535e-01	6.060606e-01	3.440216e-02
5.353535e-01	6.565657e-01	5.609387e-02
5.353535e-01	7.070707e-01	8.204852e-02
5.353535e-01	7.575758e-01	1.059189e-01
5.353535e-01	8.080808e-01	1.178518e-01
5.353535e-01	8.585859e-01	1.090522e-01
5.353535e-01	9.090909e-01	7.982933e-02
5.353535e-01	9.595960e-01	4.632616e-02
5.353535e-01	1.010101e+00	3.805526e-02
5.353535e-01	1.060606e+00	8.207179e-02
5.353535e-01	1.111111e+00	1.815955e-01
5.353535e-01	1.161616e+00	3.083054e-01
5.353535e-01	1.212121e+00	4.230080e-01
5.353535e-01	1.262626e+00	5.143061e-01
5.353535e-01	1.313131e+00	6.195253e-01
5.353535e-01	1.363636e+00	7.981399e-01
5.353535e-01	1.414141e+00	1.070692e+00
5.353535e-01	1.464646e+00	1.376808e+00
5.353535e-01	1.515152e+00	1.597156e+00
5.353535e-01	1.565657e+00	1.627643e+00
5.353535e-01	1.616162e+00	1.445918e+00
5.353535e-01	1.666667e+00	1.119275e+00
5.353535e-01	1.717172e+00	7.563627e-01
5.353535e-01	1.767677e+00	4.471141e-01
5.353535e-01	1.818182e+00	2.315895e-01
5.353535e-01	1.868687e+00	1.052212e-01
5.353535e-01	1.919192e+00	4.195704e-02
5.353535e-01	1.969697e+00	1.468420e-02
5.353535e-01	2.020202e+00	4.509118e-03
5.353535e-01	2.070707e+00	1.214050e-03
5.353535e-01	2.121212e+00	2.863353e-04
5.353535e-01	2.171717e+00	5.908784e-05
5.353535e-01	2.222222e+00	1.065409e-05
5.353535e-01	2.272727e+00	1.675997e-06
5.353535e-01	2.323232e+00	2.296426e-07
5.353535e-01	2.373737e+00	2.735896e-08
5.353535e-01	2.424242e+00	2.828707e-09
5.353535e-01	2.474747e+00	2.533736e-10
5.353535e-01	2.525253e+00	1.960897e-11
5.353535e-01	2.575758e+00	1.311998e-12
5.353535e-01	2.626263e+00	7.489046e-14
5.353535e-01	2.676768e+00	3.825873e-15
5.353535e-01	2.727273e+00	1.362952e-16
5.353535e-01	2.777778e+00	1.087267e-17
5.353535e-01	2.828283e+00	2.863388e-19
5.353535e-01	2.878788e+00	1.060531e-18
5.353535e-01	2.929293e+00	9.407262e-19
5.353535e-01	2.979798e+00	9.914398e-19
5.353535e-01	3.030303e+00	1.011806e-18
5.353535e-01	3.080808e+00	1.030650e-18
5.353535e-01	3.131313e+00	1.043880e-18
5.353535e-01	3.181818e+00	1.052263e-18
5.353535e-01	3.232323e+00	1.055461e-18
5.353535e-01	3.282828e+00	1.053982e-18
5.353535e-01	3.333333e+00	1.047549e-18
5.353535e-01	3.383838e+00	1.036684e-18
5.353535e-01	3.434343e+00	1.021317e-18
5.353535e-01	3.484848e+00	1.001809e-18
5.353535e-01	3.535354e+00	9.783885e-19
5.353535e-01	3.585859e+00	9.512222e-19
5.353535e-01	3.636364e+00	9.207807e-19
5.353535e-01	3.686869e+00	8.871251e-19
5.353535e-01	3.737374e+00	8.508193e-19
5.353535e-01	3.787879e+00	8.119749e-19
5.353535e-01	3.838384e+00	7.710764e-19
5.353535e-01	3.888889e+00	7.284026e-19
5.353535e-01	3.939394e+00	6.842934e-19
5.353535e-01	3.989899e+00	6.391645e-19
5.353535e-01	4.040404e+00	5.932670e-19
5.353535e-01	4.090909e+00	5.470782e-19
5.353535e-01	4.141414e+00	5.008097e-19
5.353535e-01	4.191919e+00	4.549351e-19
5.353535e-01	4.242424e+00	4.096696e-19
5.353535e-01	4.292929e+00	3.654369e-19
5.353535e-01	4.343434e+00	3.224733e-19
5.353535e-01	4.393939e+00	2.811404e-19
5.353535e-01	4.444444e+00	2.416750e-19
5.353535e-01	4.494949e+00	2.043885e-19
5.353535e-01	4.545455e+00	1.695099e-19
5.353535e-01	4.595960e+00	1.372895e-19
5.353535e-01	4.646465e+00	1.079478e-19
5.353535e-01	4.696970e+00	8.168019e-20
5.353535e-01	4.747475e+00	5.869506e-20
5.353535e-01	4.797980e+00	3.915635e-20
5.353535e-01	4.848485e+00	2.325759e-20
5.353535e-01	4.898990e+00	1.118851e-20
5.353535e-01	4.949495e+00	3.231296e-21
5.353535e-01	5.000000e+00	2.032804e-31
5.454545e-01	0.000000e+00	0.000000e+00
5.454545e-01	5.050505e-02	5.223274e-07
5.454545e-01	1.010101e-01	2.983097e-06
5.454545e-01	1.515152e-01	1.120599e-05
5.454545e-01	2.020202e-01	3.655973e-05
5.454545e-01	2.525253e-01	1.099139e-04
5.454545e-01	3.030303e-01	3.088839e-04
5.454545e-01	3.535354e-01	8.130283e-04
5.454545e-01	4.040404e-01	2.000673e-03
5.454545e-01	4.545455e-01	4.586511e-03
5.454545e-01	5.050505e-01	9.750746e-03
5.454545e-01	5.555556e-01	1.911531e-02
5.454545e-01	6.060606e-01	3.431241e-02
5.454545e-01	6.565657e-01	5.589003e-02
5.454545e-01	7.070707e-01	8.162802e-02
5.454545e-01	7.575758e-01	1.051360e-01
5.454545e-01	8.080808e-01	1.165507e-01
5.454545e-01	8.585859e-01	1.071600e-01
5.454545e-01	9.090909e-01	7.751570e-02
5.454545e-01	9.595960e-01	4.418445e-02
5.454545e-01	1.010101e+00	3.718740e-02
5.454545e-01	1.060606e+00	8.391932e-02
5.454545e-01	1.111111e+00	1.874299e-01
5.454545e-01	1.161616e+00	3.184967e-01
5.454545e-01	1.212121e+00	4.364378e-01
5.454545e-01	1.262626e+00	5.283703e-01
5.454545e-01	1.313131e+00	6.309263e-01
5.454545e-01	1.363636e+00	8.041769e-01
5.454545e-01	1.414141e+00	1.070367e+00
5.454545e-01	1.464646e+00	1.371126e+00
5.454545e-01	1.515152e+00	1.588478e+00
5.454545e-01	1.565657e+00	1.618558e+00
5.454545e-01	1.616162e+00	1.438289e+00
5.454545e-01	1.666667e+00	1.113872e+00
5.454545e-01	1.717172e+00	7.530647e-01
5.454545e-01	1.767677e+00	4.453598e-01
5.454545e-01	1.818182e+00	2.307716e-01
5.454545e-01	1.868687e+00	1.048858e-01
5.454545e-01	1.919192e+00	4.183601e-02
5.454545e-01	1.969697e+00	1.464572e-02
5.454545e-01	2.020202e+00	4.498343e-03
5.454545e-01	2.070707e+00	1.211395e-03
5.454545e-01	2.121212e+00	2.857603e-04
5.454545e-01	2.171717e+00	5.897852e-05
5.454545e-01	2.222222e+00	1.063587e-05
5.454545e-01	2.272727e+00	1.673341e-06
5.454545e-01	2.323232e+00	2.293044e-07
5.454545e-01	2.373737e+00	2.732142e-08
5.454545e-01	2.424242e+00	2.825083e-09
5.454545e-01	2.474747e+00	2.530698e-10
5.454545e-01	2.525253e+00	1.958692e-11
5.454545e-01	2.575758e+00	1.310612e-12
5.454545e-01	2.626263e+00	7.481590e-14
5.454545e-01	2.676768e+00	3.822302e-15
5.454545e-01	2.727273e+00	1.361726e-16
5.454545e-01	2.777778e+00	1.086564e-17
5.454545e-01	2.828283e+00	2.875100e-19
5.454545e-01	2.878788e+00	1.061278e-18
5.454545e-01	2.929293e+00	9.415978e-19
5.454545e-01	2.979798e+00	9.923233e-19
5.454545e-01	3.030303e+00	1.012712e-18
5.454545e-01	3.080808e+00	1.031571e-18
5.454545e-01	3.131313e+00	1.044813e-18
5.454545e-01	3.181818e+00	1.053202e-18
5.454545e-01	3.232323e+00	1.056404e-18
5.454545e-01	3.282828e+00	1.054922e-18
5.454545e-01	3.333333e+00	1.048484e-18
5.454545e-01	3.383838e+00	1.037608e-18
5.454545e-01	3.434343e+00	1.022228e-18
5.454545e-01	3.484848e+00	1.002701e-18
5.454545e-01	3.535354e+00	9.792605e-19
5.454545e-01	3.585859e+00	9.520690e-19
5.454545e-01	3.636364e+00	9.216009e-19
5.454545e-01	3.686869e+00	8.879147e-19
5.454545e-01	3.737374e+00	8.515767e-19
5.454545e-01	3.787879e+00	8.126974e-19
5.454545e-01	3.838384e+00	7.717625e-19
5.454545e-01	3.888889e+00	7.290507e-19
5.454545e-01	3.939394e+00	6.849020e-19
5.454545e-01	3.989899e+00	6.397331e-19
5.454545e-01	4.040404e+00	5.937946e-19
5.454545e-01	4.090909e+00	5.475647e-19
5.454545e-01	4.141414e+00	5.012549e-19
5.454545e-01	4.191919e+00	4.553396e-19
5.454545e-01	4.242424e+00	4.100338e-19
5.454545e-01	4.292929e+00	3.657618e-19
5.454545e-01	4.343434e+00	3.227599e-19
5.454545e-01	4.393939e+00	2.813904e-19
5.454545e-01	4.444444e+00	2.418899e-19
5.454545e-01	4.494949e+00	2.045703e-19
5.454545e-01	4.545455e+00	1.696606e-19
5.454545e-01	4.595960e+00	1.374116e-19
5.454545e-01	4.646465e+00	1.080437e-19
5.454545e-01	4.696970e+00	8.175283e-20
5.454545e-01	4.747475e+00	5.874724e-20
5.454545e-01	4.797980e+00	3.919117e-20
5.454545e-01	4.848485e+00	2.327827e-20
5.454545e-01	4.898990e+00	1.119847e-20
5.454545e-01	4.949495e+00	3.234173e-21
5.454545e-01	5.000000e+00	2.055869e-31
5.555556e-01	0.000000e+00	0.000000e+00
5.555556e-01	5.050505e-02	5.223899e-07
5.555556e-01	1.010101e-01	2.983412e-06
5.555556e-01	1.515152e-01	1.120679e-05
5.555556e-01	2.020202e-01	3.656017e-05
5.555556e-01	2.525253e-01	1.099054e-04
5.555556e-01	3.030303e-01	3.088216e-04
5.555556e-01	3.535354e-01	8.127278e-04
5.555556e-01	4.040404e-01	1.999487e-03
5.555556e-01	4.545455e-01	4.582437e-03
5.555556e-01	5.050505e-01	9.738244e-03
5.555556e-01	5.555556e-01	1.908065e-02
5.555556e-01	6.060606e-01	3.422514e-02
5.555556e-01	6.565657e-01	5.569037e-02
5.555556e-01	7.070707e-01	8.121387e-02
5.555556e-01	7.575758e-01	1.043618e-01
5.555556e-01	8.080808e-01	1.152601e-01
5.555556e-01	8.585859e-01	1.052794e-01
5.555556e-01	9.090909e-01	7.521453e-02
5.555556e-01	9.595960e-01	4.205858e-02
5.555556e-01	1.010101e+00	3.634569e-02
5.555556e-01	1.060606e+00	8.581481e-02
5.555556e-01	1.111111e+00	1.933462e-01
5.555556e-01	1.161616e+00	3.288094e-01
5.555556e-01	1.212121e+00	4.500194e-01
5.555556e-01	1.262626e+00	5.425906e-01
5.555556e-01	1.313131e+00	6.424515e-01
5.555556e-01	1.363636e+00	8.102737e-01
5.555556e-01	1.414141e+00	1.070026e+00
5.555556e-01	1.464646e+00	1.365359e+00
5.555556e-01	1.515152e+00	1.579678e+00
5.555556e-01	1.565657e+00	1.609346e+00
5.555556e-01	1.616162e+00	1.430553e+00
5.555556e-01	1.666667e+00	1.108393e+00
5.555556e-01	1.717172e+00	7.497196e-01
5.555556e-01	1.767677e+00	4.435802e-01
5.555556e-01	1.818182e+00	2.299417e-01
5.555556e-01	1.868687e+00	1.045456e-01
5.555556e-01	1.919192e+00	4.171319e-02
5.555556e-01	1.969697e+00	1.460666e-02
5.555556e-01	2.020202e+00	4.487406e-03
5.555556e-01	2.070707e+00	1.208700e-03
5.555556e-01	2.121212e+00	2.851766e-04
5.555556e-01	2.171717e+00	5.886754e-05
5.555556e-01	2.222222e+00	1.061738e-05
5.555556e-01	2.272727e+00	1.670644e-06
5.555556e-01	2.323232e+00	2.289610e-07
5.555556e-01	2.373737e+00	2.728331e-08
5.555556e-01	2.424242e+00	2.821402e-09
5.555556e-01	2.474747e+00	2.527612e-10
5.555556e-01	2.525253e+00	1.956452e-11
5.555556e-01	2.575758e+00	1.309204e-12
5.555556e-01	2.626263e+00	7.474014e-14
5.555556e-01	2.676768e+00	3.818676e-15
5.555556e-01	2.727273e+00	1.360478e-16
5.555556e-01	2.777778e+00	1.085860e-17
5.555556e-01	2.828283e+00	2.887291e-19
5.555556e-01	2.878788e+00	1.062081e-18
5.555556e-01	2.929293e+00	9.425273e-19
5.555556e-01	2.979798e+00	9.932664e-19
5.555556e-01	3.030303e+00	1.013678e-18
5.555556e-01	3.080808e+00	1.032554e-18
5.555556e-01	3.131313e+00	1.045808e-18
5.555556e-01	3.181818e+00	1.054206e-18
5.555556e-01	3.232323e+00	1.057410e-18
5.555556e-01	3.282828e+00	1.055926e-18
5.555556e-01	3.333333e+00	1.049482e-18
5.555556e-01	3.383838e+00	1.038594e-18
5.555556e-01	3.434343e+00	1.023201e-18
5.555556e-01	3.484848e+00	1.003654e-18
5.555556e-01	3.535354e+00	9.801916e-19
5.555556e-01	3.585859e+00	9.529733e-19
5.555556e-01	3.636364e+00	9.224768e-19
5.555556e-01	3.686869e+00	8.887579e-19
5.555556e-01	3.737374e+00	8.523855e-19
5.555556e-01	3.787879e+00	8.134691e-19
5.555556e-01	3.838384e+00	7.724952e-19
5.555556e-01	3.888889e+00	7.297428e-19
5.555556e-01	3.939394e+00	6.855521e-19
5.555556e-01	3.989899e+00	6.403403e-19
5.555556e-01	4.040404e+00	5.943580e-19
5.555556e-01	4.090909e+00	5.480843e-19
5.555556e-01	4.141414e+00	5.017305e-19
5.555556e-01	4.191919e+00	4.557715e-19
5.555556e-01	4.242424e+00	4.104227e-19
5.555556e-01	4.292929e+00	3.661087e-19
5.555556e-01	4.343434e+00	3.230661e-19
5.555556e-01	4.393939e+00	2.816573e-19
5.555556e-01	4.444444e+00	2.421193e-19
5.555556e-01	4.494949e+00	2.047643e-19
5.555556e-01	4.545455e+00	1.698215e-19
5.555556e-01	4.595960e+00	1.375419e-19
5.555556e-01	4.646465e+00	1.081462e-19
5.555556e-01	4.696970e+00	8.183040e-20
5.555556e-01	4.747475e+00	5.880297e-20
5.555556e-01	4.797980e+00	3.922837e-20
5.555556e-01	4.848485e+00	2.330036e-20
5.555556e-01	4.898990e+00	1.120910e-20
5.555556e-01	4.949495e+00	3.237245e-21
5.555556e-01	5.000000e+00	2.079192e-31
5.656566e-01	0.000000e+00	0.000000e+00
5.656566e-01	5.050505e-02	5.224875e-07
5.656566e-01	1.010101e-01	2.983928e-06
5.656566e-01	1.515152e-01	1.120835e-05
5.656566e-01	2.020202e-01	3.656307e-05
5.656566e-01	2.525253e-01	1.099044e-04
5.656566e-01	3.030303e-01	3.087805e-04
5.656566e-01	3.535354e-01	8.124839e-04
5.656566e-01	4.040404e-01	1.998443e-03
5.656566e-01	4.545455e-01	4.578694e-03
5.656566e-01	5.050505e-01	9.726463e-03
5.656566e-01	5.555556e-01	1.904744e-02
5.656566e-01	6.060606e-01	3.414057e-02
5.656566e-01	6.565657e-01	5.549528e-02
5.656566e-01	7.070707e-01	8.080679e-02
5.656566e-01	7.575758e-01	1.035974e-01
5.656566e-01	8.080808e-01	1.139818e-01
5.656566e-01	8.585859e-01	1.034127e-01
5.656566e-01	9.090909e-01	7.292864e-02
5.656566e-01	9.595960e-01	3.995136e-02
5.656566e-01	1.010101e+00	3.553227e-02
5.656566e-01	1.060606e+00	8.775889e-02
5.656566e-01	1.111111e+00	1.993431e-01
5.656566e-01	1.161616e+00	3.392401e-01
5.656566e-01	1.212121e+00	4.637478e-01
5.656566e-01	1.262626e+00	5.569617e-01
5.656566e-01	1.313131e+00	6.540962e-01
5.656566e-01	1.363636e+00	8.164278e-01
5.656566e-01	1.414141e+00	1.069665e+00
5.656566e-01	1.464646e+00	1.359509e+00
5.656566e-01	1.515152e+00	1.570757e+00
5.656566e-01	1.565657e+00	1.600009e+00
5.656566e-01	1.616162e+00	1.422711e+00
5.656566e-01	1.666667e+00	1.102838e+00
5.656566e-01	1.717172e+00	7.463281e-01
5.656566e-01	1.767677e+00	4.417757e-01
5.656566e-01	1.818182e+00	2.291001e-01
5.656566e-01	1.868687e+00	1.042005e-01
5.656566e-01	1.919192e+00	4.158860e-02
5.656566e-01	1.969697e+00	1.456704e-02
5.656566e-01	2.020202e+00	4.476310e-03
5.656566e-01	2.070707e+00	1.205966e-03
5.656566e-01	2.121212e+00	2.845843e-04
5.656566e-01	2.171717e+00	5.875490e-05
5.656566e-01	2.222222e+00	1.059861e-05
5.656566e-01	2.272727e+00	1.667907e-06
5.656566e-01	2.323232e+00	2.286124e-07
5.656566e-01	2.373737e+00	2.724461e-08
5.656566e-01	2.424242e+00	2.817665e-09
5.656566e-01	2.474747e+00	2.524479e-10
5.656566e-01	2.525253e+00	1.954178e-11
5.656566e-01	2.575758e+00	1.307775e-12
5.656566e-01	2.626263e+00	7.466321e-14
5.656566e-01	2.676768e+00	3.814995e-15
5.656566e-01	2.727273e+00	1.359207e-16
5.656566e-01	2.777778e+00	1.085155e-17
5.656566e-01	2.828283e+00	2.899972e-19
5.656566e-01	2.878788e+00	1.062943e-18
5.656566e-01	2.929293e+00	9.435167e-19
5.656566e-01	2.979798e+00	9.942715e-19
5.656566e-01	3.030303e+00	1.014708e-18
5.656566e-01	3.080808e+00	1.033603e-18
5.656566e-01	3.131313e+00	1.046869e-18
5.656566e-01	3.181818e+00	1.055275e-18
5.656566e-01	3.232323e+00	1.058482e-18
5.656566e-01	3.282828e+00	1.056996e-18
5.656566e-01	3.333333e+00	1.050545e-18
5.656566e-01	3.383838e+00	1.039646e-18
5.656566e-01	3.434343e+00	1.024237e-18
5.656566e-01	3.484848e+00	1.004669e-18
5.656566e-01	3.535354e+00	9.811841e-19
5.656566e-01	3.585859e+00	9.539371e-19
5.656566e-01	3.636364e+00	9.234104e-19
5.656566e-01	3.686869e+00	8.896566e-19
5.656566e-01	3.737374e+00	8.532477e-19
5.656566e-01	3.787879e+00	8.142916e-19
5.656566e-01	3.838384e+00	7.732762e-19
5.656566e-01	3.888889e+00	7.304806e-19
5.656566e-01	3.939394e+00	6.862449e-19
5.656566e-01	3.989899e+00	6.409875e-19
5.656566e-01	4.040404e+00	5.949586e-19
5.656566e-01	4.090909e+00	5.486382e-19
5.656566e-01	4.141414e+00	5.022375e-19
5.656566e-01	4.191919e+00	4.562320e-19
5.656566e-01	4.242424e+00	4.108374e-19
5.656566e-01	4.292929e+00	3.664786e-19
5.656566e-01	4.343434e+00	3.233925e-19
5.656566e-01	4.393939e+00	2.819418e-19
5.656566e-01	4.444444e+00	2.423639e-19
5.656566e-01	4.494949e+00	2.049712e-19
5.656566e-01	4.545455e+00	1.699930e-19
5.656566e-01	4.595960e+00	1.376809e-19
5.656566e-01	4.646465e+00	1.082554e-19
5.656566e-01	4.696970e+00	8.191309e-20
5.656566e-01	4.747475e+00	5.886238e-20
5.656566e-01	4.797980e+00	3.926801e-20
5.656566e-01	4.848485e+00	2.332390e-20
5.656566e-01	4.898990e+00	1.122043e-20
5.656566e-01	4.949495e+00	3.240519e-21
5.656566e-01	5.000000e+00	2.102764e-31
5.757576e-01	0.000000e+00	0.000000e+00
5.757576e-01	5.050505e-02	5.226218e-07
5.757576e-01	1.010101e-01	2.984653e-06
5.757576e-01	1.515152e-01	1.121069e-05
5.757576e-01	2.020202e-01	3.656857e-05
5.757576e-01	2.525253e-01	1.099113e-04
5.757576e-01	3.030303e-01	3.087618e-04
5.757576e-01	3.535354e-01	8.122998e-04
5.757576e-01	4.040404e-01	1.997549e-03
5.757576e-01	4.545455e-01	4.575302e-03
5.757576e-01	5.050505e-01	9.715449e-03
5.757576e-01	5.555556e-01	1.901578e-02
5.757576e-01	6.060606e-01	3.405891e-02
5.757576e-01	6.565657e-01	5.530519e-02
5.757576e-01	7.070707e-01	8.040749e-02
5.757576e-01	7.575758e-01	1.028439e-01
5.757576e-01	8.080808e-01	1.127175e-01
5.757576e-01	8.585859e-01	1.015623e-01
5.757576e-01	9.090909e-01	7.066086e-02
5.757576e-01	9.595960e-01	3.786563e-02
5.757576e-01	1.010101e+00	3.474928e-02
5.757576e-01	1.060606e+00	8.975225e-02
5.757576e-01	1.111111e+00	2.054192e-01
5.757576e-01	1.161616e+00	3.497850e-01
5.757576e-01	1.212121e+00	4.776178e-01
5.757576e-01	1.262626e+00	5.714779e-01
5.757576e-01	1.313131e+00	6.658558e-01
5.757576e-01	1.363636e+00	8.226362e-01
5.757576e-01	1.414141e+00	1.069286e+00
5.757576e-01	1.464646e+00	1.353576e+00
5.757576e-01	1.515152e+00	1.561717e+00
5.757576e-01	1.565657e+00	1.590550e+00
5.757576e-01	1.616162e+00	1.414766e+00
5.757576e-01	1.666667e+00	1.097210e+00
5.757576e-01	1.717172e+00	7.428910e-01
5.757576e-01	1.767677e+00	4.399467e-01
5.757576e-01	1.818182e+00	2.282470e-01
5.757576e-01	1.868687e+00	1.038507e-01
5.757576e-01	1.919192e+00	4.146228e-02
5.757576e-01	1.969697e+00	1.452686e-02
5.757576e-01	2.020202e+00	4.465057e-03
5.757576e-01	2.070707e+00	1.203192e-03
5.757576e-01	2.121212e+00	2.839834e-04
5.757576e-01	2.171717e+00	5.864063e-05
5.757576e-01	2.222222e+00	1.057956e-05
5.757576e-01	2.272727e+00	1.665130e-06
5.757576e-01	2.323232e+00	2.282587e-07
5.757576e-01	2.373737e+00	2.720534e-08
5.757576e-01	2.424242e+00	2.813873e-09
5.757576e-01	2.474747e+00	2.521300e-10
5.757576e-01	2.525253e+00	1.951869e-11
5.757576e-01	2.575758e+00	1.306324e-12
5.757576e-01	2.626263e+00	7.458512e-14
5.757576e-01	2.676768e+00	3.811261e-15
5.757576e-01	2.727273e+00	1.357913e-16
5.757576e-01	2.777778e+00	1.084452e-17
5.757576e-01	2.828283e+00	2.913157e-19
5.757576e-01	2.878788e+00	1.063866e-18
5.757576e-01	2.929293e+00	9.445682e-19
5.757576e-01	2.979798e+00	9.953407e-19
5.757576e-01	3.030303e+00	1.015804e-18
5.757576e-01	3.080808e+00	1.034717e-18
5.757576e-01	3.131313e+00	1.047998e-18
5.757576e-01	3.181818e+00	1.056412e-18
5.757576e-01	3.232323e+00	1.059623e-18
5.757576e-01	3.282828e+00	1.058134e-18
5.757576e-01	3.333333e+00	1.051677e-18
5.757576e-01	3.383838e+00	1.040764e-18
5.757576e-01	3.434343e+00	1.025340e-18
5.757576e-01	3.484848e+00	1.005750e-18
5.757576e-01	3.535354e+00	9.822400e-19
5.757576e-01	3.585859e+00	9.549627e-19
5.757576e-01	3.636364e+00	9.244037e-19
5.757576e-01	3.686869e+00	8.906130e-19
5.757576e-01	3.737374e+00	8.541650e-19
5.757576e-01	3.787879e+00	8.151668e-19
5.757576e-01	3.838384e+00	7.741073e-19
5.757576e-01	3.888889e+00	7.312656e-19
5.757576e-01	3.939394e+00	6.869822e-19
5.757576e-01	3.989899e+00	6.416762e-19
5.757576e-01	4.040404e+00	5.955977e-19
5.757576e-01	4.090909e+00	5.492276e-19
5.757576e-01	4.141414e+00	5.027769e-19
5.757576e-01	4.191919e+00	4.567221e-19
5.757576e-01	4.242424e+00	4.112786e-19
5.757576e-01	4.292929e+00	3.668722e-19
5.757576e-01	4.343434e+00	3.237398e-19
5.757576e-01	4.393939e+00	2.822446e-19
5.757576e-01	4.444444e+00	2.426241e-19
5.757576e-01	4.494949e+00	2.051914e-19
5.757576e-01	4.545455e+00	1.701755e-19
5.757576e-01	4.595960e+00	1.378287e-19
5.757576e-01	4.646465e+00	1.083717e-19
5.757576e-01	4.696970e+00	8.200109e-20
5.757576e-01	4.747475e+00	5.892559e-20
5.757576e-01	4.797980e+00	3.931020e-20
5.757576e-01	4.848485e+00	2.334895e-20
5.757576e-01	4.898990e+00	1.123249e-20
5.757576e-01	4.949495e+00	3.244003e-21
5.757576e-01	5.000000e+00	2.126576e-31
5.858586e-01	0.000000e+00	0.000000e+00
5.858586e-01	5.050505e-02	5.227943e-07
5.858586e-01	1.010101e-01	2.985598e-06
5.858586e-01	1.515152e-01	1.121386e-05
5.858586e-01	2.020202e-01	3.657679e-05
5.858586e-01	2.525253e-01	1.099264e-04
5.858586e-01	3.030303e-01	3.087666e-04
5.858586e-01	3.535354e-01	8.121785e-04
5.858586e-01	4.040404e-01	1.996812e-03
5.858586e-01	4.545455e-01	4.572281e-03
5.858586e-01	5.050505e-01	9.705249e-03
5.858586e-01	5.555556e-01	1.898578e-02
5.858586e-01	6.060606e-01	3.398037e-02
5.858586e-01	6.565657e-01	5.512049e-02
5.858586e-01	7.070707e-01	8.001671e-02
5.858586e-01	7.575758e-01	1.021027e-01
5.858586e-01	8.080808e-01	1.114691e-01
5.858586e-01	8.585859e-01	9.973063e-02
5.858586e-01	9.090909e-01	6.841405e-02
5.858586e-01	9.595960e-01	3.580425e-02
5.858586e-01	1.010101e+00	3.399891e-02
5.858586e-01	1.060606e+00	9.179554e-02
5.858586e-01	1.111111e+00	2.115729e-01
5.858586e-01	1.161616e+00	3.604407e-01
5.858586e-01	1.212121e+00	4.916244e-01
5.858586e-01	1.262626e+00	5.861337e-01
5.858586e-01	1.313131e+00	6.777256e-01
5.858586e-01	1.363636e+00	8.288964e-01
5.858586e-01	1.414141e+00	1.068887e+00
5.858586e-01	1.464646e+00	1.347563e+00
5.858586e-01	1.515152e+00	1.552561e+00
5.858586e-01	1.565657e+00	1.580969e+00
5.858586e-01	1.616162e+00	1.406719e+00
5.858586e-01	1.666667e+00	1.091509e+00
5.858586e-01	1.717172e+00	7.394091e-01
5.858586e-01	1.767677e+00	4.380936e-01
5.858586e-01	1.818182e+00	2.273826e-01
5.858586e-01	1.868687e+00	1.034961e-01
5.858586e-01	1.919192e+00	4.133424e-02
5.858586e-01	1.969697e+00	1.448613e-02
5.858586e-01	2.020202e+00	4.453648e-03
5.858586e-01	2.070707e+00	1.200380e-03
5.858586e-01	2.121212e+00	2.833741e-04
5.858586e-01	2.171717e+00	5.852475e-05
5.858586e-01	2.222222e+00	1.056025e-05
5.858586e-01	2.272727e+00	1.662313e-06
5.858586e-01	2.323232e+00	2.278999e-07
5.858586e-01	2.373737e+00	2.716550e-08
5.858586e-01	2.424242e+00	2.810026e-09
5.858586e-01	2.474747e+00	2.518074e-10
5.858586e-01	2.525253e+00	1.949527e-11
5.858586e-01	2.575758e+00	1.304852e-12
5.858586e-01	2.626263e+00	7.450586e-14
5.858586e-01	2.676768e+00	3.807473e-15
5.858586e-01	2.727273e+00	1.356598e-16
5.858586e-01	2.777778e+00	1.083749e-17
5.858586e-01	2.828283e+00	2.926858e-19
5.858586e-01	2.878788e+00	1.064852e-18
5.858586e-01	2.929293e+00	9.456839e-19
5.858586e-01	2.979798e+00	9.964761e-19
5.858586e-01	3.030303e+00	1.016967e-18
5.858586e-01	3.080808e+00	1.035901e-18
5.858586e-01	3.131313e+00	1.049197e-18
5.858586e-01	3.181818e+00	1.057620e-18
5.858586e-01	3.232323e+00	1.060834e-18
5.858586e-01	3.282828e+00	1.059342e-18
5.858586e-01	3.333333e+00	1.052879e-18
5.858586e-01	3.383838e+00	1.041952e-18
5.858586e-01	3.434343e+00	1.026511e-18
5.858586e-01	3.484848e+00	1.006897e-18
5.858586e-01	3.535354e+00	9.833615e-19
5.858586e-01	3.585859e+00	9.560520e-19
5.858586e-01	3.636364e+00	9.254587e-19
5.858586e-01	3.686869e+00	8.916288e-19
5.858586e-01	3.737374e+00	8.551394e-19
5.858586e-01	3.787879e+00	8.160965e-19
5.858586e-01	3.838384e+00	7.749900e-19
5.858586e-01	3.888889e+00	7.320995e-19
5.858586e-01	3.939394e+00	6.877654e-19
5.858586e-01	3.989899e+00	6.424078e-19
5.858586e-01	4.040404e+00	5.962766e-19
5.858586e-01	4.090909e+00	5.498537e-19
5.858586e-01	4.141414e+00	5.033500e-19
5.858586e-01	4.191919e+00	4.572426e-19
5.858586e-01	4.242424e+00	4.117473e-19
5.858586e-01	4.292929e+00	3.672903e-19
5.858586e-01	4.343434e+00	3.241087e-19
5.858586e-01	4.393939e+00	2.825663e-19
5.858586e-01	4.444444e+00	2.429006e-19
5.858586e-01	4.494949e+00	2.054252e-19
5.858586e-01	4.545455e+00	1.703694e-19
5.858586e-01	4.595960e+00	1.379858e-19
5.858586e-01	4.646465e+00	1.084951e-19
5.858586e-01	4.696970e+00	8.209456e-20
5.858586e-01	4.747475e+00	5.899275e-20
5.858586e-01	4.797980e+00	3.935501e-20
5.858586e-01	4.848485e+00	2.337556e-20
5.858586e-01	4.898990e+00	1.124529e-20
5.858586e-01	4.949495e+00	3.247704e-21
5.858586e-01	5.000000e+00	2.150618e-31
5.959596e-01	0.000000e+00	0.000000e+00
5.959596e-01	5.050505e-02	5.230070e-07
5.959596e-01	1.010101e-01	2.986771e-06
5.959596e-01	1.515152e-01	1.121790e-05
5.959596e-01	2.020202e-01	3.658785e-05
5.959596e-01	2.525253e-01	1.099501e-04
5.959596e-01	3.030303e-01	3.087959e-04
5.959596e-01	3.535354e-01	8.121232e-04
5.959596e-01	4.040404e-01	1.996242e-03
5.959596e-01	4.545455e-01	4.569652e-03
5.959596e-01	5.050505e-01	9.695910e-03
5.959596e-01	5.555556e-01	1.895755e-02
5.959596e-01	6.060606e-01	3.390516e-02
5.959596e-01	6.565657e-01	5.494160e-02
5.959596e-01	7.070707e-01	7.963519e-02
5.959596e-01	7.575758e-01	1.013749e-01
5.959596e-01	8.080808e-01	1.102383e-01
5.959596e-01	8.585859e-01	9.792011e-02
5.959596e-01	9.090909e-01	6.619110e-02
5.959596e-01	9.595960e-01	3.377013e-02
5.959596e-01	1.010101e+00	3.328332e-02
5.959596e-01	1.060606e+00	9.388943e-02
5.959596e-01	1.111111e+00	2.178029e-01
5.959596e-01	1.161616e+00	3.712035e-01
5.959596e-01	1.212121e+00	5.057622e-01
5.959596e-01	1.262626e+00	6.009234e-01
5.959596e-01	1.313131e+00	6.897011e-01
5.959596e-01	1.363636e+00	8.352054e-01
5.959596e-01	1.414141e+00	1.068468e+00
5.959596e-01	1.464646e+00	1.341469e+00
5.959596e-01	1.515152e+00	1.543290e+00
5.959596e-01	1.565657e+00	1.571270e+00
5.959596e-01	1.616162e+00	1.398572e+00
5.959596e-01	1.666667e+00	1.085736e+00
5.959596e-01	1.717172e+00	7.358831e-01
5.959596e-01	1.767677e+00	4.362167e-01
5.959596e-01	1.818182e+00	2.265069e-01
5.959596e-01	1.868687e+00	1.031369e-01
5.959596e-01	1.919192e+00	4.120451e-02
5.959596e-01	1.969697e+00	1.444486e-02
5.959596e-01	2.020202e+00	4.442086e-03
5.959596e-01	2.070707e+00	1.197530e-03
5.959596e-01	2.121212e+00	2.827565e-04
5.959596e-01	2.171717e+00	5.840728e-05
5.959596e-01	2.222222e+00	1.054066e-05
5.959596e-01	2.272727e+00	1.659457e-06
5.959596e-01	2.323232e+00	2.275361e-07
5.959596e-01	2.373737e+00	2.712511e-08
5.959596e-01	2.424242e+00	2.806124e-09
5.959596e-01	2.474747e+00	2.514802e-10
5.959596e-01	2.525253e+00	1.947152e-11
5.959596e-01	2.575758e+00	1.303359e-12
5.959596e-01	2.626263e+00	7.442547e-14
5.959596e-01	2.676768e+00	3.803632e-15
5.959596e-01	2.727273e+00	1.355260e-16
5.959596e-01	2.777778e+00	1.083048e-17
5.959596e-01	2.828283e+00	2.941090e-19
5.959596e-01	2.878788e+00	1.065904e-18
5.959596e-01	2.929293e+00	9.468658e-19
5.959596e-01	2.979798e+00	9.976801e-19
5.959596e-01	3.030303e+00	1.018200e-18
5.959596e-01	3.080808e+00	1.037157e-18
5.959596e-01	3.131313e+00	1.050468e-18
5.959596e-01	3.181818e+00	1.058900e-18
5.959596e-01	3.232323e+00	1.062119e-18
5.959596e-01	3.282828e+00	1.060624e-18
5.959596e-01	3.333333e+00	1.054153e-18
5.959596e-01	3.383838e+00	1.043212e-18
5.959596e-01	3.434343e+00	1.027753e-18
5.959596e-01	3.484848e+00	1.008114e-18
5.959596e-01	3.535354e+00	9.845508e-19
5.959596e-01	3.585859e+00	9.572073e-19
5.959596e-01	3.636364e+00	9.265776e-19
5.959596e-01	3.686869e+00	8.927061e-19
5.959596e-01	3.737374e+00	8.561727e-19
5.959596e-01	3.787879e+00	8.170825e-19
5.959596e-01	3.838384e+00	7.759262e-19
5.959596e-01	3.888889e+00	7.329839e-19
5.959596e-01	3.939394e+00	6.885961e-19
5.959596e-01	3.989899e+00	6.431838e-19
5.959596e-01	4.040404e+00	5.969966e-19
5.959596e-01	4.090909e+00	5.505177e-19
5.959596e-01	4.141414e+00	5.039578e-19
5.959596e-01	4.191919e+00	4.577947e-19
5.959596e-01	4.242424e+00	4.122445e-19
5.959596e-01	4.292929e+00	3.677338e-19
5.959596e-01	4.343434e+00	3.245000e-19
5.959596e-01	4.393939e+00	2.829074e-19
5.959596e-01	4.444444e+00	2.431938e-19
5.959596e-01	4.494949e+00	2.056733e-19
5.959596e-01	4.545455e+00	1.705751e-19
5.959596e-01	4.595960e+00	1.381524e-19
5.959596e-01	4.646465e+00	1.086261e-19
5.959596e-01	4.696970e+00	8.219370e-20
5.959596e-01	4.747475e+00	5.906397e-20
5.959596e-01	4.797980e+00	3.940254e-20
5.959596e-01	4.848485e+00	2.340378e-20
5.959596e-01	4.898990e+00	1.125888e-20
5.959596e-01	4.949495e+00	3.251628e-21
5.959596e-01	5.000000e+00	2.174883e-31
6.060606e-01	0.000000e+00	0.000000e+00
6.060606e-01	5.050505e-02	5.232613e-07
6.060606e-01	1.010101e-01	2.988184e-06
6.060606e-01	1.515152e-01	1.122284e-05
6.060606e-01	2.020202e-01	3.660186e-05
6.060606e-01	2.525253e-01	1.099828e-04
6.060606e-01	3.030303e-01	3.088510e-04
6.060606e-01	3.535354e-01	8.121369e-04
6.060606e-01	4.040404e-01	1.995845e-03
6.060606e-01	4.545455e-01	4.567434e-03
6.060606e-01	5.050505e-01	9.687480e-03
6.060606e-01	5.555556e-01	1.893118e-02
6.060606e-01	6.060606e-01	3.383350e-02
6.060606e-01	6.565657e-01	5.476892e-02
6.060606e-01	7.070707e-01	7.926365e-02
6.060606e-01	7.575758e-01	1.006617e-01
6.060606e-01	8.080808e-01	1.090269e-01
6.060606e-01	8.585859e-01	9.613319e-02
6.060606e-01	9.090909e-01	6.399491e-02
6.060606e-01	9.595960e-01	3.176617e-02
6.060606e-01	1.010101e+00	3.260472e-02
6.060606e-01	1.060606e+00	9.603460e-02
6.060606e-01	1.111111e+00	2.241076e-01
6.060606e-01	1.161616e+00	3.820696e-01
6.060606e-01	1.212121e+00	5.200259e-01
6.060606e-01	1.262626e+00	6.158415e-01
6.060606e-01	1.313131e+00	7.017775e-01
6.060606e-01	1.363636e+00	8.415605e-01
6.060606e-01	1.414141e+00	1.068028e+00
6.060606e-01	1.464646e+00	1.335296e+00
6.060606e-01	1.515152e+00	1.533908e+00
6.060606e-01	1.565657e+00	1.561455e+00
6.060606e-01	1.616162e+00	1.390328e+00
6.060606e-01	1.666667e+00	1.079893e+00
6.060606e-01	1.717172e+00	7.323139e-01
6.060606e-01	1.767677e+00	4.343166e-01
6.060606e-01	1.818182e+00	2.256203e-01
6.060606e-01	1.868687e+00	1.027732e-01
6.060606e-01	1.919192e+00	4.107311e-02
6.060606e-01	1.969697e+00	1.440306e-02
6.060606e-01	2.020202e+00	4.430373e-03
6.060606e-01	2.070707e+00	1.194642e-03
6.060606e-01	2.121212e+00	2.821307e-04
6.060606e-01	2.171717e+00	5.828824e-05
6.060606e-01	2.222222e+00	1.052082e-05
6.060606e-01	2.272727e+00	1.656562e-06
6.060606e-01	2.323232e+00	2.271673e-07
6.060606e-01	2.373737e+00	2.708416e-08
6.060606e-01	2.424242e+00	2.802169e-09
6.060606e-01	2.474747e+00	2.511485e-10
6.060606e-01	2.525253e+00	1.944744e-11
6.060606e-01	2.575758e+00	1.301845e-12
6.060606e-01	2.626263e+00	7.434394e-14
6.060606e-01	2.676768e+00	3.799740e-15
6.060606e-01	2.727273e+00	1.353899e-16
6.060606e-01	2.777778e+00	1.082350e-17
6.060606e-01	2.828283e+00	2.955865e-19
6.060606e-01	2.878788e+00	1.067022e-18
6.060606e-01	2.929293e+00	9.481162e-19
6.060606e-01	2.979798e+00	9.989547e-19
6.060606e-01	3.030303e+00	1.019506e-18
6.060606e-01	3.080808e+00	1.038486e-18
6.060606e-01	3.131313e+00	1.051814e-18
6.060606e-01	3.181818e+00	1.060256e-18
6.060606e-01	3.232323e+00	1.063479e-18
6.060606e-01	3.282828e+00	1.061981e-18
6.060606e-01	3.333333e+00	1.055502e-18
6.060606e-01	3.383838e+00	1.044547e-18
6.060606e-01	3.434343e+00	1.029068e-18
6.060606e-01	3.484848e+00	1.009403e-18
6.060606e-01	3.535354e+00	9.858102e-19
6.060606e-01	3.585859e+00	9.584306e-19
6.060606e-01	3.636364e+00	9.277624e-19
6.060606e-01	3.686869e+00	8.938470e-19
6.060606e-01	3.737374e+00	8.572670e-19
6.060606e-01	3.787879e+00	8.181266e-19
6.060606e-01	3.838384e+00	7.769177e-19
6.060606e-01	3.888889e+00	7.339204e-19
6.060606e-01	3.939394e+00	6.894757e-19
6.060606e-01	3.989899e+00	6.440054e-19
6.060606e-01	4.040404e+00	5.977591e-19
6.060606e-01	4.090909e+00	5.512209e-19
6.060606e-01	4.141414e+00	5.046014e-19
6.060606e-01	4.191919e+00	4.583793e-19
6.060606e-01	4.242424e+00	4.127709e-19
6.060606e-01	4.292929e+00	3.682034e-19
6.060606e-01	4.343434e+00	3.249144e-19
6.060606e-01	4.393939e+00	2.832687e-19
6.060606e-01	4.444444e+00	2.435044e-19
6.060606e-01	4.494949e+00	2.059359e-19
6.060606e-01	4.545455e+00	1.707929e-19
6.060606e-01	4.595960e+00	1.383288e-19
6.060606e-01	4.646465e+00	1.087648e-19
6.060606e-01	4.696970e+00	8.229869e-20
6.060606e-01	4.747475e+00	5.913940e-20
6.060606e-01	4.797980e+00	3.945287e-20
6.060606e-01	4.848485e+00	2.343367e-20
6.060606e-01	4.898990e+00	1.127326e-20
6.060606e-01	4.949495e+00	3.255784e-21
6.060606e-01	5.000000e+00	2.199360e-31
6.161616e-01	0.000000e+00	0.000000e+00
6.161616e-01	5.050505e-02	5.235591e-07
6.161616e-01	1.010101e-01	2.989845e-06
6.161616e-01	1.515152e-01	1.122871e-05
6.161616e-01	2.020202e-01	3.661897e-05
6.161616e-01	2.525253e-01	1.100250e-04
6.161616e-01	3.030303e-01	3.089329e-04
6.161616e-01	3.535354e-01	8.122227e-04
6.161616e-01	4.040404e-01	1.995631e-03
6.161616e-01	4.545455e-01	4.565649e-03
6.161616e-01	5.050505e-01	9.680008e-03
6.161616e-01	5.555556e-01	1.890678e-02
6.161616e-01	6.060606e-01	3.376561e-02
6.161616e-01	6.565657e-01	5.460289e-02
6.161616e-01	7.070707e-01	7.890284e-02
6.161616e-01	7.575758e-01	9.996438e-02
6.161616e-01	8.080808e-01	1.078368e-01
6.161616e-01	8.585859e-01	9.437232e-02
6.161616e-01	9.090909e-01	6.182841e-02
6.161616e-01	9.595960e-01	2.979530e-02
6.161616e-01	1.010101e+00	3.196532e-02
6.161616e-01	1.060606e+00	9.823173e-02
6.161616e-01	1.111111e+00	2.304857e-01
6.161616e-01	1.161616e+00	3.930354e-01
6.161616e-01	1.212121e+00	5.344103e-01
6.161616e-01	1.262626e+00	6.308822e-01
6.161616e-01	1.313131e+00	7.139499e-01
6.161616e-01	1.363636e+00	8.479589e-01
6.161616e-01	1.414141e+00	1.067566e+00
6.161616e-01	1.464646e+00	1.329045e+00
6.161616e-01	1.515152e+00	1.524415e+00
6.161616e-01	1.565657e+00	1.551526e+00
6.161616e-01	1.616162e+00	1.381987e+00
6.161616e-01	1.666667e+00	1.073982e+00
6.161616e-01	1.717172e+00	7.287022e-01
6.161616e-01	1.767677e+00	4.323936e-01
6.161616e-01	1.818182e+00	2.247228e-01
6.161616e-01	1.868687e+00	1.024050e-01
6.161616e-01	1.919192e+00	4.094009e-02
6.161616e-01	1.969697e+00	1.436073e-02
6.161616e-01	2.020202e+00	4.418511e-03
6.161616e-01	2.070707e+00	1.191717e-03
6.161616e-01	2.121212e+00	2.814968e-04
6.161616e-01	2.171717e+00	5.816765e-05
6.161616e-01	2.222222e+00	1.050071e-05
6.161616e-01	2.272727e+00	1.653629e-06
6.161616e-01	2.323232e+00	2.267937e-07
6.161616e-01	2.373737e+00	2.704267e-08
6.161616e-01	2.424242e+00	2.798161e-09
6.161616e-01	2.474747e+00	2.508124e-10
6.161616e-01	2.525253e+00	1.942303e-11
6.161616e-01	2.575758e+00	1.300310e-12
6.161616e-01	2.626263e+00	7.426129e-14
6.161616e-01	2.676768e+00	3.795796e-15
6.161616e-01	2.727273e+00	1.352516e-16
6.161616e-01	2.777778e+00	1.081655e-17
6.161616e-01	2.828283e+00	2.971196e-19
6.161616e-01	2.878788e+00	1.068210e-18
6.161616e-01	2.929293e+00	9.494372e-19
6.161616e-01	2.979798e+00	1.000302e-18
6.161616e-01	3.030303e+00	1.020887e-18
6.161616e-01	3.080808e+00	1.039891e-18
6.161616e-01	3.131313e+00	1.053236e-18
6.161616e-01	3.181818e+00	1.061690e-18
6.161616e-01	3.232323e+00	1.064917e-18
6.161616e-01	3.282828e+00	1.063416e-18
6.161616e-01	3.333333e+00	1.056929e-18
6.161616e-01	3.383838e+00	1.045957e-18
6.161616e-01	3.434343e+00	1.030459e-18
6.161616e-01	3.484848e+00	1.010766e-18
6.161616e-01	3.535354e+00	9.871418e-19
6.161616e-01	3.585859e+00	9.597242e-19
6.161616e-01	3.636364e+00	9.290152e-19
6.161616e-01	3.686869e+00	8.950533e-19
6.161616e-01	3.737374e+00	8.584241e-19
6.161616e-01	3.787879e+00	8.192307e-19
6.161616e-01	3.838384e+00	7.779660e-19
6.161616e-01	3.888889e+00	7.349108e-19
6.161616e-01	3.939394e+00	6.904059e-19
6.161616e-01	3.989899e+00	6.448743e-19
6.161616e-01	4.040404e+00	5.985654e-19
6.161616e-01	4.090909e+00	5.519645e-19
6.161616e-01	4.141414e+00	5.052820e-19
6.161616e-01	4.191919e+00	4.589976e-19
6.161616e-01	4.242424e+00	4.133277e-19
6.161616e-01	4.292929e+00	3.687000e-19
6.161616e-01	4.343434e+00	3.253526e-19
6.161616e-01	4.393939e+00	2.836507e-19
6.161616e-01	4.444444e+00	2.438327e-19
6.161616e-01	4.494949e+00	2.062137e-19
6.161616e-01	4.545455e+00	1.710232e-19
6.161616e-01	4.595960e+00	1.385154e-19
6.161616e-01	4.646465e+00	1.089114e-19
6.161616e-01	4.696970e+00	8.240971e-20
6.161616e-01	4.747475e+00	5.921916e-20
6.161616e-01	4.797980e+00	3.950610e-20
6.161616e-01	4.848485e+00	2.346528e-20
6.161616e-01	4.898990e+00	1.128847e-20
6.161616e-01	4.949495e+00	3.260178e-21
6.161616e-01	5.000000e+00	2.224040e-31
6.262626e-01	0.000000e+00	0.000000e+00
6.262626e-01	5.050505e-02	5.239021e-07
6.262626e-01	1.010101e-01	2.991764e-06
6.262626e-01	1.515152e-01	1.123556e-05
6.262626e-01	2.020202e-01	3.663929e-05
6.262626e-01	2.525253e-01	1.100769e-04
6.262626e-01	3.030303e-01	3.090428e-04
6.262626e-01	3.535354e-01	8.123839e-04
6.262626e-01	4.040404e-01	1.995608e-03
6.262626e-01	4.545455e-01	4.564317e-03
6.262626e-01	5.050505e-01	9.673541e-03
6.262626e-01	5.555556e-01	1.888447e-02
6.262626e-01	6.060606e-01	3.370171e-02
6.262626e-01	6.565657e-01	5.444392e-02
6.262626e-01	7.070707e-01	7.855352e-02
6.262626e-01	7.575758e-01	9.928409e-02
6.262626e-01	8.080808e-01	1.066698e-01
6.262626e-01	8.585859e-01	9.264000e-02
6.262626e-01	9.090909e-01	5.969454e-02
6.262626e-01	9.595960e-01	2.786048e-02
6.262626e-01	1.010101e+00	3.136737e-02
6.262626e-01	1.060606e+00	1.004815e-01
6.262626e-01	1.111111e+00	2.369356e-01
6.262626e-01	1.161616e+00	4.040972e-01
6.262626e-01	1.212121e+00	5.489100e-01
6.262626e-01	1.262626e+00	6.460396e-01
6.262626e-01	1.313131e+00	7.262136e-01
6.262626e-01	1.363636e+00	8.543977e-01
6.262626e-01	1.414141e+00	1.067083e+00
6.262626e-01	1.464646e+00	1.322718e+00
6.262626e-01	1.515152e+00	1.514815e+00
6.262626e-01	1.565657e+00	1.541486e+00
6.262626e-01	1.616162e+00	1.373552e+00
6.262626e-01	1.666667e+00	1.068003e+00
6.262626e-01	1.717172e+00	7.250488e-01
6.262626e-01	1.767677e+00	4.304481e-01
6.262626e-01	1.818182e+00	2.238148e-01
6.262626e-01	1.868687e+00	1.020323e-01
6.262626e-01	1.919192e+00	4.080544e-02
6.262626e-01	1.969697e+00	1.431788e-02
6.262626e-01	2.020202e+00	4.406502e-03
6.262626e-01	2.070707e+00	1.188756e-03
6.262626e-01	2.121212e+00	2.808550e-04
6.262626e-01	2.171717e+00	5.804553e-05
6.262626e-01	2.222222e+00	1.048035e-05
6.262626e-01	2.272727e+00	1.650658e-06
6.262626e-01	2.323232e+00	2.264152e-07
6.262626e-01	2.373737e+00	2.700063e-08
6.262626e-01	2.424242e+00	2.794100e-09
6.262626e-01	2.474747e+00	2.504718e-10
6.262626e-01	2.525253e+00	1.939829e-11
6.262626e-01	2.575758e+00	1.298755e-12
6.262626e-01	2.626263e+00	7.417753e-14
6.262626e-01	2.676768e+00	3.791801e-15
6.262626e-01	2.727273e+00	1.351111e-16
6.262626e-01	2.777778e+00	1.080963e-17
6.262626e-01	2.828283e+00	2.987097e-19
6.262626e-01	2.878788e+00	1.069471e-18
6.262626e-01	2.929293e+00	9.508310e-19
6.262626e-01	2.979798e+00	1.001725e-18
6.262626e-01	3.030303e+00	1.022344e-18
6.262626e-01	3.080808e+00	1.041374e-18
6.262626e-01	3.131313e+00	1.054738e-18
6.262626e-01	3.181818e+00	1.063203e-18
6.262626e-01	3.232323e+00	1.066435e-18
6.262626e-01	3.282828e+00	1.064932e-18
6.262626e-01	3.333333e+00	1.058435e-18
6.262626e-01	3.383838e+00	1.047447e-18
6.262626e-01	3.434343e+00	1.031927e-18
6.262626e-01	3.484848e+00	1.012205e-18
6.262626e-01	3.535354e+00	9.885479e-19
6.262626e-01	3.585859e+00	9.610902e-19
6.262626e-01	3.636364e+00	9.303381e-19
6.262626e-01	3.686869e+00	8.963272e-19
6.262626e-01	3.737374e+00	8.596460e-19
6.262626e-01	3.787879e+00	8.203966e-19
6.262626e-01	3.838384e+00	7.790731e-19
6.262626e-01	3.888889e+00	7.359566e-19
6.262626e-01	3.939394e+00	6.913881e-19
6.262626e-01	3.989899e+00	6.457919e-19
6.262626e-01	4.040404e+00	5.994169e-19
6.262626e-01	4.090909e+00	5.527497e-19
6.262626e-01	4.141414e+00	5.060008e-19
6.262626e-01	4.191919e+00	4.596505e-19
6.262626e-01	4.242424e+00	4.139156e-19
6.262626e-01	4.292929e+00	3.692244e-19
6.262626e-01	4.343434e+00	3.258154e-19
6.262626e-01	4.393939e+00	2.840542e-19
6.262626e-01	4.444444e+00	2.441795e-19
6.262626e-01	4.494949e+00	2.065071e-19
6.262626e-01	4.545455e+00	1.712664e-19
6.262626e-01	4.595960e+00	1.387124e-19
6.262626e-01	4.646465e+00	1.090663e-19
6.262626e-01	4.696970e+00	8.252695e-20
6.262626e-01	4.747475e+00	5.930339e-20
6.262626e-01	4.797980e+00	3.956231e-20
6.262626e-01	4.848485e+00	2.349866e-20
6.262626e-01	4.898990e+00	1.130454e-20
6.262626e-01	4.949495e+00	3.264819e-21
6.262626e-01	5.000000e+00	2.248914e-31
6.363636e-01	0.000000e+00	0.000000e+00
6.363636e-01	5.050505e-02	5.242919e-07
6.363636e-01	1.010101e-01	2.993952e-06
6.363636e-01	1.515152e-01	1.124343e-05
6.363636e-01	2.020202e-01	3.666295e-05
6.363636e-01	2.525253e-01	1.101390e-04
6.363636e-01	3.030303e-01	3.091818e-04
6.363636e-01	3.535354e-01	8.126236e-04
6.363636e-01	4.040404e-01	1.995784e-03
6.363636e-01	4.545455e-01	4.563458e-03
6.363636e-01	5.050505e-01	9.668128e-03
6.363636e-01	5.555556e-01	1.886434e-02
6.363636e-01	6.060606e-01	3.364202e-02
6.363636e-01	6.565657e-01	5.429244e-02
6.363636e-01	7.070707e-01	7.821643e-02
6.363636e-01	7.575758e-01	9.862211e-02
6.363636e-01	8.080808e-01	1.055277e-01
6.363636e-01	8.585859e-01	9.093871e-02
6.363636e-01	9.090909e-01	5.759628e-02
6.363636e-01	9.595960e-01	2.596468e-02
6.363636e-01	1.010101e+00	3.081309e-02
6.363636e-01	1.060606e+00	1.027845e-01
6.363636e-01	1.111111e+00	2.434557e-01
6.363636e-01	1.161616e+00	4.152510e-01
6.363636e-01	1.212121e+00	5.635196e-01
6.363636e-01	1.262626e+00	6.613081e-01
6.363636e-01	1.313131e+00	7.385637e-01
6.363636e-01	1.363636e+00	8.608741e-01
6.363636e-01	1.414141e+00	1.066577e+00
6.363636e-01	1.464646e+00	1.316315e+00
6.363636e-01	1.515152e+00	1.505110e+00
6.363636e-01	1.565657e+00	1.531337e+00
6.363636e-01	1.616162e+00	1.365025e+00
6.363636e-01	1.666667e+00	1.061958e+00
6.363636e-01	1.717172e+00	7.213546e-01
6.363636e-01	1.767677e+00	4.284806e-01
6.363636e-01	1.818182e+00	2.228963e-01
6.363636e-01	1.868687e+00	1.016553e-01
6.363636e-01	1.919192e+00	4.066922e-02
6.363636e-01	1.969697e+00	1.427452e-02
6.363636e-01	2.020202e+00	4.394349e-03
6.363636e-01	2.070707e+00	1.185759e-03
6.363636e-01	2.121212e+00	2.802053e-04
6.363636e-01	2.171717e+00	5.792191e-05
6.363636e-01	2.222222e+00	1.045973e-05
6.363636e-01	2.272727e+00	1.647650e-06
6.363636e-01	2.323232e+00	2.260319e-07
6.363636e-01	2.373737e+00	2.695806e-08
6.363636e-01	2.424242e+00	2.789988e-09
6.363636e-01	2.474747e+00	2.501269e-10
6.363636e-01	2.525253e+00	1.937324e-11
6.363636e-01	2.575758e+00	1.297180e-12
6.363636e-01	2.626263e+00	7.409267e-14
6.363636e-01	2.676768e+00	3.787756e-15
6.363636e-01	2.727273e+00	1.349684e-16
6.363636e-01	2.777778e+00	1.080276e-17
6.363636e-01	2.828283e+00	3.003581e-19
6.363636e-01	2.878788e+00	1.070805e-18
6.363636e-01	2.929293e+00	9.522997e-19
6.363636e-01	2.979798e+00	1.003226e-18
6.363636e-01	3.030303e+00	1.023881e-18
6.363636e-01	3.080808e+00	1.042938e-18
6.363636e-01	3.131313e+00	1.056322e-18
6.363636e-01	3.181818e+00	1.064799e-18
6.363636e-01	3.232323e+00	1.068036e-18
6.363636e-01	3.282828e+00	1.066529e-18
6.363636e-01	3.333333e+00	1.060024e-18
6.363636e-01	3.383838e+00	1.049018e-18
6.363636e-01	3.434343e+00	1.033475e-18
6.363636e-01	3.484848e+00	1.013722e-18
6.363636e-01	3.535354e+00	9.900307e-19
6.363636e-01	3.585859e+00	9.625308e-19
6.363636e-01	3.636364e+00	9.317332e-19
6.363636e-01	3.686869e+00	8.976706e-19
6.363636e-01	3.737374e+00	8.609346e-19
6.363636e-01	3.787879e+00	8.216262e-19
6.363636e-01	3.838384e+00	7.802406e-19
6.363636e-01	3.888889e+00	7.370595e-19
6.363636e-01	3.939394e+00	6.924241e-19
6.363636e-01	3.989899e+00	6.467596e-19
6.363636e-01	4.040404e+00	6.003149e-19
6.363636e-01	4.090909e+00	5.535779e-19
6.363636e-01	4.141414e+00	5.067588e-19
6.363636e-01	4.191919e+00	4.603391e-19
6.363636e-01	4.242424e+00	4.145356e-19
6.363636e-01	4.292929e+00	3.697776e-19
6.363636e-01	4.343434e+00	3.263035e-19
6.363636e-01	4.393939e+00	2.844797e-19
6.363636e-01	4.444444e+00	2.445453e-19
6.363636e-01	4.494949e+00	2.068164e-19
6.363636e-01	4.545455e+00	1.715229e-19
6.363636e-01	4.595960e+00	1.389202e-19
6.363636e-01	4.646465e+00	1.092297e-19
6.363636e-01	4.696970e+00	8.265060e-20
6.363636e-01	4.747475e+00	5.939223e-20
6.363636e-01	4.797980e+00	3.962159e-20
6.363636e-01	4.848485e+00	2.353386e-20
6.363636e-01	4.898990e+00	1.132148e-20
6.363636e-01	4.949495e+00	3.269712e-21
6.363636e-01	5.000000e+00	2.273972e-31
6.464646e-01	0.000000e+00	0.000000e+00
6.464646e-01	5.050505e-02	5.247303e-07
6.464646e-01	1.010101e-01	2.996418e-06
6.464646e-01	1.515152e-01	1.125234e-05
6.464646e-01	2.020202e-01	3.669007e-05
6.464646e-01	2.525253e-01	1.102116e-04
6.464646e-01	3.030303e-01	3.093512e-04
6.464646e-01	3.535354e-01	8.129451e-04
6.464646e-01	4.040404e-01	1.996167e-03
6.464646e-01	4.545455e-01	4.563094e-03
6.464646e-01	5.050505e-01	9.663818e-03
6.464646e-01	5.555556e-01	1.884650e-02
6.464646e-01	6.060606e-01	3.358676e-02
6.464646e-01	6.565657e-01	5.414886e-02
6.464646e-01	7.070707e-01	7.789234e-02
6.464646e-01	7.575758e-01	9.797968e-02
6.464646e-01	8.080808e-01	1.044125e-01
6.464646e-01	8.585859e-01	8.927097e-02
6.464646e-01	9.090909e-01	5.553661e-02
6.464646e-01	9.595960e-01	2.411089e-02
6.464646e-01	1.010101e+00	3.030476e-02
6.464646e-01	1.060606e+00	1.051416e-01
6.464646e-01	1.111111e+00	2.500447e-01
6.464646e-01	1.161616e+00	4.264932e-01
6.464646e-01	1.212121e+00	5.782336e-01
6.464646e-01	1.262626e+00	6.766816e-01
6.464646e-01	1.313131e+00	7.509954e-01
6.464646e-01	1.363636e+00	8.673850e-01
6.464646e-01	1.414141e+00	1.066048e+00
6.464646e-01	1.464646e+00	1.309839e+00
6.464646e-01	1.515152e+00	1.495300e+00
6.464646e-01	1.565657e+00	1.521081e+00
6.464646e-01	1.616162e+00	1.356409e+00
6.464646e-01	1.666667e+00	1.055849e+00
6.464646e-01	1.717172e+00	7.176203e-01
6.464646e-01	1.767677e+00	4.264914e-01
6.464646e-01	1.818182e+00	2.219675e-01
6.464646e-01	1.868687e+00	1.012741e-01
6.464646e-01	1.919192e+00	4.053144e-02
6.464646e-01	1.969697e+00	1.423066e-02
6.464646e-01	2.020202e+00	4.382055e-03
6.464646e-01	2.070707e+00	1.182726e-03
6.464646e-01	2.121212e+00	2.795478e-04
6.464646e-01	2.171717e+00	5.779680e-05
6.464646e-01	2.222222e+00	1.043887e-05
6.464646e-01	2.272727e+00	1.644606e-06
6.464646e-01	2.323232e+00	2.256439e-07
6.464646e-01	2.373737e+00	2.691497e-08
6.464646e-01	2.424242e+00	2.785824e-09
6.464646e-01	2.474747e+00	2.497776e-10
6.464646e-01	2.525253e+00	1.934787e-11
6.464646e-01	2.575758e+00	1.295585e-12
6.464646e-01	2.626263e+00	7.400672e-14
6.464646e-01	2.676768e+00	3.783662e-15
6.464646e-01	2.727273e+00	1.348235e-16
6.464646e-01	2.777778e+00	1.079594e-17
6.464646e-01	2.828283e+00	3.020663e-19
6.464646e-01	2.878788e+00	1.072216e-18
6.464646e-01	2.929293e+00	9.538455e-19
6.464646e-01	2.979798e+00	1.004806e-18
6.464646e-01	3.030303e+00	1.025499e-18
6.464646e-01	3.080808e+00	1.044586e-18
6.464646e-01	3.131313e+00	1.057991e-18
6.464646e-01	3.181818e+00	1.066480e-18
6.464646e-01	3.232323e+00	1.069722e-18
6.464646e-01	3.282828e+00	1.068212e-18
6.464646e-01	3.333333e+00	1.061697e-18
6.464646e-01	3.383838e+00	1.050672e-18
6.464646e-01	3.434343e+00	1.035106e-18
6.464646e-01	3.484848e+00	1.015321e-18
6.464646e-01	3.535354e+00	9.915925e-19
6.464646e-01	3.585859e+00	9.640482e-19
6.464646e-01	3.636364e+00	9.332026e-19
6.464646e-01	3.686869e+00	8.990857e-19
6.464646e-01	3.737374e+00	8.622919e-19
6.464646e-01	3.787879e+00	8.229213e-19
6.464646e-01	3.838384e+00	7.814704e-19
6.464646e-01	3.888889e+00	7.382213e-19
6.464646e-01	3.939394e+00	6.935153e-19
6.464646e-01	3.989899e+00	6.477789e-19
6.464646e-01	4.040404e+00	6.012609e-19
6.464646e-01	4.090909e+00	5.544502e-19
6.464646e-01	4.141414e+00	5.075573e-19
6.464646e-01	4.191919e+00	4.610644e-19
6.464646e-01	4.242424e+00	4.151888e-19
6.464646e-01	4.292929e+00	3.703602e-19
6.464646e-01	4.343434e+00	3.268176e-19
6.464646e-01	4.393939e+00	2.849279e-19
6.464646e-01	4.444444e+00	2.449306e-19
6.464646e-01	4.494949e+00	2.071423e-19
6.464646e-01	4.545455e+00	1.717931e-19
6.464646e-01	4.595960e+00	1.391391e-19
6.464646e-01	4.646465e+00	1.094017e-19
6.464646e-01	4.696970e+00	8.278085e-20
6.464646e-01	4.747475e+00	5.948580e-20
6.464646e-01	4.797980e+00	3.968403e-20
6.464646e-01	4.848485e+00	2.357094e-20
6.464646e-01	4.898990e+00	1.133932e-20
6.464646e-01	4.949495e+00	3.274867e-21
6.464646e-01	5.000000e+00	2.299205e-31
6.565657e-01	0.000000e+00	0.000000e+00
6.565657e-01	5.050505e-02	5.252191e-07
6.565657e-01	1.010101e-01	2.999172e-06
6.565657e-01	1.515152e-01	1.126235e-05
6.565657e-01	2.020202e-01	3.672078e-05
6.565657e-01	2.525253e-01	1.102953e-04
6.565657e-01	3.030303e-01	3.095519e-04
6.565657e-01	3.535354e-01	8.133514e-04
6.565657e-01	4.040404e-01	1.996767e-03
6.565657e-01	4.545455e-01	4.563245e-03
6.565657e-01	5.050505e-01	9.660661e-03
6.565657e-01	5.555556e-01	1.883107e-02
6.565657e-01	6.060606e-01	3.353615e-02
6.565657e-01	6.565657e-01	5.401362e-02
6.565657e-01	7.070707e-01	7.758201e-02
6.565657e-01	7.575758e-01	9.735805e-02
6.565657e-01	8.080808e-01	1.033260e-01
6.565657e-01	8.585859e-01	8.763930e-02
6.565657e-01	9.090909e-01	5.351852e-02
6.565657e-01	9.595960e-01	2.230211e-02
6.565657e-01	1.010101e+00	2.984462e-02
6.565657e-01	1.060606e+00	1.075534e-01
6.565657e-01	1.111111e+00	2.567008e-01
6.565657e-01	1.161616e+00	4.378199e-01
6.565657e-01	1.212121e+00	5.930465e-01
6.565657e-01	1.262626e+00	6.921544e-01
6.565657e-01	1.313131e+00	7.635037e-01
6.565657e-01	1.363636e+00	8.739277e-01
6.565657e-01	1.414141e+00	1.065494e+00
6.565657e-01	1.464646e+00	1.303289e+00
6.565657e-01	1.515152e+00	1.485390e+00
6.565657e-01	1.565657e+00	1.510721e+00
6.565657e-01	1.616162e+00	1.347703e+00
6.565657e-01	1.666667e+00	1.049676e+00
6.565657e-01	1.717172e+00	7.138468e-01
6.565657e-01	1.767677e+00	4.244811e-01
6.565657e-01	1.818182e+00	2.210287e-01
6.565657e-01	1.868687e+00	1.008887e-01
6.565657e-01	1.919192e+00	4.039213e-02
6.565657e-01	1.969697e+00	1.418630e-02
6.565657e-01	2.020202e+00	4.369620e-03
6.565657e-01	2.070707e+00	1.179659e-03
6.565657e-01	2.121212e+00	2.788827e-04
6.565657e-01	2.171717e+00	5.767022e-05
6.565657e-01	2.222222e+00	1.041775e-05
6.565657e-01	2.272727e+00	1.641525e-06
6.565657e-01	2.323232e+00	2.252513e-07
6.565657e-01	2.373737e+00	2.687136e-08
6.565657e-01	2.424242e+00	2.781610e-09
6.565657e-01	2.474747e+00	2.494241e-10
6.565657e-01	2.525253e+00	1.932220e-11
6.565657e-01	2.575758e+00	1.293971e-12
6.565657e-01	2.626263e+00	7.391971e-14
6.565657e-01	2.676768e+00	3.779519e-15
6.565657e-01	2.727273e+00	1.346763e-16
6.565657e-01	2.777778e+00	1.078917e-17
6.565657e-01	2.828283e+00	3.038355e-19
6.565657e-01	2.878788e+00	1.073705e-18
6.565657e-01	2.929293e+00	9.554706e-19
6.565657e-01	2.979798e+00	1.006468e-18
6.565657e-01	3.030303e+00	1.027201e-18
6.565657e-01	3.080808e+00	1.046318e-18
6.565657e-01	3.131313e+00	1.059745e-18
6.565657e-01	3.181818e+00	1.068248e-18
6.565657e-01	3.232323e+00	1.071496e-18
6.565657e-01	3.282828e+00	1.069982e-18
6.565657e-01	3.333333e+00	1.063457e-18
6.565657e-01	3.383838e+00	1.052413e-18
6.565657e-01	3.434343e+00	1.036822e-18
6.565657e-01	3.484848e+00	1.017002e-18
6.565657e-01	3.535354e+00	9.932355e-19
6.565657e-01	3.585859e+00	9.656445e-19
6.565657e-01	3.636364e+00	9.347485e-19
6.565657e-01	3.686869e+00	9.005744e-19
6.565657e-01	3.737374e+00	8.637198e-19
6.565657e-01	3.787879e+00	8.242839e-19
6.565657e-01	3.838384e+00	7.827643e-19
6.565657e-01	3.888889e+00	7.394436e-19
6.565657e-01	3.939394e+00	6.946633e-19
6.565657e-01	3.989899e+00	6.488513e-19
6.565657e-01	4.040404e+00	6.022561e-19
6.565657e-01	4.090909e+00	5.553680e-19
6.565657e-01	4.141414e+00	5.083974e-19
6.565657e-01	4.191919e+00	4.618275e-19
6.565657e-01	4.242424e+00	4.158760e-19
6.565657e-01	4.292929e+00	3.709731e-19
6.565657e-01	4.343434e+00	3.273585e-19
6.565657e-01	4.393939e+00	2.853994e-19
6.565657e-01	4.444444e+00	2.453359e-19
6.565657e-01	4.494949e+00	2.074852e-19
6.565657e-01	4.545455e+00	1.720774e-19
6.565657e-01	4.595960e+00	1.393694e-19
6.565657e-01	4.646465e+00	1.095828e-19
6.565657e-01	4.696970e+00	8.291788e-20
6.565657e-01	4.747475e+00	5.958426e-20
6.565657e-01	4.797980e+00	3.974972e-20
6.565657e-01	4.848485e+00	2.360995e-20
6.565657e-01	4.898990e+00	1.135809e-20
6.565657e-01	4.949495e+00	3.280289e-21
6.565657e-01	5.000000e+00	2.324604e-31
6.666667e-01	0.000000e+00	0.000000e+00
6.666667e-01	5.050505e-02	5.257600e-07
6.666667e-01	1.010101e-01	3.002225e-06
6.666667e-01	1.515152e-01	1.127348e-05
6.666667e-01	2.020202e-01	3.675521e-05
6.666667e-01	2.525253e-01	1.103902e-04
6.666667e-01	3.030303e-01	3.097852e-04
6.666667e-01	3.535354e-01	8.138459e-04
6.666667e-01	4.040404e-01	1.997590e-03
6.666667e-01	4.545455e-01	4.563933e-03
6.666667e-01	5.050505e-01	9.658705e-03
6.666667e-01	5.555556e-01	1.881814e-02
6.666667e-01	6.060606e-01	3.349042e-02
6.666667e-01	6.565657e-01	5.388716e-02
6.666667e-01	7.070707e-01	7.728620e-02
6.666667e-01	7.575758e-01	9.675847e-02
6.666667e-01	8.080808e-01	1.022700e-01
6.666667e-01	8.585859e-01	8.604624e-02
6.666667e-01	9.090909e-01	5.154502e-02
6.666667e-01	9.595960e-01	2.054136e-02
6.666667e-01	1.010101e+00	2.943497e-02
6.666667e-01	1.060606e+00	1.100205e-01
6.666667e-01	1.111111e+00	2.634227e-01
6.666667e-01	1.161616e+00	4.492272e-01
6.666667e-01	1.212121e+00	6.079529e-01
6.666667e-01	1.262626e+00	7.077205e-01
6.666667e-01	1.313131e+00	7.760837e-01
6.666667e-01	1.363636e+00	8.804992e-01
6.666667e-01	1.414141e+00	1.064917e+00
6.666667e-01	1.464646e+00	1.296668e+00
6.666667e-01	1.515152e+00	1.475381e+00
6.666667e-01	1.565657e+00	1.500259e+00
6.666667e-01	1.616162e+00	1.338912e+00
6.666667e-01	1.666667e+00	1.043442e+00
6.666667e-01	1.717172e+00	7.100350e-01
6.666667e-01	1.767677e+00	4.224500e-01
6.666667e-01	1.818182e+00	2.200801e-01
6.666667e-01	1.868687e+00	1.004992e-01
6.666667e-01	1.919192e+00	4.025131e-02
6.666667e-01	1.969697e+00	1.414146e-02
6.666667e-01	2.020202e+00	4.357048e-03
6.666667e-01	2.070707e+00	1.176557e-03
6.666667e-01	2.121212e+00	2.782101e-04
6.666667e-01	2.171717e+00	5.754220e-05
6.666667e-01	2.222222e+00	1.039640e-05
6.666667e-01	2.272727e+00	1.638408e-06
6.666667e-01	2.323232e+00	2.248541e-07
6.666667e-01	2.373737e+00	2.682723e-08
6.666667e-01	2.424242e+00	2.777346e-09
6.666667e-01	2.474747e+00	2.490664e-10
6.666667e-01	2.525253e+00	1.929621e-11
6.666667e-01	2.575758e+00	1.292337e-12
6.666667e-01	2.626263e+00	7.383163e-14
6.666667e-01	2.676768e+00	3.775328e-15
6.666667e-01	2.727273e+00	1.345269e-16
6.666667e-01	2.777778e+00	1.078247e-17
6.666667e-01	2.828283e+00	3.056670e-19
6.666667e-01	2.878788e+00	1.075275e-18
6.666667e-01	2.929293e+00	9.571772e-19
6.666667e-01	2.979798e+00	1.008214e-18
6.666667e-01	3.030303e+00	1.028990e-18
6.666667e-01	3.080808e+00	1.048139e-18
6.666667e-01	3.131313e+00	1.061589e-18
6.666667e-01	3.181818e+00	1.070106e-18
6.666667e-01	3.232323e+00	1.073359e-18
6.666667e-01	3.282828e+00	1.071843e-18
6.666667e-01	3.333333e+00	1.065306e-18
6.666667e-01	3.383838e+00	1.054242e-18
6.666667e-01	3.434343e+00	1.038624e-18
6.666667e-01	3.484848e+00	1.018769e-18
6.666667e-01	3.535354e+00	9.949620e-19
6.666667e-01	3.585859e+00	9.673221e-19
6.666667e-01	3.636364e+00	9.363729e-19
6.666667e-01	3.686869e+00	9.021389e-19
6.666667e-01	3.737374e+00	8.652204e-19
6.666667e-01	3.787879e+00	8.257158e-19
6.666667e-01	3.838384e+00	7.841239e-19
6.666667e-01	3.888889e+00	7.407280e-19
6.666667e-01	3.939394e+00	6.958697e-19
6.666667e-01	3.989899e+00	6.499783e-19
6.666667e-01	4.040404e+00	6.033020e-19
6.666667e-01	4.090909e+00	5.563325e-19
6.666667e-01	4.141414e+00	5.092803e-19
6.666667e-01	4.191919e+00	4.626295e-19
6.666667e-01	4.242424e+00	4.165981e-19
6.666667e-01	4.292929e+00	3.716173e-19
6.666667e-01	4.343434e+00	3.279270e-19
6.666667e-01	4.393939e+00	2.858950e-19
6.666667e-01	4.444444e+00	2.457619e-19
6.666667e-01	4.494949e+00	2.078455e-19
6.666667e-01	4.545455e+00	1.723762e-19
6.666667e-01	4.595960e+00	1.396114e-19
6.666667e-01	4.646465e+00	1.097730e-19
6.666667e-01	4.696970e+00	8.306189e-20
6.666667e-01	4.747475e+00	5.968772e-20
6.666667e-01	4.797980e+00	3.981876e-20
6.666667e-01	4.848485e+00	2.365094e-20
6.666667e-01	4.898990e+00	1.137782e-20
6.666667e-01	4.949495e+00	3.285988e-21
6.666667e-01	5.000000e+00	2.350158e-31
6.767677e-01	0.000000e+00	0.000000e+00
6.767677e-01	5.050505e-02	5.263548e-07
6.767677e-01	1.010101e-01	3.005586e-06
6.767677e-01	1.515152e-01	1.128578e-05
6.767677e-01	2.020202e-01	3.679349e-05
6.767677e-01	2.525253e-01	1.104970e-04
6.767677e-01	3.030303e-01	3.100523e-04
6.767677e-01	3.535354e-01	8.144318e-04
6.767677e-01	4.040404e-01	1.998647e-03
6.767677e-01	4.545455e-01	4.565179e-03
6.767677e-01	5.050505e-01	9.658000e-03
6.767677e-01	5.555556e-01	1.880784e-02
6.767677e-01	6.060606e-01	3.344979e-02
6.767677e-01	6.565657e-01	5.376988e-02
6.767677e-01	7.070707e-01	7.700568e-02
6.767677e-01	7.575758e-01	9.618222e-02
6.767677e-01	8.080808e-01	1.012465e-01
6.767677e-01	8.585859e-01	8.449434e-02
6.767677e-01	9.090909e-01	4.961915e-02
6.767677e-01	9.595960e-01	1.883168e-02
6.767677e-01	1.010101e+00	2.907809e-02
6.767677e-01	1.060606e+00	1.125436e-01
6.767677e-01	1.111111e+00	2.702087e-01
6.767677e-01	1.161616e+00	4.607112e-01
6.767677e-01	1.212121e+00	6.229470e-01
6.767677e-01	1.262626e+00	7.233738e-01
6.767677e-01	1.313131e+00	7.887304e-01
6.767677e-01	1.363636e+00	8.870965e-01
6.767677e-01	1.414141e+00	1.064314e+00
6.767677e-01	1.464646e+00	1.289977e+00
6.767677e-01	1.515152e+00	1.465276e+00
6.767677e-01	1.565657e+00	1.489698e+00
6.767677e-01	1.616162e+00	1.330037e+00
6.767677e-01	1.666667e+00	1.037147e+00
6.767677e-01	1.717172e+00	7.061856e-01
6.767677e-01	1.767677e+00	4.203985e-01
6.767677e-01	1.818182e+00	2.191219e-01
6.767677e-01	1.868687e+00	1.001056e-01
6.767677e-01	1.919192e+00	4.010902e-02
6.767677e-01	1.969697e+00	1.409615e-02
6.767677e-01	2.020202e+00	4.344340e-03
6.767677e-01	2.070707e+00	1.173422e-03
6.767677e-01	2.121212e+00	2.775302e-04
6.767677e-01	2.171717e+00	5.741277e-05
6.767677e-01	2.222222e+00	1.037481e-05
6.767677e-01	2.272727e+00	1.635256e-06
6.767677e-01	2.323232e+00	2.244524e-07
6.767677e-01	2.373737e+00	2.678260e-08
6.767677e-01	2.424242e+00	2.773033e-09
6.767677e-01	2.474747e+00	2.487046e-10
6.767677e-01	2.525253e+00	1.926992e-11
6.767677e-01	2.575758e+00	1.290684e-12
6.767677e-01	2.626263e+00	7.374250e-14
6.767677e-01	2.676768e+00	3.771089e-15
6.767677e-01	2.727273e+00	1.343754e-16
6.767677e-01	2.777778e+00	1.077584e-17
6.767677e-01	2.828283e+00	3.075624e-19
6.767677e-01	2.878788e+00	1.076928e-18
6.767677e-01	2.929293e+00	9.589676e-19
6.767677e-01	2.979798e+00	1.010047e-18
6.767677e-01	3.030303e+00	1.030867e-18
6.767677e-01	3.080808e+00	1.050050e-18
6.767677e-01	3.131313e+00	1.063524e-18
6.767677e-01	3.181818e+00	1.072057e-18
6.767677e-01	3.232323e+00	1.075316e-18
6.767677e-01	3.282828e+00	1.073795e-18
6.767677e-01	3.333333e+00	1.067248e-18
6.767677e-01	3.383838e+00	1.056161e-18
6.767677e-01	3.434343e+00	1.040516e-18
6.767677e-01	3.484848e+00	1.020624e-18
6.767677e-01	3.535354e+00	9.967743e-19
6.767677e-01	3.585859e+00	9.690830e-19
6.767677e-01	3.636364e+00	9.380781e-19
6.767677e-01	3.686869e+00	9.037812e-19
6.767677e-01	3.737374e+00	8.667956e-19
6.767677e-01	3.787879e+00	8.272189e-19
6.767677e-01	3.838384e+00	7.855512e-19
6.767677e-01	3.888889e+00	7.420763e-19
6.767677e-01	3.939394e+00	6.971362e-19
6.767677e-01	3.989899e+00	6.511613e-19
6.767677e-01	4.040404e+00	6.043999e-19
6.767677e-01	4.090909e+00	5.573450e-19
6.767677e-01	4.141414e+00	5.102071e-19
6.767677e-01	4.191919e+00	4.634713e-19
6.767677e-01	4.242424e+00	4.173562e-19
6.767677e-01	4.292929e+00	3.722936e-19
6.767677e-01	4.343434e+00	3.285237e-19
6.767677e-01	4.393939e+00	2.864152e-19
6.767677e-01	4.444444e+00	2.462091e-19
6.767677e-01	4.494949e+00	2.082237e-19
6.767677e-01	4.545455e+00	1.726898e-19
6.767677e-01	4.595960e+00	1.398654e-19
6.767677e-01	4.646465e+00	1.099727e-19
6.767677e-01	4.696970e+00	8.321307e-20
6.767677e-01	4.747475e+00	5.979633e-20
6.767677e-01	4.797980e+00	3.989123e-20
6.767677e-01	4.848485e+00	2.369398e-20
6.767677e-01	4.898990e+00	1.139853e-20
6.767677e-01	4.949495e+00	3.291969e-21
6.767677e-01	5.000000e+00	2.375857e-31
6.868687e-01	0.000000e+00	0.000000e+00
6.868687e-01	5.050505e-02	5.270052e-07
6.868687e-01	1.010101e-01	3.009266e-06
6.868687e-01	1.515152e-01	1.129929e-05
6.868687e-01	2.020202e-01	3.683575e-05
6.868687e-01	2.525253e-01	1.106159e-04
6.868687e-01	3.030303e-01	3.103543e-04
6.868687e-01	3.535354e-01	8.151123e-04
6.868687e-01	4.040404e-01	1.999945e-03
6.868687e-01	4.545455e-01	4.567004e-03
6.868687e-01	5.050505e-01	9.658596e-03
6.868687e-01	5.555556e-01	1.880027e-02
6.868687e-01	6.060606e-01	3.341449e-02
6.868687e-01	6.565657e-01	5.366225e-02
6.868687e-01	7.070707e-01	7.674123e-02
6.868687e-01	7.575758e-01	9.563054e-02
6.868687e-01	8.080808e-01	1.002574e-01
6.868687e-01	8.585859e-01	8.298615e-02
6.868687e-01	9.090909e-01	4.774395e-02
6.868687e-01	9.595960e-01	1.717610e-02
6.868687e-01	1.010101e+00	2.877627e-02
6.868687e-01	1.060606e+00	1.151235e-01
6.868687e-01	1.111111e+00	2.770572e-01
6.868687e-01	1.161616e+00	4.722681e-01
6.868687e-01	1.212121e+00	6.380234e-01
6.868687e-01	1.262626e+00	7.391084e-01
6.868687e-01	1.313131e+00	8.014387e-01
6.868687e-01	1.363636e+00	8.937167e-01
6.868687e-01	1.414141e+00	1.063685e+00
6.868687e-01	1.464646e+00	1.283216e+00
6.868687e-01	1.515152e+00	1.455076e+00
6.868687e-01	1.565657e+00	1.479039e+00
6.868687e-01	1.616162e+00	1.321080e+00
6.868687e-01	1.666667e+00	1.030793e+00
6.868687e-01	1.717172e+00	7.022995e-01
6.868687e-01	1.767677e+00	4.183271e-01
6.868687e-01	1.818182e+00	2.181541e-01
6.868687e-01	1.868687e+00	9.970816e-02
6.868687e-01	1.919192e+00	3.996528e-02
6.868687e-01	1.969697e+00	1.405037e-02
6.868687e-01	2.020202e+00	4.331500e-03
6.868687e-01	2.070707e+00	1.170253e-03
6.868687e-01	2.121212e+00	2.768429e-04
6.868687e-01	2.171717e+00	5.728193e-05
6.868687e-01	2.222222e+00	1.035298e-05
6.868687e-01	2.272727e+00	1.632070e-06
6.868687e-01	2.323232e+00	2.240462e-07
6.868687e-01	2.373737e+00	2.673747e-08
6.868687e-01	2.424242e+00	2.768671e-09
6.868687e-01	2.474747e+00	2.483386e-10
6.868687e-01	2.525253e+00	1.924333e-11
6.868687e-01	2.575758e+00	1.289012e-12
6.868687e-01	2.626263e+00	7.365234e-14
6.868687e-01	2.676768e+00	3.766804e-15
6.868687e-01	2.727273e+00	1.342216e-16
6.868687e-01	2.777778e+00	1.076929e-17
6.868687e-01	2.828283e+00	3.095229e-19
6.868687e-01	2.878788e+00	1.078667e-18
6.868687e-01	2.929293e+00	9.608439e-19
6.868687e-01	2.979798e+00	1.011969e-18
6.868687e-01	3.030303e+00	1.032835e-18
6.868687e-01	3.080808e+00	1.052054e-18
6.868687e-01	3.131313e+00	1.065553e-18
6.868687e-01	3.181818e+00	1.074101e-18
6.868687e-01	3.232323e+00	1.077367e-18
6.868687e-01	3.282828e+00	1.075842e-18
6.868687e-01	3.333333e+00	1.069283e-18
6.868687e-01	3.383838e+00	1.058174e-18
6.868687e-01	3.434343e+00	1.042501e-18
6.868687e-01	3.484848e+00	1.022569e-18
6.868687e-01	3.535354e+00	9.986746e-19
6.868687e-01	3.585859e+00	9.709296e-19
6.868687e-01	3.636364e+00	9.398662e-19
6.868687e-01	3.686869e+00	9.055033e-19
6.868687e-01	3.737374e+00	8.684473e-19
6.868687e-01	3.787879e+00	8.287951e-19
6.868687e-01	3.838384e+00	7.870479e-19
6.868687e-01	3.888889e+00	7.434903e-19
6.868687e-01	3.939394e+00	6.984643e-19
6.868687e-01	3.989899e+00	6.524019e-19
6.868687e-01	4.040404e+00	6.055512e-19
6.868687e-01	4.090909e+00	5.584067e-19
6.868687e-01	4.141414e+00	5.111790e-19
6.868687e-01	4.191919e+00	4.643542e-19
6.868687e-01	4.242424e+00	4.181512e-19
6.868687e-01	4.292929e+00	3.730027e-19
6.868687e-01	4.343434e+00	3.291495e-19
6.868687e-01	4.393939e+00	2.869608e-19
6.868687e-01	4.444444e+00	2.466781e-19
6.868687e-01	4.494949e+00	2.086204e-19
6.868687e-01	4.545455e+00	1.730187e-19
6.868687e-01	4.595960e+00	1.401319e-19
6.868687e-01	4.646465e+00	1.101822e-19
6.868687e-01	4.696970e+00	8.337160e-20
6.868687e-01	4.747475e+00	5.991023e-20
6.868687e-01	4.797980e+00	3.996723e-20
6.868687e-01	4.848485e+00	2.373911e-20
6.868687e-01	4.898990e+00	1.142025e-20
6.868687e-01	4.949495e+00	3.298242e-21
6.868687e-01	5.000000e+00	2.401693e-31
6.969697e-01	0.000000e+00	0.000000e+00
6.969697e-01	5.050505e-02	5.277130e-07
6.969697e-01	1.010101e-01	3.013275e-06
6.969697e-01	1.515152e-01	1.131404e-05
6.969697e-01	2.020202e-01	3.688211e-05
6.969697e-01	2.525253e-01	1.107473e-04
6.969697e-01	3.030303e-01	3.106924e-04
6.969697e-01	3.535354e-01	8.158907e-04
6.969697e-01	4.040404e-01	2.001493e-03
6.969697e-01	4.545455e-01	4.569429e-03
6.969697e-01	5.050505e-01	9.660542e-03
6.969697e-01	5.555556e-01	1.879553e-02
6.969697e-01	6.060606e-01	3.338474e-02
6.969697e-01	6.565657e-01	5.356468e-02
6.969697e-01	7.070707e-01	7.649361e-02
6.969697e-01	7.575758e-01	9.510471e-02
6.969697e-01	8.080808e-01	9.930453e-02
6.969697e-01	8.585859e-01	8.152425e-02
6.969697e-01	9.090909e-01	4.592245e-02
6.969697e-01	9.595960e-01	1.557768e-02
6.969697e-01	1.010101e+00	2.853180e-02
6.969697e-01	1.060606e+00	1.177608e-01
6.969697e-01	1.111111e+00	2.839668e-01
6.969697e-01	1.161616e+00	4.838939e-01
6.969697e-01	1.212121e+00	6.531765e-01
6.969697e-01	1.262626e+00	7.549183e-01
6.969697e-01	1.313131e+00	8.142037e-01
6.969697e-01	1.363636e+00	9.003567e-01
6.969697e-01	1.414141e+00	1.063030e+00
6.969697e-01	1.464646e+00	1.276388e+00
6.969697e-01	1.515152e+00	1.444784e+00
6.969697e-01	1.565657e+00	1.468287e+00
6.969697e-01	1.616162e+00	1.312043e+00
6.969697e-01	1.666667e+00	1.024382e+00
6.969697e-01	1.717172e+00	6.983776e-01
6.969697e-01	1.767677e+00	4.162363e-01
6.969697e-01	1.818182e+00	2.171772e-01
6.969697e-01	1.868687e+00	9.930681e-02
6.969697e-01	1.919192e+00	3.982012e-02
6.969697e-01	1.969697e+00	1.400413e-02
6.969697e-01	2.020202e+00	4.318530e-03
6.969697e-01	2.070707e+00	1.167052e-03
6.969697e-01	2.121212e+00	2.761485e-04
6.969697e-01	2.171717e+00	5.714972e-05
6.969697e-01	2.222222e+00	1.033092e-05
6.969697e-01	2.272727e+00	1.628850e-06
6.969697e-01	2.323232e+00	2.236356e-07
6.969697e-01	2.373737e+00	2.669185e-08
6.969697e-01	2.424242e+00	2.764262e-09
6.969697e-01	2.474747e+00	2.479686e-10
6.969697e-01	2.525253e+00	1.921645e-11
6.969697e-01	2.575758e+00	1.287322e-12
6.969697e-01	2.626263e+00	7.356115e-14
6.969697e-01	2.676768e+00	3.762473e-15
6.969697e-01	2.727273e+00	1.340656e-16
6.969697e-01	2.777778e+00	1.076282e-17
6.969697e-01	2.828283e+00	3.115498e-19
6.969697e-01	2.878788e+00	1.080493e-18
6.969697e-01	2.929293e+00	9.628084e-19
6.969697e-01	2.979798e+00	1.013982e-18
6.969697e-01	3.030303e+00	1.034896e-18
6.969697e-01	3.080808e+00	1.054152e-18
6.969697e-01	3.131313e+00	1.067679e-18
6.969697e-01	3.181818e+00	1.076243e-18
6.969697e-01	3.232323e+00	1.079515e-18
6.969697e-01	3.282828e+00	1.077987e-18
6.969697e-01	3.333333e+00	1.071415e-18
6.969697e-01	3.383838e+00	1.060283e-18
6.969697e-01	3.434343e+00	1.044579e-18
6.969697e-01	3.484848e+00	1.024607e-18
6.969697e-01	3.535354e+00	1.000665e-18
6.969697e-01	3.585859e+00	9.728640e-19
6.969697e-01	3.636364e+00	9.417394e-19
6.969697e-01	3.686869e+00	9.073074e-19
6.969697e-01	3.737374e+00	8.701777e-19
6.969697e-01	3.787879e+00	8.304463e-19
6.969697e-01	3.838384e+00	7.886159e-19
6.969697e-01	3.888889e+00	7.449715e-19
6.969697e-01	3.939394e+00	6.998556e-19
6.969697e-01	3.989899e+00	6.537015e-19
6.969697e-01	4.040404e+00	6.067574e-19
6.969697e-01	4.090909e+00	5.595190e-19
6.969697e-01	4.141414e+00	5.121972e-19
6.969697e-01	4.191919e+00	4.652790e-19
6.969697e-01	4.242424e+00	4.189841e-19
6.969697e-01	4.292929e+00	3.737456e-19
6.969697e-01	4.343434e+00	3.298050e-19
6.969697e-01	4.393939e+00	2.875323e-19
6.969697e-01	4.444444e+00	2.471694e-19
6.969697e-01	4.494949e+00	2.090359e-19
6.969697e-01	4.545455e+00	1.733633e-19
6.969697e-01	4.595960e+00	1.404110e-19
6.969697e-01	4.646465e+00	1.104016e-19
6.969697e-01	4.696970e+00	8.353768e-20
6.969697e-01	4.747475e+00	6.002955e-20
6.969697e-01	4.797980e+00	4.004685e-20
6.969697e-01	4.848485e+00	2.378639e-20
6.969697e-01	4.898990e+00	1.144300e-20
6.969697e-01	4.949495e+00	3.304813e-21
6.969697e-01	5.000000e+00	2.427656e-31
7.070707e-01	0.000000e+00	0.000000e+00
7.070707e-01	5.050505e-02	5.284800e-07
7.070707e-01	1.010101e-01	3.017622e-06
7.070707e-01	1.515152e-01	1.133007e-05
7.070707e-01	2.020202e-01	3.693270e-05
7.070707e-01	2.525253e-01	1.108917e-04
7.070707e-01	3.030303e-01	3.110678e-04
7.070707e-01	3.535354e-01	8.167702e-04
7.070707e-01	4.040404e-01	2.003300e-03
7.070707e-01	4.545455e-01	4.572475e-03
7.070707e-01	5.050505e-01	9.663889e-03
7.070707e-01	5.555556e-01	1.879374e-02
7.070707e-01	6.060606e-01	3.336077e-02
7.070707e-01	6.565657e-01	5.347761e-02
7.070707e-01	7.070707e-01	7.626360e-02
7.070707e-01	7.575758e-01	9.460601e-02
7.070707e-01	8.080808e-01	9.838984e-02
7.070707e-01	8.585859e-01	8.011120e-02
7.070707e-01	9.090909e-01	4.415772e-02
7.070707e-01	9.595960e-01	1.403949e-02
7.070707e-01	1.010101e+00	2.834701e-02
7.070707e-01	1.060606e+00	1.204562e-01
7.070707e-01	1.111111e+00	2.909357e-01
7.070707e-01	1.161616e+00	4.955846e-01
7.070707e-01	1.212121e+00	6.684005e-01
7.070707e-01	1.262626e+00	7.707973e-01
7.070707e-01	1.313131e+00	8.270203e-01
7.070707e-01	1.363636e+00	9.070137e-01
7.070707e-01	1.414141e+00	1.062348e+00
7.070707e-01	1.464646e+00	1.269493e+00
7.070707e-01	1.515152e+00	1.434403e+00
7.070707e-01	1.565657e+00	1.457442e+00
7.070707e-01	1.616162e+00	1.302928e+00
7.070707e-01	1.666667e+00	1.017914e+00
7.070707e-01	1.717172e+00	6.944207e-01
7.070707e-01	1.767677e+00	4.141265e-01
7.070707e-01	1.818182e+00	2.161911e-01
7.070707e-01	1.868687e+00	9.890168e-02
7.070707e-01	1.919192e+00	3.967357e-02
7.070707e-01	1.969697e+00	1.395744e-02
7.070707e-01	2.020202e+00	4.305431e-03
7.070707e-01	2.070707e+00	1.163819e-03
7.070707e-01	2.121212e+00	2.754471e-04
7.070707e-01	2.171717e+00	5.701615e-05
7.070707e-01	2.222222e+00	1.030863e-05
7.070707e-01	2.272727e+00	1.625595e-06
7.070707e-01	2.323232e+00	2.232207e-07
7.070707e-01	2.373737e+00	2.664574e-08
7.070707e-01	2.424242e+00	2.759805e-09
7.070707e-01	2.474747e+00	2.475946e-10
7.070707e-01	2.525253e+00	1.918927e-11
7.070707e-01	2.575758e+00	1.285613e-12
7.070707e-01	2.626263e+00	7.346896e-14
7.070707e-01	2.676768e+00	3.758097e-15
7.070707e-01	2.727273e+00	1.339074e-16
7.070707e-01	2.777778e+00	1.075644e-17
7.070707e-01	2.828283e+00	3.136447e-19
7.070707e-01	2.878788e+00	1.082409e-18
7.070707e-01	2.929293e+00	9.648632e-19
7.070707e-01	2.979798e+00	1.016089e-18
7.070707e-01	3.030303e+00	1.037053e-18
7.070707e-01	3.080808e+00	1.056348e-18
7.070707e-01	3.131313e+00	1.069903e-18
7.070707e-01	3.181818e+00	1.078485e-18
7.070707e-01	3.232323e+00	1.081764e-18
7.070707e-01	3.282828e+00	1.080231e-18
7.070707e-01	3.333333e+00	1.073647e-18
7.070707e-01	3.383838e+00	1.062490e-18
7.070707e-01	3.434343e+00	1.046754e-18
7.070707e-01	3.484848e+00	1.026739e-18
7.070707e-01	3.535354e+00	1.002749e-18
7.070707e-01	3.585859e+00	9.748885e-19
7.070707e-01	3.636364e+00	9.436997e-19
7.070707e-01	3.686869e+00	9.091955e-19
7.070707e-01	3.737374e+00	8.719886e-19
7.070707e-01	3.787879e+00	8.321745e-19
7.070707e-01	3.838384e+00	7.902568e-19
7.070707e-01	3.888889e+00	7.465217e-19
7.070707e-01	3.939394e+00	7.013118e-19
7.070707e-01	3.989899e+00	6.550617e-19
7.070707e-01	4.040404e+00	6.080197e-19
7.070707e-01	4.090909e+00	5.606832e-19
7.070707e-01	4.141414e+00	5.132628e-19
7.070707e-01	4.191919e+00	4.662470e-19
7.070707e-01	4.242424e+00	4.198557e-19
7.070707e-01	4.292929e+00	3.745231e-19
7.070707e-01	4.343434e+00	3.304912e-19
7.070707e-01	4.393939e+00	2.881305e-19
7.070707e-01	4.444444e+00	2.476835e-19
7.070707e-01	4.494949e+00	2.094708e-19
7.070707e-01	4.545455e+00	1.737239e-19
7.070707e-01	4.595960e+00	1.407031e-19
7.070707e-01	4.646465e+00	1.106312e-19
7.070707e-01	4.696970e+00	8.371150e-20
7.070707e-01	4.747475e+00	6.015443e-20
7.070707e-01	4.797980e+00	4.013018e-20
7.070707e-01	4.848485e+00	2.383587e-20
7.070707e-01	4.898990e+00	1.146681e-20
7.070707e-01	4.949495e+00	3.311689e-21
7.070707e-01	5.000000e+00	2.453734e-31
7.171717e-01	0.000000e+00	0.000000e+00
7.171717e-01	5.050505e-02	5.293079e-07
7.171717e-01	1.010101e-01	3.022319e-06
7.171717e-01	1.515152e-01	1.134742e-05
7.171717e-01	2.020202e-01	3.698765e-05
7.171717e-01	2.525253e-01	1.110494e-04
7.171717e-01	3.030303e-01	3.114816e-04
7.171717e-01	3.535354e-01	8.177541e-04
7.171717e-01	4.040404e-01	2.005374e-03
7.171717e-01	4.545455e-01	4.576165e-03
7.171717e-01	5.050505e-01	9.668686e-03
7.171717e-01	5.555556e-01	1.879501e-02
7.171717e-01	6.060606e-01	3.334280e-02
7.171717e-01	6.565657e-01	5.340147e-02
7.171717e-01	7.070707e-01	7.605199e-02
7.171717e-01	7.575758e-01	9.413572e-02
7.171717e-01	8.080808e-01	9.751523e-02
7.171717e-01	8.585859e-01	7.874958e-02
7.171717e-01	9.090909e-01	4.245283e-02
7.171717e-01	9.595960e-01	1.256458e-02
7.171717e-01	1.010101e+00	2.822420e-02
7.171717e-01	1.060606e+00	1.232103e-01
7.171717e-01	1.111111e+00	2.979624e-01
7.171717e-01	1.161616e+00	5.073363e-01
7.171717e-01	1.212121e+00	6.836898e-01
7.171717e-01	1.262626e+00	7.867394e-01
7.171717e-01	1.313131e+00	8.398834e-01
7.171717e-01	1.363636e+00	9.136845e-01
7.171717e-01	1.414141e+00	1.061638e+00
7.171717e-01	1.464646e+00	1.262533e+00
7.171717e-01	1.515152e+00	1.423934e+00
7.171717e-01	1.565657e+00	1.446508e+00
7.171717e-01	1.616162e+00	1.293737e+00
7.171717e-01	1.666667e+00	1.011392e+00
7.171717e-01	1.717172e+00	6.904297e-01
7.171717e-01	1.767677e+00	4.119981e-01
7.171717e-01	1.818182e+00	2.151963e-01
7.171717e-01	1.868687e+00	9.849285e-02
7.171717e-01	1.919192e+00	3.952566e-02
7.171717e-01	1.969697e+00	1.391030e-02
7.171717e-01	2.020202e+00	4.292207e-03
7.171717e-01	2.070707e+00	1.160554e-03
7.171717e-01	2.121212e+00	2.747387e-04
7.171717e-01	2.171717e+00	5.688126e-05
7.171717e-01	2.222222e+00	1.028611e-05
7.171717e-01	2.272727e+00	1.622308e-06
7.171717e-01	2.323232e+00	2.228016e-07
7.171717e-01	2.373737e+00	2.659916e-08
7.171717e-01	2.424242e+00	2.755302e-09
7.171717e-01	2.474747e+00	2.472167e-10
7.171717e-01	2.525253e+00	1.916181e-11
7.171717e-01	2.575758e+00	1.283886e-12
7.171717e-01	2.626263e+00	7.337576e-14
7.171717e-01	2.676768e+00	3.753676e-15
7.171717e-01	2.727273e+00	1.337471e-16
7.171717e-01	2.777778e+00	1.075016e-17
7.171717e-01	2.828283e+00	3.158088e-19
7.171717e-01	2.878788e+00	1.084418e-18
7.171717e-01	2.929293e+00	9.670107e-19
7.171717e-01	2.979798e+00	1.018291e-18
7.171717e-01	3.030303e+00	1.039309e-18
7.171717e-01	3.080808e+00	1.058644e-18
7.171717e-01	3.131313e+00	1.072228e-18
7.171717e-01	3.181818e+00	1.080828e-18
7.171717e-01	3.232323e+00	1.084115e-18
7.171717e-01	3.282828e+00	1.082578e-18
7.171717e-01	3.333333e+00	1.075979e-18
7.171717e-01	3.383838e+00	1.064798e-18
7.171717e-01	3.434343e+00	1.049028e-18
7.171717e-01	3.484848e+00	1.028969e-18
7.171717e-01	3.535354e+00	1.004927e-18
7.171717e-01	3.585859e+00	9.770053e-19
7.171717e-01	3.636364e+00	9.457494e-19
7.171717e-01	3.686869e+00	9.111696e-19
7.171717e-01	3.737374e+00	8.738822e-19
7.171717e-01	3.787879e+00	8.339814e-19
7.171717e-01	3.838384e+00	7.919727e-19
7.171717e-01	3.888889e+00	7.481426e-19
7.171717e-01	3.939394e+00	7.028343e-19
7.171717e-01	3.989899e+00	6.564840e-19
7.171717e-01	4.040404e+00	6.093397e-19
7.171717e-01	4.090909e+00	5.619004e-19
7.171717e-01	4.141414e+00	5.143771e-19
7.171717e-01	4.191919e+00	4.672592e-19
7.171717e-01	4.242424e+00	4.207672e-19
7.171717e-01	4.292929e+00	3.753362e-19
7.171717e-01	4.343434e+00	3.312086e-19
7.171717e-01	4.393939e+00	2.887560e-19
7.171717e-01	4.444444e+00	2.482212e-19
7.171717e-01	4.494949e+00	2.099256e-19
7.171717e-01	4.545455e+00	1.741010e-19
7.171717e-01	4.595960e+00	1.410085e-19
7.171717e-01	4.646465e+00	1.108714e-19
7.171717e-01	4.696970e+00	8.389325e-20
7.171717e-01	4.747475e+00	6.028501e-20
7.171717e-01	4.797980e+00	4.021731e-20
7.171717e-01	4.848485e+00	2.388761e-20
7.171717e-01	4.898990e+00	1.149171e-20
7.171717e-01	4.949495e+00	3.318880e-21
7.171717e-01	5.000000e+00	2.479920e-31
7.272727e-01	0.000000e+00	0.000000e+00
7.272727e-01	5.050505e-02	5.301985e-07
7.272727e-01	1.010101e-01	3.027374e-06
7.272727e-01	1.515152e-01	1.136613e-05
7.272727e-01	2.020202e-01	3.704710e-05
7.272727e-01	2.525253e-01	1.112209e-04
7.272727e-01	3.030303e-01	3.119351e-04
7.272727e-01	3.535354e-01	8.188457e-04
7.272727e-01	4.040404e-01	2.007723e-03
7.272727e-01	4.545455e-01	4.580518e-03
7.272727e-01	5.050505e-01	9.674984e-03
7.272727e-01	5.555556e-01	1.879945e-02
7.272727e-01	6.060606e-01	3.333107e-02
7.272727e-01	6.565657e-01	5.333672e-02
7.272727e-01	7.070707e-01	7.585954e-02
7.272727e-01	7.575758e-01	9.369510e-02
7.272727e-01	8.080808e-01	9.668261e-02
7.272727e-01	8.585859e-01	7.744199e-02
7.272727e-01	9.090909e-01	4.081084e-02
7.272727e-01	9.595960e-01	1.115605e-02
7.272727e-01	1.010101e+00	2.816568e-02
7.272727e-01	1.060606e+00	1.260240e-01
7.272727e-01	1.111111e+00	3.050453e-01
7.272727e-01	1.161616e+00	5.191450e-01
7.272727e-01	1.212121e+00	6.990388e-01
7.272727e-01	1.262626e+00	8.027385e-01
7.272727e-01	1.313131e+00	8.527879e-01
7.272727e-01	1.363636e+00	9.203663e-01
7.272727e-01	1.414141e+00	1.060900e+00
7.272727e-01	1.464646e+00	1.255509e+00
7.272727e-01	1.515152e+00	1.413381e+00
7.272727e-01	1.565657e+00	1.435487e+00
7.272727e-01	1.616162e+00	1.284473e+00
7.272727e-01	1.666667e+00	1.004817e+00
7.272727e-01	1.717172e+00	6.864054e-01
7.272727e-01	1.767677e+00	4.098516e-01
7.272727e-01	1.818182e+00	2.141927e-01
7.272727e-01	1.868687e+00	9.808039e-02
7.272727e-01	1.919192e+00	3.937642e-02
7.272727e-01	1.969697e+00	1.386274e-02
7.272727e-01	2.020202e+00	4.278860e-03
7.272727e-01	2.070707e+00	1.157259e-03
7.272727e-01	2.121212e+00	2.740236e-04
7.272727e-01	2.171717e+00	5.674505e-05
7.272727e-01	2.222222e+00	1.026338e-05
7.272727e-01	2.272727e+00	1.618988e-06
7.272727e-01	2.323232e+00	2.223783e-07
7.272727e-01	2.373737e+00	2.655211e-08
7.272727e-01	2.424242e+00	2.750753e-09
7.272727e-01	2.474747e+00	2.468349e-10
7.272727e-01	2.525253e+00	1.913406e-11
7.272727e-01	2.575758e+00	1.282141e-12
7.272727e-01	2.626263e+00	7.328158e-14
7.272727e-01	2.676768e+00	3.749211e-15
7.272727e-01	2.727273e+00	1.335846e-16
7.272727e-01	2.777778e+00	1.074398e-17
7.272727e-01	2.828283e+00	3.180435e-19
7.272727e-01	2.878788e+00	1.086521e-18
7.272727e-01	2.929293e+00	9.692530e-19
7.272727e-01	2.979798e+00	1.020592e-18
7.272727e-01	3.030303e+00	1.041664e-18
7.272727e-01	3.080808e+00	1.061043e-18
7.272727e-01	3.131313e+00	1.074657e-18
7.272727e-01	3.181818e+00	1.083276e-18
7.272727e-01	3.232323e+00	1.086570e-18
7.272727e-01	3.282828e+00	1.085029e-18
7.272727e-01	3.333333e+00	1.078416e-18
7.272727e-01	3.383838e+00	1.067208e-18
7.272727e-01	3.434343e+00	1.051404e-18
7.272727e-01	3.484848e+00	1.031298e-18
7.272727e-01	3.535354e+00	1.007203e-18
7.272727e-01	3.585859e+00	9.792166e-19
7.272727e-01	3.636364e+00	9.478906e-19
7.272727e-01	3.686869e+00	9.132320e-19
7.272727e-01	3.737374e+00	8.758603e-19
7.272727e-01	3.787879e+00	8.358691e-19
7.272727e-01	3.838384e+00	7.937651e-19
7.272727e-01	3.888889e+00	7.498360e-19
7.272727e-01	3.939394e+00	7.044249e-19
7.272727e-01	3.989899e+00	6.579698e-19
7.272727e-01	4.040404e+00	6.107186e-19
7.272727e-01	4.090909e+00	5.631720e-19
7.272727e-01	4.141414e+00	5.155411e-19
7.272727e-01	4.191919e+00	4.683165e-19
7.272727e-01	4.242424e+00	4.217194e-19
7.272727e-01	4.292929e+00	3.761855e-19
7.272727e-01	4.343434e+00	3.319581e-19
7.272727e-01	4.393939e+00	2.894094e-19
7.272727e-01	4.444444e+00	2.487829e-19
7.272727e-01	4.494949e+00	2.104006e-19
7.272727e-01	4.545455e+00	1.744949e-19
7.272727e-01	4.595960e+00	1.413276e-19
7.272727e-01	4.646465e+00	1.111222e-19
7.272727e-01	4.696970e+00	8.408312e-20
7.272727e-01	4.747475e+00	6.042142e-20
7.272727e-01	4.797980e+00	4.030833e-20
7.272727e-01	4.848485e+00	2.394166e-20
7.272727e-01	4.898990e+00	1.151771e-20
7.272727e-01	4.949495e+00	3.326391e-21
7.272727e-01	5.000000e+00	2.506201e-31
7.373737e-01	0.000000e+00	0.000000e+00
7.373737e-01	5.050505e-02	5.311536e-07
7.373737e-01	1.010101e-01	3.032800e-06
7.373737e-01	1.515152e-01	1.138624e-05
7.373737e-01	2.020202e-01	3.711117e-05
7.373737e-01	2.525253e-01	1.114066e-04
7.373737e-01	3.030303e-01	3.124293e-04
7.373737e-01	3.535354e-01	8.200482e-04
7.373737e-01	4.040404e-01	2.010357e-03
7.373737e-01	4.545455e-01	4.585557e-03
7.373737e-01	5.050505e-01	9.682833e-03
7.373737e-01	5.555556e-01	1.880717e-02
7.373737e-01	6.060606e-01	3.332580e-02
7.373737e-01	6.565657e-01	5.328378e-02
7.373737e-01	7.070707e-01	7.568704e-02
7.373737e-01	7.575758e-01	9.328545e-02
7.373737e-01	8.080808e-01	9.589392e-02
7.373737e-01	8.585859e-01	7.619100e-02
7.373737e-01	9.090909e-01	3.923483e-02
7.373737e-01	9.595960e-01	9.816961e-03
7.373737e-01	1.010101e+00	2.817378e-02
7.373737e-01	1.060606e+00	1.288978e-01
7.373737e-01	1.111111e+00	3.121827e-01
7.373737e-01	1.161616e+00	5.310067e-01
7.373737e-01	1.212121e+00	7.144416e-01
7.373737e-01	1.262626e+00	8.187883e-01
7.373737e-01	1.313131e+00	8.657286e-01
7.373737e-01	1.363636e+00	9.270558e-01
7.373737e-01	1.414141e+00	1.060133e+00
7.373737e-01	1.464646e+00	1.248422e+00
7.373737e-01	1.515152e+00	1.402745e+00
7.373737e-01	1.565657e+00	1.424381e+00
7.373737e-01	1.616162e+00	1.275137e+00
7.373737e-01	1.666667e+00	9.981897e-01
7.373737e-01	1.717172e+00	6.823488e-01
7.373737e-01	1.767677e+00	4.076875e-01
7.373737e-01	1.818182e+00	2.131808e-01
7.373737e-01	1.868687e+00	9.766440e-02
7.373737e-01	1.919192e+00	3.922586e-02
7.373737e-01	1.969697e+00	1.381475e-02
7.373737e-01	2.020202e+00	4.265392e-03
7.373737e-01	2.070707e+00	1.153933e-03
7.373737e-01	2.121212e+00	2.733018e-04
7.373737e-01	2.171717e+00	5.660757e-05
7.373737e-01	2.222222e+00	1.024043e-05
7.373737e-01	2.272727e+00	1.615637e-06
7.373737e-01	2.323232e+00	2.219508e-07
7.373737e-01	2.373737e+00	2.650459e-08
7.373737e-01	2.424242e+00	2.746159e-09
7.373737e-01	2.474747e+00	2.464493e-10
7.373737e-01	2.525253e+00	1.910604e-11
7.373737e-01	2.575758e+00	1.280378e-12
7.373737e-01	2.626263e+00	7.318643e-14
7.373737e-01	2.676768e+00	3.744703e-15
7.373737e-01	2.727273e+00	1.334198e-16
7.373737e-01	2.777778e+00	1.073792e-17
7.373737e-01	2.828283e+00	3.203502e-19
7.373737e-01	2.878788e+00	1.088721e-18
7.373737e-01	2.929293e+00	9.715924e-19
7.373737e-01	2.979798e+00	1.022993e-18
7.373737e-01	3.030303e+00	1.044123e-18
7.373737e-01	3.080808e+00	1.063546e-18
7.373737e-01	3.131313e+00	1.077192e-18
7.373737e-01	3.181818e+00	1.085831e-18
7.373737e-01	3.232323e+00	1.089133e-18
7.373737e-01	3.282828e+00	1.087588e-18
7.373737e-01	3.333333e+00	1.080960e-18
7.373737e-01	3.383838e+00	1.069724e-18
7.373737e-01	3.434343e+00	1.053884e-18
7.373737e-01	3.484848e+00	1.033729e-18
7.373737e-01	3.535354e+00	1.009578e-18
7.373737e-01	3.585859e+00	9.815247e-19
7.373737e-01	3.636364e+00	9.501255e-19
7.373737e-01	3.686869e+00	9.153847e-19
7.373737e-01	3.737374e+00	8.779249e-19
7.373737e-01	3.787879e+00	8.378394e-19
7.373737e-01	3.838384e+00	7.956361e-19
7.373737e-01	3.888889e+00	7.516034e-19
7.373737e-01	3.939394e+00	7.060852e-19
7.373737e-01	3.989899e+00	6.595206e-19
7.373737e-01	4.040404e+00	6.121580e-19
7.373737e-01	4.090909e+00	5.644994e-19
7.373737e-01	4.141414e+00	5.167562e-19
7.373737e-01	4.191919e+00	4.694202e-19
7.373737e-01	4.242424e+00	4.227133e-19
7.373737e-01	4.292929e+00	3.770721e-19
7.373737e-01	4.343434e+00	3.327405e-19
7.373737e-01	4.393939e+00	2.900914e-19
7.373737e-01	4.444444e+00	2.493692e-19
7.373737e-01	4.494949e+00	2.108965e-19
7.373737e-01	4.545455e+00	1.749061e-19
7.373737e-01	4.595960e+00	1.416607e-19
7.373737e-01	4.646465e+00	1.113841e-19
7.373737e-01	4.696970e+00	8.428131e-20
7.373737e-01	4.747475e+00	6.056381e-20
7.373737e-01	4.797980e+00	4.040334e-20
7.373737e-01	4.848485e+00	2.399808e-20
7.373737e-01	4.898990e+00	1.154486e-20
7.373737e-01	4.949495e+00	3.334231e-21
7.373737e-01	5.000000e+00	2.532570e-31
7.474747e-01	0.000000e+00	0.000000e+00
7.474747e-01	5.050505e-02	5.321750e-07
7.474747e-01	1.010101e-01	3.038604e-06
7.474747e-01	1.515152e-01	1.140778e-05
7.474747e-01	2.020202e-01	3.717998e-05
7.474747e-01	2.525253e-01	1.116068e-04
7.474747e-01	3.030303e-01	3.129655e-04
7.474747e-01	3.535354e-01	8.213650e-04
7.474747e-01	4.040404e-01	2.013284e-03
7.474747e-01	4.545455e-01	4.591304e-03
7.474747e-01	5.050505e-01	9.692282e-03
7.474747e-01	5.555556e-01	1.881828e-02
7.474747e-01	6.060606e-01	3.332722e-02
7.474747e-01	6.565657e-01	5.324308e-02
7.474747e-01	7.070707e-01	7.553528e-02
7.474747e-01	7.575758e-01	9.290804e-02
7.474747e-01	8.080808e-01	9.515106e-02
7.474747e-01	8.585859e-01	7.499922e-02
7.474747e-01	9.090909e-01	3.772788e-02
7.474747e-01	9.595960e-01	8.550404e-03
7.474747e-01	1.010101e+00	2.825080e-02
7.474747e-01	1.060606e+00	1.318324e-01
7.474747e-01	1.111111e+00	3.193731e-01
7.474747e-01	1.161616e+00	5.429173e-01
7.474747e-01	1.212121e+00	7.298925e-01
7.474747e-01	1.262626e+00	8.348827e-01
7.474747e-01	1.313131e+00	8.787005e-01
7.474747e-01	1.363636e+00	9.337502e-01
7.474747e-01	1.414141e+00	1.059337e+00
7.474747e-01	1.464646e+00	1.241274e+00
7.474747e-01	1.515152e+00	1.392029e+00
7.474747e-01	1.565657e+00	1.413194e+00
7.474747e-01	1.616162e+00	1.265732e+00
7.474747e-01	1.666667e+00	9.915122e-01
7.474747e-01	1.717172e+00	6.782606e-01
7.474747e-01	1.767677e+00	4.055061e-01
7.474747e-01	1.818182e+00	2.121606e-01
7.474747e-01	1.868687e+00	9.724494e-02
7.474747e-01	1.919192e+00	3.907404e-02
7.474747e-01	1.969697e+00	1.376635e-02
7.474747e-01	2.020202e+00	4.251805e-03
7.474747e-01	2.070707e+00	1.150578e-03
7.474747e-01	2.121212e+00	2.725735e-04
7.474747e-01	2.171717e+00	5.646882e-05
7.474747e-01	2.222222e+00	1.021727e-05
7.474747e-01	2.272727e+00	1.612253e-06
7.474747e-01	2.323232e+00	2.215193e-07
7.474747e-01	2.373737e+00	2.645662e-08
7.474747e-01	2.424242e+00	2.741520e-09
7.474747e-01	2.474747e+00	2.460599e-10
7.474747e-01	2.525253e+00	1.907774e-11
7.474747e-01	2.575758e+00	1.278598e-12
7.474747e-01	2.626263e+00	7.309032e-14
7.474747e-01	2.676768e+00	3.740153e-15
7.474747e-01	2.727273e+00	1.332530e-16
7.474747e-01	2.777778e+00	1.073197e-17
7.474747e-01	2.828283e+00	3.227302e-19
7.474747e-01	2.878788e+00	1.091020e-18
7.474747e-01	2.929293e+00	9.740310e-19
7.474747e-01	2.979798e+00	1.025497e-18
7.474747e-01	3.030303e+00	1.046687e-18
7.474747e-01	3.080808e+00	1.066156e-18
7.474747e-01	3.131313e+00	1.079836e-18
7.474747e-01	3.181818e+00	1.088495e-18
7.474747e-01	3.232323e+00	1.091806e-18
7.474747e-01	3.282828e+00	1.090256e-18
7.474747e-01	3.333333e+00	1.083613e-18
7.474747e-01	3.383838e+00	1.072348e-18
7.474747e-01	3.434343e+00	1.056470e-18
7.474747e-01	3.484848e+00	1.036264e-18
7.474747e-01	3.535354e+00	1.012054e-18
7.474747e-01	3.585859e+00	9.839318e-19
7.474747e-01	3.636364e+00	9.524562e-19
7.474747e-01	3.686869e+00	9.176296e-19
7.474747e-01	3.737374e+00	8.800782e-19
7.474747e-01	3.787879e+00	8.398943e-19
7.474747e-01	3.838384e+00	7.975873e-19
7.474747e-01	3.888889e+00	7.534468e-19
7.474747e-01	3.939394e+00	7.078166e-19
7.474747e-01	3.989899e+00	6.611380e-19
7.474747e-01	4.040404e+00	6.136591e-19
7.474747e-01	4.090909e+00	5.658836e-19
7.474747e-01	4.141414e+00	5.180233e-19
7.474747e-01	4.191919e+00	4.705713e-19
7.474747e-01	4.242424e+00	4.237498e-19
7.474747e-01	4.292929e+00	3.779967e-19
7.474747e-01	4.343434e+00	3.335564e-19
7.474747e-01	4.393939e+00	2.908028e-19
7.474747e-01	4.444444e+00	2.499806e-19
7.474747e-01	4.494949e+00	2.114137e-19
7.474747e-01	4.545455e+00	1.753349e-19
7.474747e-01	4.595960e+00	1.420081e-19
7.474747e-01	4.646465e+00	1.116572e-19
7.474747e-01	4.696970e+00	8.448801e-20
7.474747e-01	4.747475e+00	6.071231e-20
7.474747e-01	4.797980e+00	4.050242e-20
7.474747e-01	4.848485e+00	2.405692e-20
7.474747e-01	4.898990e+00	1.157317e-20
7.474747e-01	4.949495e+00	3.342408e-21
7.474747e-01	5.000000e+00	2.559015e-31
7.575758e-01	0.000000e+00	0.000000e+00
7.575758e-01	5.050505e-02	5.332643e-07
7.575758e-01	1.010101e-01	3.044799e-06
7.575758e-01	1.515152e-01	1.143080e-05
7.575758e-01	2.020202e-01	3.725368e-05
7.575758e-01	2.525253e-01	1.118219e-04
7.575758e-01	3.030303e-01	3.135449e-04
7.575758e-01	3.535354e-01	8.227992e-04
7.575758e-01	4.040404e-01	2.016513e-03
7.575758e-01	4.545455e-01	4.597779e-03
7.575758e-01	5.050505e-01	9.703383e-03
7.575758e-01	5.555556e-01	1.883289e-02
7.575758e-01	6.060606e-01	3.333556e-02
7.575758e-01	6.565657e-01	5.321508e-02
7.575758e-01	7.070707e-01	7.540502e-02
7.575758e-01	7.575758e-01	9.256416e-02
7.575758e-01	8.080808e-01	9.445596e-02
7.575758e-01	8.585859e-01	7.386923e-02
7.575758e-01	9.090909e-01	3.629307e-02
7.575758e-01	9.595960e-01	7.359464e-03
7.575758e-01	1.010101e+00	2.839907e-02
7.575758e-01	1.060606e+00	1.348284e-01
7.575758e-01	1.111111e+00	3.266147e-01
7.575758e-01	1.161616e+00	5.548729e-01
7.575758e-01	1.212121e+00	7.453858e-01
7.575758e-01	1.262626e+00	8.510156e-01
7.575758e-01	1.313131e+00	8.916984e-01
7.575758e-01	1.363636e+00	9.404463e-01
7.575758e-01	1.414141e+00	1.058510e+00
7.575758e-01	1.464646e+00	1.234066e+00
7.575758e-01	1.515152e+00	1.381235e+00
7.575758e-01	1.565657e+00	1.401927e+00
7.575758e-01	1.616162e+00	1.256259e+00
7.575758e-01	1.666667e+00	9.847860e-01
7.575758e-01	1.717172e+00	6.741419e-01
7.575758e-01	1.767677e+00	4.033080e-01
7.575758e-01	1.818182e+00	2.111324e-01
7.575758e-01	1.868687e+00	9.682212e-02
7.575758e-01	1.919192e+00	3.892096e-02
7.575758e-01	1.969697e+00	1.371754e-02
7.575758e-01	2.020202e+00	4.238103e-03
7.575758e-01	2.070707e+00	1.147193e-03
7.575758e-01	2.121212e+00	2.718388e-04
7.575758e-01	2.171717e+00	5.632883e-05
7.575758e-01	2.222222e+00	1.019389e-05
7.575758e-01	2.272727e+00	1.608839e-06
7.575758e-01	2.323232e+00	2.210838e-07
7.575758e-01	2.373737e+00	2.640820e-08
7.575758e-01	2.424242e+00	2.736838e-09
7.575758e-01	2.474747e+00	2.456669e-10
7.575758e-01	2.525253e+00	1.904916e-11
7.575758e-01	2.575758e+00	1.276801e-12
7.575758e-01	2.626263e+00	7.299326e-14
7.575758e-01	2.676768e+00	3.735561e-15
7.575758e-01	2.727273e+00	1.330839e-16
7.575758e-01	2.777778e+00	1.072615e-17
7.575758e-01	2.828283e+00	3.251850e-19
7.575758e-01	2.878788e+00	1.093420e-18
7.575758e-01	2.929293e+00	9.765712e-19
7.575758e-01	2.979798e+00	1.028106e-18
7.575758e-01	3.030303e+00	1.049358e-18
7.575758e-01	3.080808e+00	1.068876e-18
7.575758e-01	3.131313e+00	1.082590e-18
7.575758e-01	3.181818e+00	1.091272e-18
7.575758e-01	3.232323e+00	1.094591e-18
7.575758e-01	3.282828e+00	1.093036e-18
7.575758e-01	3.333333e+00	1.086376e-18
7.575758e-01	3.383838e+00	1.075082e-18
7.575758e-01	3.434343e+00	1.059164e-18
7.575758e-01	3.484848e+00	1.038906e-18
7.575758e-01	3.535354e+00	1.014635e-18
7.575758e-01	3.585859e+00	9.864401e-19
7.575758e-01	3.636364e+00	9.548849e-19
7.575758e-01	3.686869e+00	9.199690e-19
7.575758e-01	3.737374e+00	8.823219e-19
7.575758e-01	3.787879e+00	8.420355e-19
7.575758e-01	3.838384e+00	7.996206e-19
7.575758e-01	3.888889e+00	7.553676e-19
7.575758e-01	3.939394e+00	7.096210e-19
7.575758e-01	3.989899e+00	6.628234e-19
7.575758e-01	4.040404e+00	6.152234e-19
7.575758e-01	4.090909e+00	5.673262e-19
7.575758e-01	4.141414e+00	5.193439e-19
7.575758e-01	4.191919e+00	4.717708e-19
7.575758e-01	4.242424e+00	4.248300e-19
7.575758e-01	4.292929e+00	3.789602e-19
7.575758e-01	4.343434e+00	3.344067e-19
7.575758e-01	4.393939e+00	2.915440e-19
7.575758e-01	4.444444e+00	2.506178e-19
7.575758e-01	4.494949e+00	2.119526e-19
7.575758e-01	4.545455e+00	1.757818e-19
7.575758e-01	4.595960e+00	1.423701e-19
7.575758e-01	4.646465e+00	1.119417e-19
7.575758e-01	4.696970e+00	8.470340e-20
7.575758e-01	4.747475e+00	6.086707e-20
7.575758e-01	4.797980e+00	4.060568e-20
7.575758e-01	4.848485e+00	2.411823e-20
7.575758e-01	4.898990e+00	1.160268e-20
7.575758e-01	4.949495e+00	3.350928e-21
7.575758e-01	5.000000e+00	2.585526e-31
7.676768e-01	0.000000e+00	0.000000e+00
7.676768e-01	5.050505e-02	5.344235e-07
7.676768e-01	1.010101e-01	3.051394e-06
7.676768e-01	1.515152e-01	1.145534e-05
7.676768e-01	2.020202e-01	3.733238e-05
7.676768e-01	2.525253e-01	1.120525e-04
7.676768e-01	3.030303e-01	3.141686e-04
7.676768e-01	3.535354e-01	8.243541e-04
7.676768e-01	4.040404e-01	2.020052e-03
7.676768e-01	4.545455e-01	4.605003e-03
7.676768e-01	5.050505e-01	9.716185e-03
7.676768e-01	5.555556e-01	1.885112e-02
7.676768e-01	6.060606e-01	3.335104e-02
7.676768e-01	6.565657e-01	5.320020e-02
7.676768e-01	7.070707e-01	7.529706e-02
7.676768e-01	7.575758e-01	9.225508e-02
7.676768e-01	8.080808e-01	9.381055e-02
7.676768e-01	8.585859e-01	7.280363e-02
7.676768e-01	9.090909e-01	3.493349e-02
7.676768e-01	9.595960e-01	6.247228e-03
7.676768e-01	1.010101e+00	2.862092e-02
7.676768e-01	1.060606e+00	1.378867e-01
7.676768e-01	1.111111e+00	3.339060e-01
7.676768e-01	1.161616e+00	5.668694e-01
7.676768e-01	1.212121e+00	7.609158e-01
7.676768e-01	1.262626e+00	8.671807e-01
7.676768e-01	1.313131e+00	9.047172e-01
7.676768e-01	1.363636e+00	9.471411e-01
7.676768e-01	1.414141e+00	1.057652e+00
7.676768e-01	1.464646e+00	1.226800e+00
7.676768e-01	1.515152e+00	1.370366e+00
7.676768e-01	1.565657e+00	1.390584e+00
7.676768e-01	1.616162e+00	1.246721e+00
7.676768e-01	1.666667e+00	9.780125e-01
7.676768e-01	1.717172e+00	6.699934e-01
7.676768e-01	1.767677e+00	4.010936e-01
7.676768e-01	1.818182e+00	2.100964e-01
7.676768e-01	1.868687e+00	9.639600e-02
7.676768e-01	1.919192e+00	3.876667e-02
7.676768e-01	1.969697e+00	1.366834e-02
7.676768e-01	2.020202e+00	4.224287e-03
7.676768e-01	2.070707e+00	1.143780e-03
7.676768e-01	2.121212e+00	2.710978e-04
7.676768e-01	2.171717e+00	5.618763e-05
7.676768e-01	2.222222e+00	1.017031e-05
7.676768e-01	2.272727e+00	1.605395e-06
7.676768e-01	2.323232e+00	2.206443e-07
7.676768e-01	2.373737e+00	2.635934e-08
7.676768e-01	2.424242e+00	2.732113e-09
7.676768e-01	2.474747e+00	2.452702e-10
7.676768e-01	2.525253e+00	1.902032e-11
7.676768e-01	2.575758e+00	1.274987e-12
7.676768e-01	2.626263e+00	7.289527e-14
7.676768e-01	2.676768e+00	3.730928e-15
7.676768e-01	2.727273e+00	1.329127e-16
7.676768e-01	2.777778e+00	1.072047e-17
7.676768e-01	2.828283e+00	3.277158e-19
7.676768e-01	2.878788e+00	1.095924e-18
7.676768e-01	2.929293e+00	9.792151e-19
7.676768e-01	2.979798e+00	1.030823e-18
7.676768e-01	3.030303e+00	1.052139e-18
7.676768e-01	3.080808e+00	1.071707e-18
7.676768e-01	3.131313e+00	1.085458e-18
7.676768e-01	3.181818e+00	1.094162e-18
7.676768e-01	3.232323e+00	1.097491e-18
7.676768e-01	3.282828e+00	1.095931e-18
7.676768e-01	3.333333e+00	1.089254e-18
7.676768e-01	3.383838e+00	1.077929e-18
7.676768e-01	3.434343e+00	1.061970e-18
7.676768e-01	3.484848e+00	1.041656e-18
7.676768e-01	3.535354e+00	1.017323e-18
7.676768e-01	3.585859e+00	9.890519e-19
7.676768e-01	3.636364e+00	9.574138e-19
7.676768e-01	3.686869e+00	9.224050e-19
7.676768e-01	3.737374e+00	8.846583e-19
7.676768e-01	3.787879e+00	8.442651e-19
7.676768e-01	3.838384e+00	8.017378e-19
7.676768e-01	3.888889e+00	7.573677e-19
7.676768e-01	3.939394e+00	7.114998e-19
7.676768e-01	3.989899e+00	6.645784e-19
7.676768e-01	4.040404e+00	6.168522e-19
7.676768e-01	4.090909e+00	5.688282e-19
7.676768e-01	4.141414e+00	5.207189e-19
7.676768e-01	4.191919e+00	4.730198e-19
7.676768e-01	4.242424e+00	4.259548e-19
7.676768e-01	4.292929e+00	3.799635e-19
7.676768e-01	4.343434e+00	3.352920e-19
7.676768e-01	4.393939e+00	2.923159e-19
7.676768e-01	4.444444e+00	2.512813e-19
7.676768e-01	4.494949e+00	2.125138e-19
7.676768e-01	4.545455e+00	1.762472e-19
7.676768e-01	4.595960e+00	1.427470e-19
7.676768e-01	4.646465e+00	1.122381e-19
7.676768e-01	4.696970e+00	8.492769e-20
7.676768e-01	4.747475e+00	6.102820e-20
7.676768e-01	4.797980e+00	4.071319e-20
7.676768e-01	4.848485e+00	2.418208e-20
7.676768e-01	4.898990e+00	1.163340e-20
7.676768e-01	4.949495e+00	3.359799e-21
7.676768e-01	5.000000e+00	2.612094e-31
7.777778e-01	0.000000e+00	0.000000e+00
7.777778e-01	5.050505e-02	5.356543e-07
7.777778e-01	1.010101e-01	3.058398e-06
7.777778e-01	1.515152e-01	1.148143e-05
7.777778e-01	2.020202e-01	3.741622e-05
7.777778e-01	2.525253e-01	1.122987e-04
7.777778e-01	3.030303e-01	3.148378e-04
7.777778e-01	3.535354e-01	8.260331e-04
7.777778e-01	4.040404e-01	2.023909e-03
7.777778e-01	4.545455e-01	4.612999e-03
7.777778e-01	5.050505e-01	9.730738e-03
7.777778e-01	5.555556e-01	1.887306e-02
7.777778e-01	6.060606e-01	3.337389e-02
7.777778e-01	6.565657e-01	5.319889e-02
7.777778e-01	7.070707e-01	7.521216e-02
7.777778e-01	7.575758e-01	9.198210e-02
7.777778e-01	8.080808e-01	9.321674e-02
7.777778e-01	8.585859e-01	7.180501e-02
7.777778e-01	9.090909e-01	3.365221e-02
7.777778e-01	9.595960e-01	5.216778e-03
7.777778e-01	1.010101e+00	2.891864e-02
7.777778e-01	1.060606e+00	1.410077e-01
7.777778e-01	1.111111e+00	3.412454e-01
7.777778e-01	1.161616e+00	5.789026e-01
7.777778e-01	1.212121e+00	7.764765e-01
7.777778e-01	1.262626e+00	8.833718e-01
7.777778e-01	1.313131e+00	9.177516e-01
7.777778e-01	1.363636e+00	9.538316e-01
7.777778e-01	1.414141e+00	1.056763e+00
7.777778e-01	1.464646e+00	1.219476e+00
7.777778e-01	1.515152e+00	1.359424e+00
7.777778e-01	1.565657e+00	1.379167e+00
7.777778e-01	1.616162e+00	1.237120e+00
7.777778e-01	1.666667e+00	9.711931e-01
7.777778e-01	1.717172e+00	6.658161e-01
7.777778e-01	1.767677e+00	3.988634e-01
7.777778e-01	1.818182e+00	2.090527e-01
7.777778e-01	1.868687e+00	9.596668e-02
7.777778e-01	1.919192e+00	3.861118e-02
7.777778e-01	1.969697e+00	1.361875e-02
7.777778e-01	2.020202e+00	4.210361e-03
7.777778e-01	2.070707e+00	1.140339e-03
7.777778e-01	2.121212e+00	2.703507e-04
7.777778e-01	2.171717e+00	5.604524e-05
7.777778e-01	2.222222e+00	1.014653e-05
7.777778e-01	2.272727e+00	1.601920e-06
7.777778e-01	2.323232e+00	2.202011e-07
7.777778e-01	2.373737e+00	2.631005e-08
7.777778e-01	2.424242e+00	2.727345e-09
7.777778e-01	2.474747e+00	2.448699e-10
7.777778e-01	2.525253e+00	1.899122e-11
7.777778e-01	2.575758e+00	1.273156e-12
7.777778e-01	2.626263e+00	7.279637e-14
7.777778e-01	2.676768e+00	3.726255e-15
7.777778e-01	2.727273e+00	1.327393e-16
7.777778e-01	2.777778e+00	1.071492e-17
7.777778e-01	2.828283e+00	3.303241e-19
7.777778e-01	2.878788e+00	1.098534e-18
7.777778e-01	2.929293e+00	9.819650e-19
7.777778e-01	2.979798e+00	1.033649e-18
7.777778e-01	3.030303e+00	1.055032e-18
7.777778e-01	3.080808e+00	1.074653e-18
7.777778e-01	3.131313e+00	1.088442e-18
7.777778e-01	3.181818e+00	1.097170e-18
7.777778e-01	3.232323e+00	1.100508e-18
7.777778e-01	3.282828e+00	1.098942e-18
7.777778e-01	3.333333e+00	1.092248e-18
7.777778e-01	3.383838e+00	1.080890e-18
7.777778e-01	3.434343e+00	1.064889e-18
7.777778e-01	3.484848e+00	1.044519e-18
7.777778e-01	3.535354e+00	1.020119e-18
7.777778e-01	3.585859e+00	9.917694e-19
7.777778e-01	3.636364e+00	9.600450e-19
7.777778e-01	3.686869e+00	9.249394e-19
7.777778e-01	3.737374e+00	8.870891e-19
7.777778e-01	3.787879e+00	8.465850e-19
7.777778e-01	3.838384e+00	8.039406e-19
7.777778e-01	3.888889e+00	7.594488e-19
7.777778e-01	3.939394e+00	7.134546e-19
7.777778e-01	3.989899e+00	6.664045e-19
7.777778e-01	4.040404e+00	6.185470e-19
7.777778e-01	4.090909e+00	5.703911e-19
7.777778e-01	4.141414e+00	5.221495e-19
7.777778e-01	4.191919e+00	4.743193e-19
7.777778e-01	4.242424e+00	4.271251e-19
7.777778e-01	4.292929e+00	3.810074e-19
7.777778e-01	4.343434e+00	3.362132e-19
7.777778e-01	4.393939e+00	2.931190e-19
7.777778e-01	4.444444e+00	2.519717e-19
7.777778e-01	4.494949e+00	2.130977e-19
7.777778e-01	4.545455e+00	1.767314e-19
7.777778e-01	4.595960e+00	1.431392e-19
7.777778e-01	4.646465e+00	1.125464e-19
7.777778e-01	4.696970e+00	8.516105e-20
7.777778e-01	4.747475e+00	6.119587e-20
7.777778e-01	4.797980e+00	4.082506e-20
7.777778e-01	4.848485e+00	2.424851e-20
7.777778e-01	4.898990e+00	1.166536e-20
7.777778e-01	4.949495e+00	3.369030e-21
7.777778e-01	5.000000e+00	2.638708e-31
7.878788e-01	0.000000e+00	0.000000e+00
7.878788e-01	5.050505e-02	5.369584e-07
7.878788e-01	1.010101e-01	3.065823e-06
7.878788e-01	1.515152e-01	1.150911e-05
7.878788e-01	2.020202e-01	3.750533e-05
7.878788e-01	2.525253e-01	1.125612e-04
7.878788e-01	3.030303e-01	3.155537e-04
7.878788e-01	3.535354e-01	8.278393e-04
7.878788e-01	4.040404e-01	2.028094e-03
7.878788e-01	4.545455e-01	4.621787e-03
7.878788e-01	5.050505e-01	9.747092e-03
7.878788e-01	5.555556e-01	1.889883e-02
7.878788e-01	6.060606e-01	3.340434e-02
7.878788e-01	6.565657e-01	5.321158e-02
7.878788e-01	7.070707e-01	7.515112e-02
7.878788e-01	7.575758e-01	9.174648e-02
7.878788e-01	8.080808e-01	9.267646e-02
7.878788e-01	8.585859e-01	7.087597e-02
7.878788e-01	9.090909e-01	3.245232e-02
7.878788e-01	9.595960e-01	4.271198e-03
7.878788e-01	1.010101e+00	2.929456e-02
7.878788e-01	1.060606e+00	1.441923e-01
7.878788e-01	1.111111e+00	3.486310e-01
7.878788e-01	1.161616e+00	5.909687e-01
7.878788e-01	1.212121e+00	7.920623e-01
7.878788e-01	1.262626e+00	8.995827e-01
7.878788e-01	1.313131e+00	9.307964e-01
7.878788e-01	1.363636e+00	9.605146e-01
7.878788e-01	1.414141e+00	1.055843e+00
7.878788e-01	1.464646e+00	1.212097e+00
7.878788e-01	1.515152e+00	1.348412e+00
7.878788e-01	1.565657e+00	1.367678e+00
7.878788e-01	1.616162e+00	1.227459e+00
7.878788e-01	1.666667e+00	9.643295e-01
7.878788e-01	1.717172e+00	6.616108e-01
7.878788e-01	1.767677e+00	3.966178e-01
7.878788e-01	1.818182e+00	2.080017e-01
7.878788e-01	1.868687e+00	9.553423e-02
7.878788e-01	1.919192e+00	3.845454e-02
7.878788e-01	1.969697e+00	1.356878e-02
7.878788e-01	2.020202e+00	4.196326e-03
7.878788e-01	2.070707e+00	1.136871e-03
7.878788e-01	2.121212e+00	2.695975e-04
7.878788e-01	2.171717e+00	5.590168e-05
7.878788e-01	2.222222e+00	1.012255e-05
7.878788e-01	2.272727e+00	1.598417e-06
7.878788e-01	2.323232e+00	2.197540e-07
7.878788e-01	2.373737e+00	2.626034e-08
7.878788e-01	2.424242e+00	2.722536e-09
7.878788e-01	2.474747e+00	2.444661e-10
7.878788e-01	2.525253e+00	1.896186e-11
7.878788e-01	2.575758e+00	1.271310e-12
7.878788e-01	2.626263e+00	7.269655e-14
7.878788e-01	2.676768e+00	3.721542e-15
7.878788e-01	2.727273e+00	1.325638e-16
7.878788e-01	2.777778e+00	1.070952e-17
7.878788e-01	2.828283e+00	3.330111e-19
7.878788e-01	2.878788e+00	1.101252e-18
7.878788e-01	2.929293e+00	9.848230e-19
7.878788e-01	2.979798e+00	1.036587e-18
7.878788e-01	3.030303e+00	1.058040e-18
7.878788e-01	3.080808e+00	1.077716e-18
7.878788e-01	3.131313e+00	1.091544e-18
7.878788e-01	3.181818e+00	1.100296e-18
7.878788e-01	3.232323e+00	1.103644e-18
7.878788e-01	3.282828e+00	1.102073e-18
7.878788e-01	3.333333e+00	1.095361e-18
7.878788e-01	3.383838e+00	1.083970e-18
7.878788e-01	3.434343e+00	1.067924e-18
7.878788e-01	3.484848e+00	1.047494e-18
7.878788e-01	3.535354e+00	1.023026e-18
7.878788e-01	3.585859e+00	9.945947e-19
7.878788e-01	3.636364e+00	9.627806e-19
7.878788e-01	3.686869e+00	9.275745e-19
7.878788e-01	3.737374e+00	8.896165e-19
7.878788e-01	3.787879e+00	8.489970e-19
7.878788e-01	3.838384e+00	8.062310e-19
7.878788e-01	3.888889e+00	7.616125e-19
7.878788e-01	3.939394e+00	7.154871e-19
7.878788e-01	3.989899e+00	6.683030e-19
7.878788e-01	4.040404e+00	6.203091e-19
7.878788e-01	4.090909e+00	5.720161e-19
7.878788e-01	4.141414e+00	5.236371e-19
7.878788e-01	4.191919e+00	4.756705e-19
7.878788e-01	4.242424e+00	4.283419e-19
7.878788e-01	4.292929e+00	3.820928e-19
7.878788e-01	4.343434e+00	3.371710e-19
7.878788e-01	4.393939e+00	2.939540e-19
7.878788e-01	4.444444e+00	2.526895e-19
7.878788e-01	4.494949e+00	2.137048e-19
7.878788e-01	4.545455e+00	1.772348e-19
7.878788e-01	4.595960e+00	1.435470e-19
7.878788e-01	4.646465e+00	1.128670e-19
7.878788e-01	4.696970e+00	8.540369e-20
7.878788e-01	4.747475e+00	6.137019e-20
7.878788e-01	4.797980e+00	4.094138e-20
7.878788e-01	4.848485e+00	2.431758e-20
7.878788e-01	4.898990e+00	1.169860e-20
7.878788e-01	4.949495e+00	3.378627e-21
7.878788e-01	5.000000e+00	2.665358e-31
7.979798e-01	0.000000e+00	0.000000e+00
7.979798e-01	5.050505e-02	5.383377e-07
7.979798e-01	1.010101e-01	3.073679e-06
7.979798e-01	1.515152e-01	1.153842e-05
7.979798e-01	2.020202e-01	3.759984e-05
7.979798e-01	2.525253e-01	1.128402e-04
7.979798e-01	3.030303e-01	3.163174e-04
7.979798e-01	3.535354e-01	8.297761e-04
7.979798e-01	4.040404e-01	2.032615e-03
7.979798e-01	4.545455e-01	4.631389e-03
7.979798e-01	5.050505e-01	9.765297e-03
7.979798e-01	5.555556e-01	1.892855e-02
7.979798e-01	6.060606e-01	3.344262e-02
7.979798e-01	6.565657e-01	5.323871e-02
7.979798e-01	7.070707e-01	7.511471e-02
7.979798e-01	7.575758e-01	9.154951e-02
7.979798e-01	8.080808e-01	9.219162e-02
7.979798e-01	8.585859e-01	7.001909e-02
7.979798e-01	9.090909e-01	3.133689e-02
7.979798e-01	9.595960e-01	3.413567e-03
7.979798e-01	1.010101e+00	2.975099e-02
7.979798e-01	1.060606e+00	1.474410e-01
7.979798e-01	1.111111e+00	3.560614e-01
7.979798e-01	1.161616e+00	6.030634e-01
7.979798e-01	1.212121e+00	8.076673e-01
7.979798e-01	1.262626e+00	9.158072e-01
7.979798e-01	1.313131e+00	9.438465e-01
7.979798e-01	1.363636e+00	9.671872e-01
7.979798e-01	1.414141e+00	1.054889e+00
7.979798e-01	1.464646e+00	1.204662e+00
7.979798e-01	1.515152e+00	1.337331e+00
7.979798e-01	1.565657e+00	1.356120e+00
7.979798e-01	1.616162e+00	1.217738e+00
7.979798e-01	1.666667e+00	9.574230e-01
7.979798e-01	1.717172e+00	6.573785e-01
7.979798e-01	1.767677e+00	3.943573e-01
7.979798e-01	1.818182e+00	2.069435e-01
7.979798e-01	1.868687e+00	9.509874e-02
7.979798e-01	1.919192e+00	3.829677e-02
7.979798e-01	1.969697e+00	1.351844e-02
7.979798e-01	2.020202e+00	4.182185e-03
7.979798e-01	2.070707e+00	1.133376e-03
7.979798e-01	2.121212e+00	2.688384e-04
7.979798e-01	2.171717e+00	5.575698e-05
7.979798e-01	2.222222e+00	1.009838e-05
7.979798e-01	2.272727e+00	1.594884e-06
7.979798e-01	2.323232e+00	2.193033e-07
7.979798e-01	2.373737e+00	2.621020e-08
7.979798e-01	2.424242e+00	2.717687e-09
7.979798e-01	2.474747e+00	2.440588e-10
7.979798e-01	2.525253e+00	1.893224e-11
7.979798e-01	2.575758e+00	1.269447e-12
7.979798e-01	2.626263e+00	7.259585e-14
7.979798e-01	2.676768e+00	3.716791e-15
7.979798e-01	2.727273e+00	1.323862e-16
7.979798e-01	2.777778e+00	1.070427e-17
7.979798e-01	2.828283e+00	3.357783e-19
7.979798e-01	2.878788e+00	1.104081e-18
7.979798e-01	2.929293e+00	9.877913e-19
7.979798e-01	2.979798e+00	1.039640e-18
7.979798e-01	3.030303e+00	1.061165e-18
7.979798e-01	3.080808e+00	1.080898e-18
7.979798e-01	3.131313e+00	1.094767e-18
7.979798e-01	3.181818e+00	1.103544e-18
7.979798e-01	3.232323e+00	1.106903e-18
7.979798e-01	3.282828e+00	1.105326e-18
7.979798e-01	3.333333e+00	1.098595e-18
7.979798e-01	3.383838e+00	1.087169e-18
7.979798e-01	3.434343e+00	1.071076e-18
7.979798e-01	3.484848e+00	1.050586e-18
7.979798e-01	3.535354e+00	1.026046e-18
7.979798e-01	3.585859e+00	9.975302e-19
7.979798e-01	3.636364e+00	9.656227e-19
7.979798e-01	3.686869e+00	9.303123e-19
7.979798e-01	3.737374e+00	8.922424e-19
7.979798e-01	3.787879e+00	8.515029e-19
7.979798e-01	3.838384e+00	8.086106e-19
7.979798e-01	3.888889e+00	7.638606e-19
7.979798e-01	3.939394e+00	7.175988e-19
7.979798e-01	3.989899e+00	6.702756e-19
7.979798e-01	4.040404e+00	6.221398e-19
7.979798e-01	4.090909e+00	5.737044e-19
7.979798e-01	4.141414e+00	5.251826e-19
7.979798e-01	4.191919e+00	4.770744e-19
7.979798e-01	4.242424e+00	4.296061e-19
7.979798e-01	4.292929e+00	3.832205e-19
7.979798e-01	4.343434e+00	3.381662e-19
7.979798e-01	4.393939e+00	2.948216e-19
7.979798e-01	4.444444e+00	2.534353e-19
7.979798e-01	4.494949e+00	2.143356e-19
7.979798e-01	4.545455e+00	1.777579e-19
7.979798e-01	4.595960e+00	1.439707e-19
7.979798e-01	4.646465e+00	1.132001e-19
7.979798e-01	4.696970e+00	8.565578e-20
7.979798e-01	4.747475e+00	6.155131e-20
7.979798e-01	4.797980e+00	4.106222e-20
7.979798e-01	4.848485e+00	2.438934e-20
7.979798e-01	4.898990e+00	1.173313e-20
7.979798e-01	4.949495e+00	3.388598e-21
7.979798e-01	5.000000e+00	2.692034e-31
8.080808e-01	0.000000e+00	0.000000e+00
8.080808e-01	5.050505e-02	5.397937e-07
8.080808e-01	1.010101e-01	3.081975e-06
8.080808e-01	1.515152e-01	1.156940e-05
8.080808e-01	2.020202e-01	3.769986e-05
8.080808e-01	2.525253e-01	1.131361e-04
8.080808e-01	3.030303e-01	3.171301e-04
8.080808e-01	3.535354e-01	8.318466e-04
8.080808e-01	4.040404e-01	2.037480e-03
8.080808e-01	4.545455e-01	4.641826e-03
8.080808e-01	5.050505e-01	9.785404e-03
8.080808e-01	5.555556e-01	1.896231e-02
8.080808e-01	6.060606e-01	3.348895e-02
8.080808e-01	6.565657e-01	5.328071e-02
8.080808e-01	7.070707e-01	7.510370e-02
8.080808e-01	7.575758e-01	9.139247e-02
8.080808e-01	8.080808e-01	9.176413e-02
8.080808e-01	8.585859e-01	6.923695e-02
8.080808e-01	9.090909e-01	3.030899e-02
8.080808e-01	9.595960e-01	2.646956e-03
8.080808e-01	1.010101e+00	3.029023e-02
8.080808e-01	1.060606e+00	1.507545e-01
8.080808e-01	1.111111e+00	3.635347e-01
8.080808e-01	1.161616e+00	6.151828e-01
8.080808e-01	1.212121e+00	8.232858e-01
8.080808e-01	1.262626e+00	9.320389e-01
8.080808e-01	1.313131e+00	9.568967e-01
8.080808e-01	1.363636e+00	9.738463e-01
8.080808e-01	1.414141e+00	1.053902e+00
8.080808e-01	1.464646e+00	1.197175e+00
8.080808e-01	1.515152e+00	1.326185e+00
8.080808e-01	1.565657e+00	1.344496e+00
8.080808e-01	1.616162e+00	1.207961e+00
8.080808e-01	1.666667e+00	9.504753e-01
8.080808e-01	1.717172e+00	6.531200e-01
8.080808e-01	1.767677e+00	3.920824e-01
8.080808e-01	1.818182e+00	2.058783e-01
8.080808e-01	1.868687e+00	9.466030e-02
8.080808e-01	1.919192e+00	3.813790e-02
8.080808e-01	1.969697e+00	1.346774e-02
8.080808e-01	2.020202e+00	4.167941e-03
8.080808e-01	2.070707e+00	1.129855e-03
8.080808e-01	2.121212e+00	2.680736e-04
8.080808e-01	2.171717e+00	5.561116e-05
8.080808e-01	2.222222e+00	1.007402e-05
8.080808e-01	2.272727e+00	1.591324e-06
8.080808e-01	2.323232e+00	2.188489e-07
8.080808e-01	2.373737e+00	2.615966e-08
8.080808e-01	2.424242e+00	2.712797e-09
8.080808e-01	2.474747e+00	2.436482e-10
8.080808e-01	2.525253e+00	1.890238e-11
8.080808e-01	2.575758e+00	1.267568e-12
8.080808e-01	2.626263e+00	7.249427e-14
8.080808e-01	2.676768e+00	3.712002e-15
8.080808e-01	2.727273e+00	1.322064e-16
8.080808e-01	2.777778e+00	1.069918e-17
8.080808e-01	2.828283e+00	3.386270e-19
8.080808e-01	2.878788e+00	1.107023e-18
8.080808e-01	2.929293e+00	9.908723e-19
8.080808e-01	2.979798e+00	1.042809e-18
8.080808e-01	3.030303e+00	1.064409e-18
8.080808e-01	3.080808e+00	1.084201e-18
8.080808e-01	3.131313e+00	1.098113e-18
8.080808e-01	3.181818e+00	1.106917e-18
8.080808e-01	3.232323e+00	1.110286e-18
8.080808e-01	3.282828e+00	1.108704e-18
8.080808e-01	3.333333e+00	1.101953e-18
8.080808e-01	3.383838e+00	1.090491e-18
8.080808e-01	3.434343e+00	1.074350e-18
8.080808e-01	3.484848e+00	1.053796e-18
8.080808e-01	3.535354e+00	1.029182e-18
8.080808e-01	3.585859e+00	1.000578e-18
8.080808e-01	3.636364e+00	9.685736e-19
8.080808e-01	3.686869e+00	9.331549e-19
8.080808e-01	3.737374e+00	8.949687e-19
8.080808e-01	3.787879e+00	8.541048e-19
8.080808e-01	3.838384e+00	8.110813e-19
8.080808e-01	3.888889e+00	7.661947e-19
8.080808e-01	3.939394e+00	7.197913e-19
8.080808e-01	3.989899e+00	6.723237e-19
8.080808e-01	4.040404e+00	6.240407e-19
8.080808e-01	4.090909e+00	5.754573e-19
8.080808e-01	4.141414e+00	5.267872e-19
8.080808e-01	4.191919e+00	4.785320e-19
8.080808e-01	4.242424e+00	4.309187e-19
8.080808e-01	4.292929e+00	3.843914e-19
8.080808e-01	4.343434e+00	3.391995e-19
8.080808e-01	4.393939e+00	2.957224e-19
8.080808e-01	4.444444e+00	2.542096e-19
8.080808e-01	4.494949e+00	2.149905e-19
8.080808e-01	4.545455e+00	1.783009e-19
8.080808e-01	4.595960e+00	1.444106e-19
8.080808e-01	4.646465e+00	1.135459e-19
8.080808e-01	4.696970e+00	8.591753e-20
8.080808e-01	4.747475e+00	6.173936e-20
8.080808e-01	4.797980e+00	4.118770e-20
8.080808e-01	4.848485e+00	2.446385e-20
8.080808e-01	4.898990e+00	1.176898e-20
8.080808e-01	4.949495e+00	3.398950e-21
8.080808e-01	5.000000e+00	2.718726e-31
8.181818e-01	0.000000e+00	0.000000e+00
8.181818e-01	5.050505e-02	5.413284e-07
8.181818e-01	1.010101e-01	3.090721e-06
8.181818e-01	1.515152e-01	1.160209e-05
8.181818e-01	2.020202e-01	3.780554e-05
8.181818e-01	2.525253e-01	1.134494e-04
8.181818e-01	3.030303e-01	3.179930e-04
8.181818e-01	3.535354e-01	8.340541e-04
8.181818e-01	4.040404e-01	2.042698e-03
8.181818e-01	4.545455e-01	4.653120e-03
8.181818e-01	5.050505e-01	9.807460e-03
8.181818e-01	5.555556e-01	1.900024e-02
8.181818e-01	6.060606e-01	3.354356e-02
8.181818e-01	6.565657e-01	5.333801e-02
8.181818e-01	7.070707e-01	7.511887e-02
8.181818e-01	7.575758e-01	9.127663e-02
8.181818e-01	8.080808e-01	9.139591e-02
8.181818e-01	8.585859e-01	6.853213e-02
8.181818e-01	9.090909e-01	2.937169e-02
8.181818e-01	9.595960e-01	1.974434e-03
8.181818e-01	1.010101e+00	3.091458e-02
8.181818e-01	1.060606e+00	1.541334e-01
8.181818e-01	1.111111e+00	3.710494e-01
8.181818e-01	1.161616e+00	6.273227e-01
8.181818e-01	1.212121e+00	8.389118e-01
8.181818e-01	1.262626e+00	9.482718e-01
8.181818e-01	1.313131e+00	9.699418e-01
8.181818e-01	1.363636e+00	9.804888e-01
8.181818e-01	1.414141e+00	1.052881e+00
8.181818e-01	1.464646e+00	1.189636e+00
8.181818e-01	1.515152e+00	1.314975e+00
8.181818e-01	1.565657e+00	1.332808e+00
8.181818e-01	1.616162e+00	1.198130e+00
8.181818e-01	1.666667e+00	9.434877e-01
8.181818e-01	1.717172e+00	6.488363e-01
8.181818e-01	1.767677e+00	3.897935e-01
8.181818e-01	1.818182e+00	2.048064e-01
8.181818e-01	1.868687e+00	9.421899e-02
8.181818e-01	1.919192e+00	3.797796e-02
8.181818e-01	1.969697e+00	1.341669e-02
8.181818e-01	2.020202e+00	4.153597e-03
8.181818e-01	2.070707e+00	1.126309e-03
8.181818e-01	2.121212e+00	2.673031e-04
8.181818e-01	2.171717e+00	5.546425e-05
8.181818e-01	2.222222e+00	1.004947e-05
8.181818e-01	2.272727e+00	1.587736e-06
8.181818e-01	2.323232e+00	2.183909e-07
8.181818e-01	2.373737e+00	2.610871e-08
8.181818e-01	2.424242e+00	2.707867e-09
8.181818e-01	2.474747e+00	2.432341e-10
8.181818e-01	2.525253e+00	1.887227e-11
8.181818e-01	2.575758e+00	1.265673e-12
8.181818e-01	2.626263e+00	7.239183e-14
8.181818e-01	2.676768e+00	3.707175e-15
8.181818e-01	2.727273e+00	1.320245e-16
8.181818e-01	2.777778e+00	1.069425e-17
8.181818e-01	2.828283e+00	3.415584e-19
8.181818e-01	2.878788e+00	1.110079e-18
8.181818e-01	2.929293e+00	9.940679e-19
8.181818e-01	2.979798e+00	1.046097e-18
8.181818e-01	3.030303e+00	1.067775e-18
8.181818e-01	3.080808e+00	1.087629e-18
8.181818e-01	3.131313e+00	1.101584e-18
8.181818e-01	3.181818e+00	1.110415e-18
8.181818e-01	3.232323e+00	1.113796e-18
8.181818e-01	3.282828e+00	1.112208e-18
8.181818e-01	3.333333e+00	1.105437e-18
8.181818e-01	3.383838e+00	1.093937e-18
8.181818e-01	3.434343e+00	1.077746e-18
8.181818e-01	3.484848e+00	1.057126e-18
8.181818e-01	3.535354e+00	1.032435e-18
8.181818e-01	3.585859e+00	1.003740e-18
8.181818e-01	3.636364e+00	9.716353e-19
8.181818e-01	3.686869e+00	9.361042e-19
8.181818e-01	3.737374e+00	8.977975e-19
8.181818e-01	3.787879e+00	8.568044e-19
8.181818e-01	3.838384e+00	8.136448e-19
8.181818e-01	3.888889e+00	7.686164e-19
8.181818e-01	3.939394e+00	7.220663e-19
8.181818e-01	3.989899e+00	6.744487e-19
8.181818e-01	4.040404e+00	6.260130e-19
8.181818e-01	4.090909e+00	5.772761e-19
8.181818e-01	4.141414e+00	5.284522e-19
8.181818e-01	4.191919e+00	4.800444e-19
8.181818e-01	4.242424e+00	4.322807e-19
8.181818e-01	4.292929e+00	3.856062e-19
8.181818e-01	4.343434e+00	3.402715e-19
8.181818e-01	4.393939e+00	2.966570e-19
8.181818e-01	4.444444e+00	2.550131e-19
8.181818e-01	4.494949e+00	2.156700e-19
8.181818e-01	4.545455e+00	1.788644e-19
8.181818e-01	4.595960e+00	1.448670e-19
8.181818e-01	4.646465e+00	1.139047e-19
8.181818e-01	4.696970e+00	8.618911e-20
8.181818e-01	4.747475e+00	6.193448e-20
8.181818e-01	4.797980e+00	4.131789e-20
8.181818e-01	4.848485e+00	2.454116e-20
8.181818e-01	4.898990e+00	1.180617e-20
8.181818e-01	4.949495e+00	3.409691e-21
8.181818e-01	5.000000e+00	2.745424e-31
8.282828e-01	0.000000e+00	0.000000e+00
8.282828e-01	5.050505e-02	5.429435e-07
8.282828e-01	1.010101e-01	3.099928e-06
8.282828e-01	1.515152e-01	1.163652e-05
8.282828e-01	2.020202e-01	3.791699e-05
8.282828e-01	2.525253e-01	1.137805e-04
8.282828e-01	3.030303e-01	3.189072e-04
8.282828e-01	3.535354e-01	8.364018e-04
8.282828e-01	4.040404e-01	2.048278e-03
8.282828e-01	4.545455e-01	4.665290e-03
8.282828e-01	5.050505e-01	9.831517e-03
8.282828e-01	5.555556e-01	1.904243e-02
8.282828e-01	6.060606e-01	3.360668e-02
8.282828e-01	6.565657e-01	5.341106e-02
8.282828e-01	7.070707e-01	7.516100e-02
8.282828e-01	7.575758e-01	9.120325e-02
8.282828e-01	8.080808e-01	9.108885e-02
8.282828e-01	8.585859e-01	6.790722e-02
8.282828e-01	9.090909e-01	2.852803e-02
8.282828e-01	9.595960e-01	1.399056e-03
8.282828e-01	1.010101e+00	3.162633e-02
8.282828e-01	1.060606e+00	1.575784e-01
8.282828e-01	1.111111e+00	3.786038e-01
8.282828e-01	1.161616e+00	6.394791e-01
8.282828e-01	1.212121e+00	8.545396e-01
8.282828e-01	1.262626e+00	9.644994e-01
8.282828e-01	1.313131e+00	9.829766e-01
8.282828e-01	1.363636e+00	9.871116e-01
8.282828e-01	1.414141e+00	1.051826e+00
8.282828e-01	1.464646e+00	1.182046e+00
8.282828e-01	1.515152e+00	1.303705e+00
8.282828e-01	1.565657e+00	1.321060e+00
8.282828e-01	1.616162e+00	1.188247e+00
8.282828e-01	1.666667e+00	9.364620e-01
8.282828e-01	1.717172e+00	6.445283e-01
8.282828e-01	1.767677e+00	3.874911e-01
8.282828e-01	1.818182e+00	2.037279e-01
8.282828e-01	1.868687e+00	9.377490e-02
8.282828e-01	1.919192e+00	3.781698e-02
8.282828e-01	1.969697e+00	1.336530e-02
8.282828e-01	2.020202e+00	4.139154e-03
8.282828e-01	2.070707e+00	1.122738e-03
8.282828e-01	2.121212e+00	2.665271e-04
8.282828e-01	2.171717e+00	5.531626e-05
8.282828e-01	2.222222e+00	1.002474e-05
8.282828e-01	2.272727e+00	1.584120e-06
8.282828e-01	2.323232e+00	2.179294e-07
8.282828e-01	2.373737e+00	2.605737e-08
8.282828e-01	2.424242e+00	2.702900e-09
8.282828e-01	2.474747e+00	2.428169e-10
8.282828e-01	2.525253e+00	1.884191e-11
8.282828e-01	2.575758e+00	1.263764e-12
8.282828e-01	2.626263e+00	7.228853e-14
8.282828e-01	2.676768e+00	3.702313e-15
8.282828e-01	2.727273e+00	1.318405e-16
8.282828e-01	2.777778e+00	1.068950e-17
8.282828e-01	2.828283e+00	3.445740e-19
8.282828e-01	2.878788e+00	1.113253e-18
8.282828e-01	2.929293e+00	9.973805e-19
8.282828e-01	2.979798e+00	1.049506e-18
8.282828e-01	3.030303e+00	1.071265e-18
8.282828e-01	3.080808e+00	1.091182e-18
8.282828e-01	3.131313e+00	1.105183e-18
8.282828e-01	3.181818e+00	1.114043e-18
8.282828e-01	3.232323e+00	1.117435e-18
8.282828e-01	3.282828e+00	1.115841e-18
8.282828e-01	3.333333e+00	1.109049e-18
8.282828e-01	3.383838e+00	1.097510e-18
8.282828e-01	3.434343e+00	1.081268e-18
8.282828e-01	3.484848e+00	1.060579e-18
8.282828e-01	3.535354e+00	1.035809e-18
8.282828e-01	3.585859e+00	1.007019e-18
8.282828e-01	3.636364e+00	9.748100e-19
8.282828e-01	3.686869e+00	9.391624e-19
8.282828e-01	3.737374e+00	9.007306e-19
8.282828e-01	3.787879e+00	8.596036e-19
8.282828e-01	3.838384e+00	8.163029e-19
8.282828e-01	3.888889e+00	7.711276e-19
8.282828e-01	3.939394e+00	7.244251e-19
8.282828e-01	3.989899e+00	6.766521e-19
8.282828e-01	4.040404e+00	6.280581e-19
8.282828e-01	4.090909e+00	5.791620e-19
8.282828e-01	4.141414e+00	5.301787e-19
8.282828e-01	4.191919e+00	4.816126e-19
8.282828e-01	4.242424e+00	4.336930e-19
8.282828e-01	4.292929e+00	3.868660e-19
8.282828e-01	4.343434e+00	3.413832e-19
8.282828e-01	4.393939e+00	2.976262e-19
8.282828e-01	4.444444e+00	2.558462e-19
8.282828e-01	4.494949e+00	2.163746e-19
8.282828e-01	4.545455e+00	1.794487e-19
8.282828e-01	4.595960e+00	1.453403e-19
8.282828e-01	4.646465e+00	1.142768e-19
8.282828e-01	4.696970e+00	8.647072e-20
8.282828e-01	4.747475e+00	6.213681e-20
8.282828e-01	4.797980e+00	4.145288e-20
8.282828e-01	4.848485e+00	2.462133e-20
8.282828e-01	4.898990e+00	1.184474e-20
8.282828e-01	4.949495e+00	3.420828e-21
8.282828e-01	5.000000e+00	2.772118e-31
8.383838e-01	0.000000e+00	0.000000e+00
8.383838e-01	5.050505e-02	5.446406e-07
8.383838e-01	1.010101e-01	3.109606e-06
8.383838e-01	1.515152e-01	1.167273e-05
8.383838e-01	2.020202e-01	3.803435e-05
8.383838e-01	2.525253e-01	1.141297e-04
8.383838e-01	3.030303e-01	3.198739e-04
8.383838e-01	3.535354e-01	8.388929e-04
8.383838e-01	4.040404e-01	2.054227e-03
8.383838e-01	4.545455e-01	4.678359e-03
8.383838e-01	5.050505e-01	9.857623e-03
8.383838e-01	5.555556e-01	1.908900e-02
8.383838e-01	6.060606e-01	3.367852e-02
8.383838e-01	6.565657e-01	5.350028e-02
8.383838e-01	7.070707e-01	7.523085e-02
8.383838e-01	7.575758e-01	9.117361e-02
8.383838e-01	8.080808e-01	9.084487e-02
8.383838e-01	8.585859e-01	6.736476e-02
8.383838e-01	9.090909e-01	2.778108e-02
8.383838e-01	9.595960e-01	9.238737e-04
8.383838e-01	1.010101e+00	3.242776e-02
8.383838e-01	1.060606e+00	1.610902e-01
8.383838e-01	1.111111e+00	3.861962e-01
8.383838e-01	1.161616e+00	6.516479e-01
8.383838e-01	1.212121e+00	8.701634e-01
8.383838e-01	1.262626e+00	9.807157e-01
8.383838e-01	1.313131e+00	9.959959e-01
8.383838e-01	1.363636e+00	9.937116e-01
8.383838e-01	1.414141e+00	1.050735e+00
8.383838e-01	1.464646e+00	1.174407e+00
8.383838e-01	1.515152e+00	1.292377e+00
8.383838e-01	1.565657e+00	1.309253e+00
8.383838e-01	1.616162e+00	1.178314e+00
8.383838e-01	1.666667e+00	9.293994e-01
8.383838e-01	1.717172e+00	6.401969e-01
8.383838e-01	1.767677e+00	3.851757e-01
8.383838e-01	1.818182e+00	2.026431e-01
8.383838e-01	1.868687e+00	9.332811e-02
8.383838e-01	1.919192e+00	3.765500e-02
8.383838e-01	1.969697e+00	1.331358e-02
8.383838e-01	2.020202e+00	4.124615e-03
8.383838e-01	2.070707e+00	1.119143e-03
8.383838e-01	2.121212e+00	2.657457e-04
8.383838e-01	2.171717e+00	5.516723e-05
8.383838e-01	2.222222e+00	9.999837e-06
8.383838e-01	2.272727e+00	1.580479e-06
8.383838e-01	2.323232e+00	2.174645e-07
8.383838e-01	2.373737e+00	2.600565e-08
8.383838e-01	2.424242e+00	2.697894e-09
8.383838e-01	2.474747e+00	2.423964e-10
8.383838e-01	2.525253e+00	1.881132e-11
8.383838e-01	2.575758e+00	1.261839e-12
8.383838e-01	2.626263e+00	7.218440e-14
8.383838e-01	2.676768e+00	3.697414e-15
8.383838e-01	2.727273e+00	1.316544e-16
8.383838e-01	2.777778e+00	1.068494e-17
8.383838e-01	2.828283e+00	3.476751e-19
8.383838e-01	2.878788e+00	1.116546e-18
8.383838e-01	2.929293e+00	1.000812e-18
8.383838e-01	2.979798e+00	1.053038e-18
8.383838e-01	3.030303e+00	1.074881e-18
8.383838e-01	3.080808e+00	1.094864e-18
8.383838e-01	3.131313e+00	1.108913e-18
8.383838e-01	3.181818e+00	1.117802e-18
8.383838e-01	3.232323e+00	1.121206e-18
8.383838e-01	3.282828e+00	1.119606e-18
8.383838e-01	3.333333e+00	1.112792e-18
8.383838e-01	3.383838e+00	1.101213e-18
8.383838e-01	3.434343e+00	1.084917e-18
8.383838e-01	3.484848e+00	1.064157e-18
8.383838e-01	3.535354e+00	1.039304e-18
8.383838e-01	3.585859e+00	1.010417e-18
8.383838e-01	3.636364e+00	9.780996e-19
8.383838e-01	3.686869e+00	9.423314e-19
8.383838e-01	3.737374e+00	9.037700e-19
8.383838e-01	3.787879e+00	8.625044e-19
8.383838e-01	3.838384e+00	8.190573e-19
8.383838e-01	3.888889e+00	7.737298e-19
8.383838e-01	3.939394e+00	7.268695e-19
8.383838e-01	3.989899e+00	6.789355e-19
8.383838e-01	4.040404e+00	6.301774e-19
8.383838e-01	4.090909e+00	5.811163e-19
8.383838e-01	4.141414e+00	5.319677e-19
8.383838e-01	4.191919e+00	4.832377e-19
8.383838e-01	4.242424e+00	4.351565e-19
8.383838e-01	4.292929e+00	3.881714e-19
8.383838e-01	4.343434e+00	3.425352e-19
8.383838e-01	4.393939e+00	2.986305e-19
8.383838e-01	4.444444e+00	2.567095e-19
8.383838e-01	4.494949e+00	2.171048e-19
8.383838e-01	4.545455e+00	1.800542e-19
8.383838e-01	4.595960e+00	1.458308e-19
8.383838e-01	4.646465e+00	1.146624e-19
8.383838e-01	4.696970e+00	8.676254e-20
8.383838e-01	4.747475e+00	6.234647e-20
8.383838e-01	4.797980e+00	4.159277e-20
8.383838e-01	4.848485e+00	2.470440e-20
8.383838e-01	4.898990e+00	1.188471e-20
8.383838e-01	4.949495e+00	3.432369e-21
8.383838e-01	5.000000e+00	2.798797e-31
8.484848e-01	0.000000e+00	0.000000e+00
8.484848e-01	5.050505e-02	5.464215e-07
8.484848e-01	1.010101e-01	3.119763e-06
8.484848e-01	1.515152e-01	1.171077e-05
8.484848e-01	2.020202e-01	3.815773e-05
8.484848e-01	2.525253e-01	1.144974e-04
8.484848e-01	3.030303e-01	3.208943e-04
8.484848e-01	3.535354e-01	8.415306e-04
8.484848e-01	4.040404e-01	2.060554e-03
8.484848e-01	4.545455e-01	4.692347e-03
8.484848e-01	5.050505e-01	9.885828e-03
8.484848e-01	5.555556e-01	1.914006e-02
8.484848e-01	6.060606e-01	3.375931e-02
8.484848e-01	6.565657e-01	5.360610e-02
8.484848e-01	7.070707e-01	7.532919e-02
8.484848e-01	7.575758e-01	9.118896e-02
8.484848e-01	8.080808e-01	9.066584e-02
8.484848e-01	8.585859e-01	6.690731e-02
8.484848e-01	9.090909e-01	2.713386e-02
8.484848e-01	9.595960e-01	5.519229e-04
8.484848e-01	1.010101e+00	3.332113e-02
8.484848e-01	1.060606e+00	1.646692e-01
8.484848e-01	1.111111e+00	3.938249e-01
8.484848e-01	1.161616e+00	6.638249e-01
8.484848e-01	1.212121e+00	8.857773e-01
8.484848e-01	1.262626e+00	9.969142e-01
8.484848e-01	1.313131e+00	1.008994e+00
8.484848e-01	1.363636e+00	1.000286e+00
8.484848e-01	1.414141e+00	1.049609e+00
8.484848e-01	1.464646e+00	1.166721e+00
8.484848e-01	1.515152e+00	1.280993e+00
8.484848e-01	1.565657e+00	1.297390e+00
8.484848e-01	1.616162e+00	1.168333e+00
8.484848e-01	1.666667e+00	9.223017e-01
8.484848e-01	1.717172e+00	6.358429e-01
8.484848e-01	1.767677e+00	3.828478e-01
8.484848e-01	1.818182e+00	2.015522e-01
8.484848e-01	1.868687e+00	9.287870e-02
8.484848e-01	1.919192e+00	3.749203e-02
8.484848e-01	1.969697e+00	1.326154e-02
8.484848e-01	2.020202e+00	4.109983e-03
8.484848e-01	2.070707e+00	1.115524e-03
8.484848e-01	2.121212e+00	2.649591e-04
8.484848e-01	2.171717e+00	5.501718e-05
8.484848e-01	2.222222e+00	9.974755e-06
8.484848e-01	2.272727e+00	1.576811e-06
8.484848e-01	2.323232e+00	2.169963e-07
8.484848e-01	2.373737e+00	2.595354e-08
8.484848e-01	2.424242e+00	2.692851e-09
8.484848e-01	2.474747e+00	2.419727e-10
8.484848e-01	2.525253e+00	1.878050e-11
8.484848e-01	2.575758e+00	1.259900e-12
8.484848e-01	2.626263e+00	7.207945e-14
8.484848e-01	2.676768e+00	3.692481e-15
8.484848e-01	2.727273e+00	1.314661e-16
8.484848e-01	2.777778e+00	1.068055e-17
8.484848e-01	2.828283e+00	3.508630e-19
8.484848e-01	2.878788e+00	1.119961e-18
8.484848e-01	2.929293e+00	1.004365e-18
8.484848e-01	2.979798e+00	1.056697e-18
8.484848e-01	3.030303e+00	1.078625e-18
8.484848e-01	3.080808e+00	1.098677e-18
8.484848e-01	3.131313e+00	1.112775e-18
8.484848e-01	3.181818e+00	1.121695e-18
8.484848e-01	3.232323e+00	1.125111e-18
8.484848e-01	3.282828e+00	1.123505e-18
8.484848e-01	3.333333e+00	1.116668e-18
8.484848e-01	3.383838e+00	1.105048e-18
8.484848e-01	3.434343e+00	1.088696e-18
8.484848e-01	3.484848e+00	1.067863e-18
8.484848e-01	3.535354e+00	1.042925e-18
8.484848e-01	3.585859e+00	1.013935e-18
8.484848e-01	3.636364e+00	9.815064e-19
8.484848e-01	3.686869e+00	9.456133e-19
8.484848e-01	3.737374e+00	9.069177e-19
8.484848e-01	3.787879e+00	8.655084e-19
8.484848e-01	3.838384e+00	8.219099e-19
8.484848e-01	3.888889e+00	7.764246e-19
8.484848e-01	3.939394e+00	7.294010e-19
8.484848e-01	3.989899e+00	6.813002e-19
8.484848e-01	4.040404e+00	6.323722e-19
8.484848e-01	4.090909e+00	5.831403e-19
8.484848e-01	4.141414e+00	5.338205e-19
8.484848e-01	4.191919e+00	4.849207e-19
8.484848e-01	4.242424e+00	4.366721e-19
8.484848e-01	4.292929e+00	3.895233e-19
8.484848e-01	4.343434e+00	3.437282e-19
8.484848e-01	4.393939e+00	2.996705e-19
8.484848e-01	4.444444e+00	2.576036e-19
8.484848e-01	4.494949e+00	2.178610e-19
8.484848e-01	4.545455e+00	1.806813e-19
8.484848e-01	4.595960e+00	1.463387e-19
8.484848e-01	4.646465e+00	1.150617e-19
8.484848e-01	4.696970e+00	8.706476e-20
8.484848e-01	4.747475e+00	6.256360e-20
8.484848e-01	4.797980e+00	4.173764e-20
8.484848e-01	4.848485e+00	2.479043e-20
8.484848e-01	4.898990e+00	1.192611e-20
8.484848e-01	4.949495e+00	3.444321e-21
8.484848e-01	5.000000e+00	2.825451e-31
8.585859e-01	0.000000e+00	0.000000e+00
8.585859e-01	5.050505e-02	5.482880e-07
8.585859e-01	1.010101e-01	3.130412e-06
8.585859e-01	1.515152e-01	1.175066e-05
8.585859e-01	2.020202e-01	3.828728e-05
8.585859e-01	2.525253e-01	1.148840e-04
8.585859e-01	3.030303e-01	3.219694e-04
8.585859e-01	3.535354e-01	8.443181e-04
8.585859e-01	4.040404e-01	2.067269e-03
8.585859e-01	4.545455e-01	4.707275e-03
8.585859e-01	5.050505e-01	9.916179e-03
8.585859e-01	5.555556e-01	1.919572e-02
8.585859e-01	6.060606e-01	3.384927e-02
8.585859e-01	6.565657e-01	5.372894e-02
8.585859e-01	7.070707e-01	7.545678e-02
8.585859e-01	7.575758e-01	9.125056e-02
8.585859e-01	8.080808e-01	9.055366e-02
8.585859e-01	8.585859e-01	6.653743e-02
8.585859e-01	9.090909e-01	2.658941e-02
8.585859e-01	9.595960e-01	2.862291e-04
8.585859e-01	1.010101e+00	3.430873e-02
8.585859e-01	1.060606e+00	1.683163e-01
8.585859e-01	1.111111e+00	4.014882e-01
8.585859e-01	1.161616e+00	6.760062e-01
8.585859e-01	1.212121e+00	9.013756e-01
8.585859e-01	1.262626e+00	1.013089e+00
8.585859e-01	1.313131e+00	1.021967e+00
8.585859e-01	1.363636e+00	1.006831e+00
8.585859e-01	1.414141e+00	1.048446e+00
8.585859e-01	1.464646e+00	1.158988e+00
8.585859e-01	1.515152e+00	1.269556e+00
8.585859e-01	1.565657e+00	1.285474e+00
8.585859e-01	1.616162e+00	1.158307e+00
8.585859e-01	1.666667e+00	9.151703e-01
8.585859e-01	1.717172e+00	6.314673e-01
8.585859e-01	1.767677e+00	3.805078e-01
8.585859e-01	1.818182e+00	2.004554e-01
8.585859e-01	1.868687e+00	9.242677e-02
8.585859e-01	1.919192e+00	3.732811e-02
8.585859e-01	1.969697e+00	1.320919e-02
8.585859e-01	2.020202e+00	4.095261e-03
8.585859e-01	2.070707e+00	1.111882e-03
8.585859e-01	2.121212e+00	2.641674e-04
8.585859e-01	2.171717e+00	5.486613e-05
8.585859e-01	2.222222e+00	9.949504e-06
8.585859e-01	2.272727e+00	1.573119e-06
8.585859e-01	2.323232e+00	2.165247e-07
8.585859e-01	2.373737e+00	2.590107e-08
8.585859e-01	2.424242e+00	2.687772e-09
8.585859e-01	2.474747e+00	2.415459e-10
8.585859e-01	2.525253e+00	1.874945e-11
8.585859e-01	2.575758e+00	1.257946e-12
8.585859e-01	2.626263e+00	7.197369e-14
8.585859e-01	2.676768e+00	3.687513e-15
8.585859e-01	2.727273e+00	1.312758e-16
8.585859e-01	2.777778e+00	1.067637e-17
8.585859e-01	2.828283e+00	3.541389e-19
8.585859e-01	2.878788e+00	1.123499e-18
8.585859e-01	2.929293e+00	1.008041e-18
8.585859e-01	2.979798e+00	1.060482e-18
8.585859e-01	3.030303e+00	1.082500e-18
8.585859e-01	3.080808e+00	1.102623e-18
8.585859e-01	3.131313e+00	1.116772e-18
8.585859e-01	3.181818e+00	1.125724e-18
8.585859e-01	3.232323e+00	1.129153e-18
8.585859e-01	3.282828e+00	1.127540e-18
8.585859e-01	3.333333e+00	1.120679e-18
8.585859e-01	3.383838e+00	1.109017e-18
8.585859e-01	3.434343e+00	1.092607e-18
8.585859e-01	3.484848e+00	1.071698e-18
8.585859e-01	3.535354e+00	1.046671e-18
8.585859e-01	3.585859e+00	1.017577e-18
8.585859e-01	3.636364e+00	9.850324e-19
8.585859e-01	3.686869e+00	9.490100e-19
8.585859e-01	3.737374e+00	9.101755e-19
8.585859e-01	3.787879e+00	8.686175e-19
8.585859e-01	3.838384e+00	8.248623e-19
8.585859e-01	3.888889e+00	7.792138e-19
8.585859e-01	3.939394e+00	7.320211e-19
8.585859e-01	3.989899e+00	6.837476e-19
8.585859e-01	4.040404e+00	6.346438e-19
8.585859e-01	4.090909e+00	5.852350e-19
8.585859e-01	4.141414e+00	5.357382e-19
8.585859e-01	4.191919e+00	4.866626e-19
8.585859e-01	4.242424e+00	4.382407e-19
8.585859e-01	4.292929e+00	3.909225e-19
8.585859e-01	4.343434e+00	3.449630e-19
8.585859e-01	4.393939e+00	3.007470e-19
8.585859e-01	4.444444e+00	2.585290e-19
8.585859e-01	4.494949e+00	2.186437e-19
8.585859e-01	4.545455e+00	1.813303e-19
8.585859e-01	4.595960e+00	1.468644e-19
8.585859e-01	4.646465e+00	1.154750e-19
8.585859e-01	4.696970e+00	8.737755e-20
8.585859e-01	4.747475e+00	6.278833e-20
8.585859e-01	4.797980e+00	4.188758e-20
8.585859e-01	4.848485e+00	2.487947e-20
8.585859e-01	4.898990e+00	1.196895e-20
8.585859e-01	4.949495e+00	3.456691e-21
8.585859e-01	5.000000e+00	2.852070e-31
8.686869e-01	0.000000e+00	0.000000e+00
8.686869e-01	5.050505e-02	5.502417e-07
8.686869e-01	1.010101e-01	3.141560e-06
8.686869e-01	1.515152e-01	1.179245e-05
8.686869e-01	2.020202e-01	3.842310e-05
8.686869e-01	2.525253e-01	1.152900e-04
8.686869e-01	3.030303e-01	3.231004e-04
8.686869e-01	3.535354e-01	8.472585e-04
8.686869e-01	4.040404e-01	2.074378e-03
8.686869e-01	4.545455e-01	4.723163e-03
8.686869e-01	5.050505e-01	9.948726e-03
8.686869e-01	5.555556e-01	1.925607e-02
8.686869e-01	6.060606e-01	3.394863e-02
8.686869e-01	6.565657e-01	5.386924e-02
8.686869e-01	7.070707e-01	7.561439e-02
8.686869e-01	7.575758e-01	9.135966e-02
8.686869e-01	8.080808e-01	9.051019e-02
8.686869e-01	8.585859e-01	6.625763e-02
8.686869e-01	9.090909e-01	2.615072e-02
8.686869e-01	9.595960e-01	1.298038e-04
8.686869e-01	1.010101e+00	3.539278e-02
8.686869e-01	1.060606e+00	1.720319e-01
8.686869e-01	1.111111e+00	4.091845e-01
8.686869e-01	1.161616e+00	6.881876e-01
8.686869e-01	1.212121e+00	9.169524e-01
8.686869e-01	1.262626e+00	1.029233e+00
8.686869e-01	1.313131e+00	1.034909e+00
8.686869e-01	1.363636e+00	1.013345e+00
8.686869e-01	1.414141e+00	1.047247e+00
8.686869e-01	1.464646e+00	1.151210e+00
8.686869e-01	1.515152e+00	1.258067e+00
8.686869e-01	1.565657e+00	1.273507e+00
8.686869e-01	1.616162e+00	1.148237e+00
8.686869e-01	1.666667e+00	9.080068e-01
8.686869e-01	1.717172e+00	6.270711e-01
8.686869e-01	1.767677e+00	3.781562e-01
8.686869e-01	1.818182e+00	1.993528e-01
8.686869e-01	1.868687e+00	9.197241e-02
8.686869e-01	1.919192e+00	3.716328e-02
8.686869e-01	1.969697e+00	1.315653e-02
8.686869e-01	2.020202e+00	4.080451e-03
8.686869e-01	2.070707e+00	1.108217e-03
8.686869e-01	2.121212e+00	2.633707e-04
8.686869e-01	2.171717e+00	5.471411e-05
8.686869e-01	2.222222e+00	9.924087e-06
8.686869e-01	2.272727e+00	1.569401e-06
8.686869e-01	2.323232e+00	2.160500e-07
8.686869e-01	2.373737e+00	2.584823e-08
8.686869e-01	2.424242e+00	2.682657e-09
8.686869e-01	2.474747e+00	2.411161e-10
8.686869e-01	2.525253e+00	1.871818e-11
8.686869e-01	2.575758e+00	1.255978e-12
8.686869e-01	2.626263e+00	7.186714e-14
8.686869e-01	2.676768e+00	3.682512e-15
8.686869e-01	2.727273e+00	1.310834e-16
8.686869e-01	2.777778e+00	1.067238e-17
8.686869e-01	2.828283e+00	3.575042e-19
8.686869e-01	2.878788e+00	1.127164e-18
8.686869e-01	2.929293e+00	1.011843e-18
8.686869e-01	2.979798e+00	1.064398e-18
8.686869e-01	3.030303e+00	1.086509e-18
8.686869e-01	3.080808e+00	1.106705e-18
8.686869e-01	3.131313e+00	1.120906e-18
8.686869e-01	3.181818e+00	1.129891e-18
8.686869e-01	3.232323e+00	1.133333e-18
8.686869e-01	3.282828e+00	1.131714e-18
8.686869e-01	3.333333e+00	1.124829e-18
8.686869e-01	3.383838e+00	1.113122e-18
8.686869e-01	3.434343e+00	1.096653e-18
8.686869e-01	3.484848e+00	1.075666e-18
8.686869e-01	3.535354e+00	1.050547e-18
8.686869e-01	3.585859e+00	1.021344e-18
8.686869e-01	3.636364e+00	9.886796e-19
8.686869e-01	3.686869e+00	9.525236e-19
8.686869e-01	3.737374e+00	9.135453e-19
8.686869e-01	3.787879e+00	8.718336e-19
8.686869e-01	3.838384e+00	8.279163e-19
8.686869e-01	3.888889e+00	7.820990e-19
8.686869e-01	3.939394e+00	7.347314e-19
8.686869e-01	3.989899e+00	6.862793e-19
8.686869e-01	4.040404e+00	6.369935e-19
8.686869e-01	4.090909e+00	5.874019e-19
8.686869e-01	4.141414e+00	5.377218e-19
8.686869e-01	4.191919e+00	4.884645e-19
8.686869e-01	4.242424e+00	4.398634e-19
8.686869e-01	4.292929e+00	3.923700e-19
8.686869e-01	4.343434e+00	3.462403e-19
8.686869e-01	4.393939e+00	3.018606e-19
8.686869e-01	4.444444e+00	2.594862e-19
8.686869e-01	4.494949e+00	2.194532e-19
8.686869e-01	4.545455e+00	1.820017e-19
8.686869e-01	4.595960e+00	1.474082e-19
8.686869e-01	4.646465e+00	1.159025e-19
8.686869e-01	4.696970e+00	8.770112e-20
8.686869e-01	4.747475e+00	6.302080e-20
8.686869e-01	4.797980e+00	4.204269e-20
8.686869e-01	4.848485e+00	2.497157e-20
8.686869e-01	4.898990e+00	1.201326e-20
8.686869e-01	4.949495e+00	3.469487e-21
8.686869e-01	5.000000e+00	2.878645e-31
8.787879e-01	0.000000e+00	0.000000e+00
8.787879e-01	5.050505e-02	5.522843e-07
8.787879e-01	1.010101e-01	3.153218e-06
8.787879e-01	1.515152e-01	1.183617e-05
8.787879e-01	2.020202e-01	3.856532e-05
8.787879e-01	2.525253e-01	1.157156e-04
8.787879e-01	3.030303e-01	3.242884e-04
8.787879e-01	3.535354e-01	8.503550e-04
8.787879e-01	4.040404e-01	2.081890e-03
8.787879e-01	4.545455e-01	4.740033e-03
8.787879e-01	5.050505e-01	9.983517e-03
8.787879e-01	5.555556e-01	1.932123e-02
8.787879e-01	6.060606e-01	3.405760e-02
8.787879e-01	6.565657e-01	5.402742e-02
8.787879e-01	7.070707e-01	7.580276e-02
8.787879e-01	7.575758e-01	9.151749e-02
8.787879e-01	8.080808e-01	9.053730e-02
8.787879e-01	8.585859e-01	6.607044e-02
8.787879e-01	9.090909e-01	2.582080e-02
8.787879e-01	9.595960e-01	8.564301e-05
8.787879e-01	1.010101e+00	3.657553e-02
8.787879e-01	1.060606e+00	1.758167e-01
8.787879e-01	1.111111e+00	4.169120e-01
8.787879e-01	1.161616e+00	7.003650e-01
8.787879e-01	1.212121e+00	9.325020e-01
8.787879e-01	1.262626e+00	1.045342e+00
8.787879e-01	1.313131e+00	1.047814e+00
8.787879e-01	1.363636e+00	1.019824e+00
8.787879e-01	1.414141e+00	1.046010e+00
8.787879e-01	1.464646e+00	1.143389e+00
8.787879e-01	1.515152e+00	1.246531e+00
8.787879e-01	1.565657e+00	1.261493e+00
8.787879e-01	1.616162e+00	1.138126e+00
8.787879e-01	1.666667e+00	9.008126e-01
8.787879e-01	1.717172e+00	6.226550e-01
8.787879e-01	1.767677e+00	3.757934e-01
8.787879e-01	1.818182e+00	1.982449e-01
8.787879e-01	1.868687e+00	9.151568e-02
8.787879e-01	1.919192e+00	3.699756e-02
8.787879e-01	1.969697e+00	1.310358e-02
8.787879e-01	2.020202e+00	4.065555e-03
8.787879e-01	2.070707e+00	1.104531e-03
8.787879e-01	2.121212e+00	2.625691e-04
8.787879e-01	2.171717e+00	5.456115e-05
8.787879e-01	2.222222e+00	9.898508e-06
8.787879e-01	2.272727e+00	1.565660e-06
8.787879e-01	2.323232e+00	2.155721e-07
8.787879e-01	2.373737e+00	2.579503e-08
8.787879e-01	2.424242e+00	2.677507e-09
8.787879e-01	2.474747e+00	2.406834e-10
8.787879e-01	2.525253e+00	1.868668e-11
8.787879e-01	2.575758e+00	1.253997e-12
8.787879e-01	2.626263e+00	7.175981e-14
8.787879e-01	2.676768e+00	3.677479e-15
8.787879e-01	2.727273e+00	1.308889e-16
8.787879e-01	2.777778e+00	1.066860e-17
8.787879e-01	2.828283e+00	3.609601e-19
8.787879e-01	2.878788e+00	1.130957e-18
8.787879e-01	2.929293e+00	1.015772e-18
8.787879e-01	2.979798e+00	1.068447e-18
8.787879e-01	3.030303e+00	1.090652e-18
8.787879e-01	3.080808e+00	1.110924e-18
8.787879e-01	3.131313e+00	1.125180e-18
8.787879e-01	3.181818e+00	1.134199e-18
8.787879e-01	3.232323e+00	1.137655e-18
8.787879e-01	3.282828e+00	1.136029e-18
8.787879e-01	3.333333e+00	1.129119e-18
8.787879e-01	3.383838e+00	1.117366e-18
8.787879e-01	3.434343e+00	1.100836e-18
8.787879e-01	3.484848e+00	1.079767e-18
8.787879e-01	3.535354e+00	1.054553e-18
8.787879e-01	3.585859e+00	1.025239e-18
8.787879e-01	3.636364e+00	9.924502e-19
8.787879e-01	3.686869e+00	9.561559e-19
8.787879e-01	3.737374e+00	9.170291e-19
8.787879e-01	3.787879e+00	8.751585e-19
8.787879e-01	3.838384e+00	8.310735e-19
8.787879e-01	3.888889e+00	7.850817e-19
8.787879e-01	3.939394e+00	7.375333e-19
8.787879e-01	3.989899e+00	6.888966e-19
8.787879e-01	4.040404e+00	6.394228e-19
8.787879e-01	4.090909e+00	5.896421e-19
8.787879e-01	4.141414e+00	5.397726e-19
8.787879e-01	4.191919e+00	4.903273e-19
8.787879e-01	4.242424e+00	4.415410e-19
8.787879e-01	4.292929e+00	3.938663e-19
8.787879e-01	4.343434e+00	3.475608e-19
8.787879e-01	4.393939e+00	3.030118e-19
8.787879e-01	4.444444e+00	2.604758e-19
8.787879e-01	4.494949e+00	2.202902e-19
8.787879e-01	4.545455e+00	1.826958e-19
8.787879e-01	4.595960e+00	1.479704e-19
8.787879e-01	4.646465e+00	1.163445e-19
8.787879e-01	4.696970e+00	8.803562e-20
8.787879e-01	4.747475e+00	6.326113e-20
8.787879e-01	4.797980e+00	4.220304e-20
8.787879e-01	4.848485e+00	2.506679e-20
8.787879e-01	4.898990e+00	1.205908e-20
8.787879e-01	4.949495e+00	3.482715e-21
8.787879e-01	5.000000e+00	2.905164e-31
8.888889e-01	0.000000e+00	0.000000e+00
8.888889e-01	5.050505e-02	5.544176e-07
8.888889e-01	1.010101e-01	3.165395e-06
8.888889e-01	1.515152e-01	1.188186e-05
8.888889e-01	2.020202e-01	3.871407e-05
8.888889e-01	2.525253e-01	1.161613e-04
8.888889e-01	3.030303e-01	3.255346e-04
8.888889e-01	3.535354e-01	8.536107e-04
8.888889e-01	4.040404e-01	2.089813e-03
8.888889e-01	4.545455e-01	4.757904e-03
8.888889e-01	5.050505e-01	1.002060e-02
8.888889e-01	5.555556e-01	1.939130e-02
8.888889e-01	6.060606e-01	3.417641e-02
8.888889e-01	6.565657e-01	5.420389e-02
8.888889e-01	7.070707e-01	7.602265e-02
8.888889e-01	7.575758e-01	9.172531e-02
8.888889e-01	8.080808e-01	9.063685e-02
8.888889e-01	8.585859e-01	6.597837e-02
8.888889e-01	9.090909e-01	2.560262e-02
8.888889e-01	9.595960e-01	1.567260e-04
8.888889e-01	1.010101e+00	3.785921e-02
8.888889e-01	1.060606e+00	1.796713e-01
8.888889e-01	1.111111e+00	4.246691e-01
8.888889e-01	1.161616e+00	7.125345e-01
8.888889e-01	1.212121e+00	9.480185e-01
8.888889e-01	1.262626e+00	1.061407e+00
8.888889e-01	1.313131e+00	1.060678e+00
8.888889e-01	1.363636e+00	1.026264e+00
8.888889e-01	1.414141e+00	1.044734e+00
8.888889e-01	1.464646e+00	1.135526e+00
8.888889e-01	1.515152e+00	1.234948e+00
8.888889e-01	1.565657e+00	1.249433e+00
8.888889e-01	1.616162e+00	1.127976e+00
8.888889e-01	1.666667e+00	8.935894e-01
8.888889e-01	1.717172e+00	6.182201e-01
8.888889e-01	1.767677e+00	3.734200e-01
8.888889e-01	1.818182e+00	1.971316e-01
8.888889e-01	1.868687e+00	9.105670e-02
8.888889e-01	1.919192e+00	3.683098e-02
8.888889e-01	1.969697e+00	1.305034e-02
8.888889e-01	2.020202e+00	4.050577e-03
8.888889e-01	2.070707e+00	1.100824e-03
8.888889e-01	2.121212e+00	2.617628e-04
8.888889e-01	2.171717e+00	5.440726e-05
8.888889e-01	2.222222e+00	9.872771e-06
8.888889e-01	2.272727e+00	1.561895e-06
8.888889e-01	2.323232e+00	2.150911e-07
8.888889e-01	2.373737e+00	2.574149e-08
8.888889e-01	2.424242e+00	2.672323e-09
8.888889e-01	2.474747e+00	2.402477e-10
8.888889e-01	2.525253e+00	1.865498e-11
8.888889e-01	2.575758e+00	1.252001e-12
8.888889e-01	2.626263e+00	7.165172e-14
8.888889e-01	2.676768e+00	3.672414e-15
8.888889e-01	2.727273e+00	1.306923e-16
8.888889e-01	2.777778e+00	1.066504e-17
8.888889e-01	2.828283e+00	3.645079e-19
8.888889e-01	2.878788e+00	1.134880e-18
8.888889e-01	2.929293e+00	1.019831e-18
8.888889e-01	2.979798e+00	1.072629e-18
8.888889e-01	3.030303e+00	1.094933e-18
8.888889e-01	3.080808e+00	1.115284e-18
8.888889e-01	3.131313e+00	1.129596e-18
8.888889e-01	3.181818e+00	1.138650e-18
8.888889e-01	3.232323e+00	1.142120e-18
8.888889e-01	3.282828e+00	1.140487e-18
8.888889e-01	3.333333e+00	1.133551e-18
8.888889e-01	3.383838e+00	1.121751e-18
8.888889e-01	3.434343e+00	1.105157e-18
8.888889e-01	3.484848e+00	1.084005e-18
8.888889e-01	3.535354e+00	1.058693e-18
8.888889e-01	3.585859e+00	1.029263e-18
8.888889e-01	3.636364e+00	9.963460e-19
8.888889e-01	3.686869e+00	9.599091e-19
8.888889e-01	3.737374e+00	9.206288e-19
8.888889e-01	3.787879e+00	8.785939e-19
8.888889e-01	3.838384e+00	8.343358e-19
8.888889e-01	3.888889e+00	7.881636e-19
8.888889e-01	3.939394e+00	7.404284e-19
8.888889e-01	3.989899e+00	6.916009e-19
8.888889e-01	4.040404e+00	6.419328e-19
8.888889e-01	4.090909e+00	5.919567e-19
8.888889e-01	4.141414e+00	5.418915e-19
8.888889e-01	4.191919e+00	4.922520e-19
8.888889e-01	4.242424e+00	4.432743e-19
8.888889e-01	4.292929e+00	3.954125e-19
8.888889e-01	4.343434e+00	3.489253e-19
8.888889e-01	4.393939e+00	3.042013e-19
8.888889e-01	4.444444e+00	2.614984e-19
8.888889e-01	4.494949e+00	2.211550e-19
8.888889e-01	4.545455e+00	1.834130e-19
8.888889e-01	4.595960e+00	1.485513e-19
8.888889e-01	4.646465e+00	1.168012e-19
8.888889e-01	4.696970e+00	8.838125e-20
8.888889e-01	4.747475e+00	6.350945e-20
8.888889e-01	4.797980e+00	4.236872e-20
8.888889e-01	4.848485e+00	2.516518e-20
8.888889e-01	4.898990e+00	1.210641e-20
8.888889e-01	4.949495e+00	3.496383e-21
8.888889e-01	5.000000e+00	2.931618e-31
8.989899e-01	0.000000e+00	0.000000e+00
8.989899e-01	5.050505e-02	5.566431e-07
8.989899e-01	1.010101e-01	3.178102e-06
8.989899e-01	1.515152e-01	1.192956e-05
8.989899e-01	2.020202e-01	3.886947e-05
8.989899e-01	2.525253e-01	1.166275e-04
8.989899e-01	3.030303e-01	3.268400e-04
8.989899e-01	3.535354e-01	8.570286e-04
8.989899e-01	4.040404e-01	2.098156e-03
8.989899e-01	4.545455e-01	4.776797e-03
8.989899e-01	5.050505e-01	1.006002e-02
8.989899e-01	5.555556e-01	1.946639e-02
8.989899e-01	6.060606e-01	3.430526e-02
8.989899e-01	6.565657e-01	5.439908e-02
8.989899e-01	7.070707e-01	7.627480e-02
8.989899e-01	7.575758e-01	9.198432e-02
8.989899e-01	8.080808e-01	9.081068e-02
8.989899e-01	8.585859e-01	6.598391e-02
8.989899e-01	9.090909e-01	2.549916e-02
8.989899e-01	9.595960e-01	3.460142e-04
8.989899e-01	1.010101e+00	3.924601e-02
8.989899e-01	1.060606e+00	1.835962e-01
8.989899e-01	1.111111e+00	4.324541e-01
8.989899e-01	1.161616e+00	7.246918e-01
8.989899e-01	1.212121e+00	9.634963e-01
8.989899e-01	1.262626e+00	1.077424e+00
8.989899e-01	1.313131e+00	1.073496e+00
8.989899e-01	1.363636e+00	1.032664e+00
8.989899e-01	1.414141e+00	1.043420e+00
8.989899e-01	1.464646e+00	1.127622e+00
8.989899e-01	1.515152e+00	1.223323e+00
8.989899e-01	1.565657e+00	1.237331e+00
8.989899e-01	1.616162e+00	1.117789e+00
8.989899e-01	1.666667e+00	8.863386e-01
8.989899e-01	1.717172e+00	6.137673e-01
8.989899e-01	1.767677e+00	3.710365e-01
8.989899e-01	1.818182e+00	1.960134e-01
8.989899e-01	1.868687e+00	9.059553e-02
8.989899e-01	1.919192e+00	3.666357e-02
8.989899e-01	1.969697e+00	1.299683e-02
8.989899e-01	2.020202e+00	4.035519e-03
8.989899e-01	2.070707e+00	1.097096e-03
8.989899e-01	2.121212e+00	2.609520e-04
8.989899e-01	2.171717e+00	5.425247e-05
8.989899e-01	2.222222e+00	9.846881e-06
8.989899e-01	2.272727e+00	1.558107e-06
8.989899e-01	2.323232e+00	2.146072e-07
8.989899e-01	2.373737e+00	2.568761e-08
8.989899e-01	2.424242e+00	2.667105e-09
8.989899e-01	2.474747e+00	2.398092e-10
8.989899e-01	2.525253e+00	1.862306e-11
8.989899e-01	2.575758e+00	1.249992e-12
8.989899e-01	2.626263e+00	7.154287e-14
8.989899e-01	2.676768e+00	3.667318e-15
8.989899e-01	2.727273e+00	1.304937e-16
8.989899e-01	2.777778e+00	1.066169e-17
8.989899e-01	2.828283e+00	3.681489e-19
8.989899e-01	2.878788e+00	1.138936e-18
8.989899e-01	2.929293e+00	1.024022e-18
8.989899e-01	2.979798e+00	1.076948e-18
8.989899e-01	3.030303e+00	1.099354e-18
8.989899e-01	3.080808e+00	1.119785e-18
8.989899e-01	3.131313e+00	1.134155e-18
8.989899e-01	3.181818e+00	1.143246e-18
8.989899e-01	3.232323e+00	1.146732e-18
8.989899e-01	3.282828e+00	1.145091e-18
8.989899e-01	3.333333e+00	1.138128e-18
8.989899e-01	3.383838e+00	1.126279e-18
8.989899e-01	3.434343e+00	1.109619e-18
8.989899e-01	3.484848e+00	1.088381e-18
8.989899e-01	3.535354e+00	1.062968e-18
8.989899e-01	3.585859e+00	1.033418e-18
8.989899e-01	3.636364e+00	1.000369e-18
8.989899e-01	3.686869e+00	9.637849e-19
8.989899e-01	3.737374e+00	9.243461e-19
8.989899e-01	3.787879e+00	8.821417e-19
8.989899e-01	3.838384e+00	8.377046e-19
8.989899e-01	3.888889e+00	7.913463e-19
8.989899e-01	3.939394e+00	7.434182e-19
8.989899e-01	3.989899e+00	6.943936e-19
8.989899e-01	4.040404e+00	6.445250e-19
8.989899e-01	4.090909e+00	5.943471e-19
8.989899e-01	4.141414e+00	5.440798e-19
8.989899e-01	4.191919e+00	4.942398e-19
8.989899e-01	4.242424e+00	4.450644e-19
8.989899e-01	4.292929e+00	3.970092e-19
8.989899e-01	4.343434e+00	3.503343e-19
8.989899e-01	4.393939e+00	3.054297e-19
8.989899e-01	4.444444e+00	2.625544e-19
8.989899e-01	4.494949e+00	2.220482e-19
8.989899e-01	4.545455e+00	1.841536e-19
8.989899e-01	4.595960e+00	1.491512e-19
8.989899e-01	4.646465e+00	1.172728e-19
8.989899e-01	4.696970e+00	8.873819e-20
8.989899e-01	4.747475e+00	6.376589e-20
8.989899e-01	4.797980e+00	4.253982e-20
8.989899e-01	4.848485e+00	2.526679e-20
8.989899e-01	4.898990e+00	1.215530e-20
8.989899e-01	4.949495e+00	3.510497e-21
8.989899e-01	5.000000e+00	2.957997e-31
9.090909e-01	0.000000e+00	0.000000e+00
9.090909e-01	5.050505e-02	5.589626e-07
9.090909e-01	1.010101e-01	3.191347e-06
9.090909e-01	1.515152e-01	1.197930e-05
9.090909e-01	2.020202e-01	3.903163e-05
9.090909e-01	2.525253e-01	1.171144e-04
9.090909e-01	3.030303e-01	3.282058e-04
9.090909e-01	3.535354e-01	8.606118e-04
9.090909e-01	4.040404e-01	2.106927e-03
9.090909e-01	4.545455e-01	4.796732e-03
9.090909e-01	5.050505e-01	1.010183e-02
9.090909e-01	5.555556e-01	1.954660e-02
9.090909e-01	6.060606e-01	3.444437e-02
9.090909e-01	6.565657e-01	5.461340e-02
9.090909e-01	7.070707e-01	7.655997e-02
9.090909e-01	7.575758e-01	9.229576e-02
9.090909e-01	8.080808e-01	9.106062e-02
9.090909e-01	8.585859e-01	6.608953e-02
9.090909e-01	9.090909e-01	2.551334e-02
9.090909e-01	9.595960e-01	6.564493e-04
9.090909e-01	1.010101e+00	4.073813e-02
9.090909e-01	1.060606e+00	1.875921e-01
9.090909e-01	1.111111e+00	4.402652e-01
9.090909e-01	1.161616e+00	7.368331e-01
9.090909e-01	1.212121e+00	9.789295e-01
9.090909e-01	1.262626e+00	1.093386e+00
9.090909e-01	1.313131e+00	1.086261e+00
9.090909e-01	1.363636e+00	1.039020e+00
9.090909e-01	1.414141e+00	1.042067e+00
9.090909e-01	1.464646e+00	1.119678e+00
9.090909e-01	1.515152e+00	1.211656e+00
9.090909e-01	1.565657e+00	1.225189e+00
9.090909e-01	1.616162e+00	1.107568e+00
9.090909e-01	1.666667e+00	8.790619e-01
9.090909e-01	1.717172e+00	6.092974e-01
9.090909e-01	1.767677e+00	3.686432e-01
9.090909e-01	1.818182e+00	1.948903e-01
9.090909e-01	1.868687e+00	9.013227e-02
9.090909e-01	1.919192e+00	3.649537e-02
9.090909e-01	1.969697e+00	1.294305e-02
9.090909e-01	2.020202e+00	4.020383e-03
9.090909e-01	2.070707e+00	1.093349e-03
9.090909e-01	2.121212e+00	2.601367e-04
9.090909e-01	2.171717e+00	5.409681e-05
9.090909e-01	2.222222e+00	9.820840e-06
9.090909e-01	2.272727e+00	1.554296e-06
9.090909e-01	2.323232e+00	2.141203e-07
9.090909e-01	2.373737e+00	2.563340e-08
9.090909e-01	2.424242e+00	2.661855e-09
9.090909e-01	2.474747e+00	2.393679e-10
9.090909e-01	2.525253e+00	1.859093e-11
9.090909e-01	2.575758e+00	1.247971e-12
9.090909e-01	2.626263e+00	7.143329e-14
9.090909e-01	2.676768e+00	3.662191e-15
9.090909e-01	2.727273e+00	1.302930e-16
9.090909e-01	2.777778e+00	1.065858e-17
9.090909e-01	2.828283e+00	3.718843e-19
9.090909e-01	2.878788e+00	1.143126e-18
9.090909e-01	2.929293e+00	1.028346e-18
9.090909e-01	2.979798e+00	1.081406e-18
9.090909e-01	3.030303e+00	1.103917e-18
9.090909e-01	3.080808e+00	1.124432e-18
9.090909e-01	3.131313e+00	1.138862e-18
9.090909e-01	3.181818e+00	1.147990e-18
9.090909e-01	3.232323e+00	1.151491e-18
9.090909e-01	3.282828e+00	1.149842e-18
9.090909e-01	3.333333e+00	1.142852e-18
9.090909e-01	3.383838e+00	1.130953e-18
9.090909e-01	3.434343e+00	1.114225e-18
9.090909e-01	3.484848e+00	1.092898e-18
9.090909e-01	3.535354e+00	1.067380e-18
9.090909e-01	3.585859e+00	1.037707e-18
9.090909e-01	3.636364e+00	1.004522e-18
9.090909e-01	3.686869e+00	9.677853e-19
9.090909e-01	3.737374e+00	9.281829e-19
9.090909e-01	3.787879e+00	8.858035e-19
9.090909e-01	3.838384e+00	8.411819e-19
9.090909e-01	3.888889e+00	7.946313e-19
9.090909e-01	3.939394e+00	7.465041e-19
9.090909e-01	3.989899e+00	6.972762e-19
9.090909e-01	4.040404e+00	6.472004e-19
9.090909e-01	4.090909e+00	5.968143e-19
9.090909e-01	4.141414e+00	5.463384e-19
9.090909e-01	4.191919e+00	4.962914e-19
9.090909e-01	4.242424e+00	4.469120e-19
9.090909e-01	4.292929e+00	3.986572e-19
9.090909e-01	4.343434e+00	3.517887e-19
9.090909e-01	4.393939e+00	3.066976e-19
9.090909e-01	4.444444e+00	2.636443e-19
9.090909e-01	4.494949e+00	2.229700e-19
9.090909e-01	4.545455e+00	1.849180e-19
9.090909e-01	4.595960e+00	1.497704e-19
9.090909e-01	4.646465e+00	1.177596e-19
9.090909e-01	4.696970e+00	8.910660e-20
9.090909e-01	4.747475e+00	6.403059e-20
9.090909e-01	4.797980e+00	4.271642e-20
9.090909e-01	4.848485e+00	2.537166e-20
9.090909e-01	4.898990e+00	1.220576e-20
9.090909e-01	4.949495e+00	3.525066e-21
9.090909e-01	5.000000e+00	2.984291e-31
9.191919e-01	0.000000e+00	0.000000e+00
9.191919e-01	5.050505e-02	5.613777e-07
9.191919e-01	1.010101e-01	3.205140e-06
9.191919e-01	1.515152e-01	1.203111e-05
9.191919e-01	2.020202e-01	3.920069e-05
9.191919e-01	2.525253e-01	1.176226e-04
9.191919e-01	3.030303e-01	3.296331e-04
9.191919e-01	3.535354e-01	8.643634e-04
9.191919e-01	4.040404e-01	2.116133e-03
9.191919e-01	4.545455e-01	4.817729e-03
9.191919e-01	5.050505e-01	1.014607e-02
9.191919e-01	5.555556e-01	1.963204e-02
9.191919e-01	6.060606e-01	3.459396e-02
9.191919e-01	6.565657e-01	5.484726e-02
9.191919e-01	7.070707e-01	7.687887e-02
9.191919e-01	7.575758e-01	9.266083e-02
9.191919e-01	8.080808e-01	9.138848e-02
9.191919e-01	8.585859e-01	6.629769e-02
9.191919e-01	9.090909e-01	2.564809e-02
9.191919e-01	9.595960e-01	1.090952e-03
9.191919e-01	1.010101e+00	4.233775e-02
9.191919e-01	1.060606e+00	1.916595e-01
9.191919e-01	1.111111e+00	4.481009e-01
9.191919e-01	1.161616e+00	7.489542e-01
9.191919e-01	1.212121e+00	9.943124e-01
9.191919e-01	1.262626e+00	1.109287e+00
9.191919e-01	1.313131e+00	1.098970e+00
9.191919e-01	1.363636e+00	1.045328e+00
9.191919e-01	1.414141e+00	1.040674e+00
9.191919e-01	1.464646e+00	1.111697e+00
9.191919e-01	1.515152e+00	1.199951e+00
9.191919e-01	1.565657e+00	1.213010e+00
9.191919e-01	1.616162e+00	1.097315e+00
9.191919e-01	1.666667e+00	8.717606e-01
9.191919e-01	1.717172e+00	6.048115e-01
9.191919e-01	1.767677e+00	3.662407e-01
9.191919e-01	1.818182e+00	1.937626e-01
9.191919e-01	1.868687e+00	8.966700e-02
9.191919e-01	1.919192e+00	3.632640e-02
9.191919e-01	1.969697e+00	1.288902e-02
9.191919e-01	2.020202e+00	4.005172e-03
9.191919e-01	2.070707e+00	1.089582e-03
9.191919e-01	2.121212e+00	2.593170e-04
9.191919e-01	2.171717e+00	5.394030e-05
9.191919e-01	2.222222e+00	9.794655e-06
9.191919e-01	2.272727e+00	1.550464e-06
9.191919e-01	2.323232e+00	2.136306e-07
9.191919e-01	2.373737e+00	2.557887e-08
9.191919e-01	2.424242e+00	2.656573e-09
9.191919e-01	2.474747e+00	2.389238e-10
9.191919e-01	2.525253e+00	1.855861e-11
9.191919e-01	2.575758e+00	1.245936e-12
9.191919e-01	2.626263e+00	7.132299e-14
9.191919e-01	2.676768e+00	3.657035e-15
9.191919e-01	2.727273e+00	1.300903e-16
9.191919e-01	2.777778e+00	1.065569e-17
9.191919e-01	2.828283e+00	3.757153e-19
9.191919e-01	2.878788e+00	1.147453e-18
9.191919e-01	2.929293e+00	1.032807e-18
9.191919e-01	2.979798e+00	1.086005e-18
9.191919e-01	3.030303e+00	1.108623e-18
9.191919e-01	3.080808e+00	1.129225e-18
9.191919e-01	3.131313e+00	1.143717e-18
9.191919e-01	3.181818e+00	1.152884e-18
9.191919e-01	3.232323e+00	1.156400e-18
9.191919e-01	3.282828e+00	1.154744e-18
9.191919e-01	3.333333e+00	1.147725e-18
9.191919e-01	3.383838e+00	1.135775e-18
9.191919e-01	3.434343e+00	1.118977e-18
9.191919e-01	3.484848e+00	1.097557e-18
9.191919e-01	3.535354e+00	1.071932e-18
9.191919e-01	3.585859e+00	1.042132e-18
9.191919e-01	3.636364e+00	1.008805e-18
9.191919e-01	3.686869e+00	9.719123e-19
9.191919e-01	3.737374e+00	9.321410e-19
9.191919e-01	3.787879e+00	8.895811e-19
9.191919e-01	3.838384e+00	8.447690e-19
9.191919e-01	3.888889e+00	7.980203e-19
9.191919e-01	3.939394e+00	7.496876e-19
9.191919e-01	3.989899e+00	7.002499e-19
9.191919e-01	4.040404e+00	6.499606e-19
9.191919e-01	4.090909e+00	5.993596e-19
9.191919e-01	4.141414e+00	5.486685e-19
9.191919e-01	4.191919e+00	4.984079e-19
9.191919e-01	4.242424e+00	4.488181e-19
9.191919e-01	4.292929e+00	4.003574e-19
9.191919e-01	4.343434e+00	3.532891e-19
9.191919e-01	4.393939e+00	3.080056e-19
9.191919e-01	4.444444e+00	2.647688e-19
9.191919e-01	4.494949e+00	2.239210e-19
9.191919e-01	4.545455e+00	1.857067e-19
9.191919e-01	4.595960e+00	1.504092e-19
9.191919e-01	4.646465e+00	1.182618e-19
9.191919e-01	4.696970e+00	8.948667e-20
9.191919e-01	4.747475e+00	6.430365e-20
9.191919e-01	4.797980e+00	4.289861e-20
9.191919e-01	4.848485e+00	2.547985e-20
9.191919e-01	4.898990e+00	1.225781e-20
9.191919e-01	4.949495e+00	3.540095e-21
9.191919e-01	5.000000e+00	3.010489e-31
9.292929e-01	0.000000e+00	0.000000e+00
9.292929e-01	5.050505e-02	5.638899e-07
9.292929e-01	1.010101e-01	3.219491e-06
9.292929e-01	1.515152e-01	1.208504e-05
9.292929e-01	2.020202e-01	3.937674e-05
9.292929e-01	2.525253e-01	1.181523e-04
9.292929e-01	3.030303e-01	3.311228e-04
9.292929e-01	3.535354e-01	8.682863e-04
9.292929e-01	4.040404e-01	2.125783e-03
9.292929e-01	4.545455e-01	4.839808e-03
9.292929e-01	5.050505e-01	1.019279e-02
9.292929e-01	5.555556e-01	1.972280e-02
9.292929e-01	6.060606e-01	3.475424e-02
9.292929e-01	6.565657e-01	5.510107e-02
9.292929e-01	7.070707e-01	7.723224e-02
9.292929e-01	7.575758e-01	9.308074e-02
9.292929e-01	8.080808e-01	9.179608e-02
9.292929e-01	8.585859e-01	6.661083e-02
9.292929e-01	9.090909e-01	2.590632e-02
9.292929e-01	9.595960e-01	1.652421e-03
9.292929e-01	1.010101e+00	4.404702e-02
9.292929e-01	1.060606e+00	1.957990e-01
9.292929e-01	1.111111e+00	4.559594e-01
9.292929e-01	1.161616e+00	7.610511e-01
9.292929e-01	1.212121e+00	1.009639e+00
9.292929e-01	1.262626e+00	1.125121e+00
9.292929e-01	1.313131e+00	1.111617e+00
9.292929e-01	1.363636e+00	1.051587e+00
9.292929e-01	1.414141e+00	1.039240e+00
9.292929e-01	1.464646e+00	1.103679e+00
9.292929e-01	1.515152e+00	1.188210e+00
9.292929e-01	1.565657e+00	1.200796e+00
9.292929e-01	1.616162e+00	1.087031e+00
9.292929e-01	1.666667e+00	8.644364e-01
9.292929e-01	1.717172e+00	6.003103e-01
9.292929e-01	1.767677e+00	3.638295e-01
9.292929e-01	1.818182e+00	1.926305e-01
9.292929e-01	1.868687e+00	8.919981e-02
9.292929e-01	1.919192e+00	3.615670e-02
9.292929e-01	1.969697e+00	1.283474e-02
9.292929e-01	2.020202e+00	3.989889e-03
9.292929e-01	2.070707e+00	1.085797e-03
9.292929e-01	2.121212e+00	2.584932e-04
9.292929e-01	2.171717e+00	5.378297e-05
9.292929e-01	2.222222e+00	9.768328e-06
9.292929e-01	2.272727e+00	1.546610e-06
9.292929e-01	2.323232e+00	2.131381e-07
9.292929e-01	2.373737e+00	2.552402e-08
9.292929e-01	2.424242e+00	2.651260e-09
9.292929e-01	2.474747e+00	2.384772e-10
9.292929e-01	2.525253e+00	1.852608e-11
9.292929e-01	2.575758e+00	1.243889e-12
9.292929e-01	2.626263e+00	7.121199e-14
9.292929e-01	2.676768e+00	3.651851e-15
9.292929e-01	2.727273e+00	1.298855e-16
9.292929e-01	2.777778e+00	1.065305e-17
9.292929e-01	2.828283e+00	3.796432e-19
9.292929e-01	2.878788e+00	1.151919e-18
9.292929e-01	2.929293e+00	1.037405e-18
9.292929e-01	2.979798e+00	1.090746e-18
9.292929e-01	3.030303e+00	1.113476e-18
9.292929e-01	3.080808e+00	1.134167e-18
9.292929e-01	3.131313e+00	1.148723e-18
9.292929e-01	3.181818e+00	1.157930e-18
9.292929e-01	3.232323e+00	1.161462e-18
9.292929e-01	3.282828e+00	1.159798e-18
9.292929e-01	3.333333e+00	1.152750e-18
9.292929e-01	3.383838e+00	1.140746e-18
9.292929e-01	3.434343e+00	1.123876e-18
9.292929e-01	3.484848e+00	1.102362e-18
9.292929e-01	3.535354e+00	1.076626e-18
9.292929e-01	3.585859e+00	1.046694e-18
9.292929e-01	3.636364e+00	1.013222e-18
9.292929e-01	3.686869e+00	9.761676e-19
9.292929e-01	3.737374e+00	9.362223e-19
9.292929e-01	3.787879e+00	8.934762e-19
9.292929e-01	3.838384e+00	8.484678e-19
9.292929e-01	3.888889e+00	8.015146e-19
9.292929e-01	3.939394e+00	7.529702e-19
9.292929e-01	3.989899e+00	7.033162e-19
9.292929e-01	4.040404e+00	6.528066e-19
9.292929e-01	4.090909e+00	6.019841e-19
9.292929e-01	4.141414e+00	5.510711e-19
9.292929e-01	4.191919e+00	5.005904e-19
9.292929e-01	4.242424e+00	4.507835e-19
9.292929e-01	4.292929e+00	4.021105e-19
9.292929e-01	4.343434e+00	3.548362e-19
9.292929e-01	4.393939e+00	3.093544e-19
9.292929e-01	4.444444e+00	2.659282e-19
9.292929e-01	4.494949e+00	2.249016e-19
9.292929e-01	4.545455e+00	1.865198e-19
9.292929e-01	4.595960e+00	1.510679e-19
9.292929e-01	4.646465e+00	1.187796e-19
9.292929e-01	4.696970e+00	8.987857e-20
9.292929e-01	4.747475e+00	6.458522e-20
9.292929e-01	4.797980e+00	4.308647e-20
9.292929e-01	4.848485e+00	2.559141e-20
9.292929e-01	4.898990e+00	1.231148e-20
9.292929e-01	4.949495e+00	3.555591e-21
9.292929e-01	5.000000e+00	3.036582e-31
9.393939e-01	0.000000e+00	0.000000e+00
9.393939e-01	5.050505e-02	5.665010e-07
9.393939e-01	1.010101e-01	3.234408e-06
9.393939e-01	1.515152e-01	1.214112e-05
9.393939e-01	2.020202e-01	3.955993e-05
9.393939e-01	2.525253e-01	1.187040e-04
9.393939e-01	3.030303e-01	3.326762e-04
9.393939e-01	3.535354e-01	8.723836e-04
9.393939e-01	4.040404e-01	2.135884e-03
9.393939e-01	4.545455e-01	4.862987e-03
9.393939e-01	5.050505e-01	1.024204e-02
9.393939e-01	5.555556e-01	1.981899e-02
9.393939e-01	6.060606e-01	3.492542e-02
9.393939e-01	6.565657e-01	5.537523e-02
9.393939e-01	7.070707e-01	7.762080e-02
9.393939e-01	7.575758e-01	9.355667e-02
9.393939e-01	8.080808e-01	9.228521e-02
9.393939e-01	8.585859e-01	6.703137e-02
9.393939e-01	9.090909e-01	2.629090e-02
9.393939e-01	9.595960e-01	2.343732e-03
9.393939e-01	1.010101e+00	4.586806e-02
9.393939e-01	1.060606e+00	2.000111e-01
9.393939e-01	1.111111e+00	4.638390e-01
9.393939e-01	1.161616e+00	7.731199e-01
9.393939e-01	1.212121e+00	1.024905e+00
9.393939e-01	1.262626e+00	1.140881e+00
9.393939e-01	1.313131e+00	1.124198e+00
9.393939e-01	1.363636e+00	1.057793e+00
9.393939e-01	1.414141e+00	1.037766e+00
9.393939e-01	1.464646e+00	1.095626e+00
9.393939e-01	1.515152e+00	1.176435e+00
9.393939e-01	1.565657e+00	1.188550e+00
9.393939e-01	1.616162e+00	1.076720e+00
9.393939e-01	1.666667e+00	8.570908e-01
9.393939e-01	1.717172e+00	5.957949e-01
9.393939e-01	1.767677e+00	3.614100e-01
9.393939e-01	1.818182e+00	1.914943e-01
9.393939e-01	1.868687e+00	8.873079e-02
9.393939e-01	1.919192e+00	3.598630e-02
9.393939e-01	1.969697e+00	1.278022e-02
9.393939e-01	2.020202e+00	3.974537e-03
9.393939e-01	2.070707e+00	1.081994e-03
9.393939e-01	2.121212e+00	2.576654e-04
9.393939e-01	2.171717e+00	5.362484e-05
9.393939e-01	2.222222e+00	9.741863e-06
9.393939e-01	2.272727e+00	1.542736e-06
9.393939e-01	2.323232e+00	2.126430e-07
9.393939e-01	2.373737e+00	2.546886e-08
9.393939e-01	2.424242e+00	2.645917e-09
9.393939e-01	2.474747e+00	2.380279e-10
9.393939e-01	2.525253e+00	1.849337e-11
9.393939e-01	2.575758e+00	1.241830e-12
9.393939e-01	2.626263e+00	7.110029e-14
9.393939e-01	2.676768e+00	3.646638e-15
9.393939e-01	2.727273e+00	1.296787e-16
9.393939e-01	2.777778e+00	1.065066e-17
9.393939e-01	2.828283e+00	3.836691e-19
9.393939e-01	2.878788e+00	1.156526e-18
9.393939e-01	2.929293e+00	1.042143e-18
9.393939e-01	2.979798e+00	1.095632e-18
9.393939e-01	3.030303e+00	1.118477e-18
9.393939e-01	3.080808e+00	1.139260e-18
9.393939e-01	3.131313e+00	1.153881e-18
9.393939e-01	3.181818e+00	1.163130e-18
9.393939e-01	3.232323e+00	1.166679e-18
9.393939e-01	3.282828e+00	1.165007e-18
9.393939e-01	3.333333e+00	1.157928e-18
9.393939e-01	3.383838e+00	1.145870e-18
9.393939e-01	3.434343e+00	1.128925e-18
9.393939e-01	3.484848e+00	1.107313e-18
9.393939e-01	3.535354e+00	1.081462e-18
9.393939e-01	3.585859e+00	1.051396e-18
9.393939e-01	3.636364e+00	1.017775e-18
9.393939e-01	3.686869e+00	9.805532e-19
9.393939e-01	3.737374e+00	9.404285e-19
9.393939e-01	3.787879e+00	8.974906e-19
9.393939e-01	3.838384e+00	8.522799e-19
9.393939e-01	3.888889e+00	8.051160e-19
9.393939e-01	3.939394e+00	7.563532e-19
9.393939e-01	3.989899e+00	7.064764e-19
9.393939e-01	4.040404e+00	6.557398e-19
9.393939e-01	4.090909e+00	6.046889e-19
9.393939e-01	4.141414e+00	5.535473e-19
9.393939e-01	4.191919e+00	5.028396e-19
9.393939e-01	4.242424e+00	4.528090e-19
9.393939e-01	4.292929e+00	4.039173e-19
9.393939e-01	4.343434e+00	3.564307e-19
9.393939e-01	4.393939e+00	3.107444e-19
9.393939e-01	4.444444e+00	2.671231e-19
9.393939e-01	4.494949e+00	2.259122e-19
9.393939e-01	4.545455e+00	1.873579e-19
9.393939e-01	4.595960e+00	1.517467e-19
9.393939e-01	4.646465e+00	1.193133e-19
9.393939e-01	4.696970e+00	9.028247e-20
9.393939e-01	4.747475e+00	6.487540e-20
9.393939e-01	4.797980e+00	4.328009e-20
9.393939e-01	4.848485e+00	2.570638e-20
9.393939e-01	4.898990e+00	1.236680e-20
9.393939e-01	4.949495e+00	3.571562e-21
9.393939e-01	5.000000e+00	3.062560e-31
9.494949e-01	0.000000e+00	0.000000e+00
9.494949e-01	5.050505e-02	5.692124e-07
9.494949e-01	1.010101e-01	3.249900e-06
9.494949e-01	1.515152e-01	1.219938e-05
9.494949e-01	2.020202e-01	3.975035e-05
9.494949e-01	2.525253e-01	1.192779e-04
9.494949e-01	3.030303e-01	3.342942e-04
9.494949e-01	3.535354e-01	8.766581e-04
9.494949e-01	4.040404e-01	2.146444e-03
9.494949e-01	4.545455e-01	4.887287e-03
9.494949e-01	5.050505e-01	1.029386e-02
9.494949e-01	5.555556e-01	1.992071e-02
9.494949e-01	6.060606e-01	3.510771e-02
9.494949e-01	6.565657e-01	5.567015e-02
9.494949e-01	7.070707e-01	7.804528e-02
9.494949e-01	7.575758e-01	9.408980e-02
9.494949e-01	8.080808e-01	9.285762e-02
9.494949e-01	8.585859e-01	6.756170e-02
9.494949e-01	9.090909e-01	2.680468e-02
9.494949e-01	9.595960e-01	3.167733e-03
9.494949e-01	1.010101e+00	4.780301e-02
9.494949e-01	1.060606e+00	2.042963e-01
9.494949e-01	1.111111e+00	4.717380e-01
9.494949e-01	1.161616e+00	7.851564e-01
9.494949e-01	1.212121e+00	1.040102e+00
9.494949e-01	1.262626e+00	1.156562e+00
9.494949e-01	1.313131e+00	1.136706e+00
9.494949e-01	1.363636e+00	1.063943e+00
9.494949e-01	1.414141e+00	1.036249e+00
9.494949e-01	1.464646e+00	1.087540e+00
9.494949e-01	1.515152e+00	1.164629e+00
9.494949e-01	1.565657e+00	1.176275e+00
9.494949e-01	1.616162e+00	1.066383e+00
9.494949e-01	1.666667e+00	8.497253e-01
9.494949e-01	1.717172e+00	5.912661e-01
9.494949e-01	1.767677e+00	3.589827e-01
9.494949e-01	1.818182e+00	1.903541e-01
9.494949e-01	1.868687e+00	8.826003e-02
9.494949e-01	1.919192e+00	3.581522e-02
9.494949e-01	1.969697e+00	1.272548e-02
9.494949e-01	2.020202e+00	3.959117e-03
9.494949e-01	2.070707e+00	1.078173e-03
9.494949e-01	2.121212e+00	2.568336e-04
9.494949e-01	2.171717e+00	5.346594e-05
9.494949e-01	2.222222e+00	9.715265e-06
9.494949e-01	2.272727e+00	1.538842e-06
9.494949e-01	2.323232e+00	2.121451e-07
9.494949e-01	2.373737e+00	2.541340e-08
9.494949e-01	2.424242e+00	2.640544e-09
9.494949e-01	2.474747e+00	2.375761e-10
9.494949e-01	2.525253e+00	1.846047e-11
9.494949e-01	2.575758e+00	1.239759e-12
9.494949e-01	2.626263e+00	7.098792e-14
9.494949e-01	2.676768e+00	3.641399e-15
9.494949e-01	2.727273e+00	1.294699e-16
9.494949e-01	2.777778e+00	1.064852e-17
9.494949e-01	2.828283e+00	3.877942e-19
9.494949e-01	2.878788e+00	1.161275e-18
9.494949e-01	2.929293e+00	1.047023e-18
9.494949e-01	2.979798e+00	1.100666e-18
9.494949e-01	3.030303e+00	1.123629e-18
9.494949e-01	3.080808e+00	1.144506e-18
9.494949e-01	3.131313e+00	1.159195e-18
9.494949e-01	3.181818e+00	1.168487e-18
9.494949e-01	3.232323e+00	1.172053e-18
9.494949e-01	3.282828e+00	1.170373e-18
9.494949e-01	3.333333e+00	1.163262e-18
9.494949e-01	3.383838e+00	1.151147e-18
9.494949e-01	3.434343e+00	1.134126e-18
9.494949e-01	3.484848e+00	1.112414e-18
9.494949e-01	3.535354e+00	1.086445e-18
9.494949e-01	3.585859e+00	1.056240e-18
9.494949e-01	3.636364e+00	1.022464e-18
9.494949e-01	3.686869e+00	9.850709e-19
9.494949e-01	3.737374e+00	9.447613e-19
9.494949e-01	3.787879e+00	9.016259e-19
9.494949e-01	3.838384e+00	8.562067e-19
9.494949e-01	3.888889e+00	8.088258e-19
9.494949e-01	3.939394e+00	7.598382e-19
9.494949e-01	3.989899e+00	7.097317e-19
9.494949e-01	4.040404e+00	6.587613e-19
9.494949e-01	4.090909e+00	6.074752e-19
9.494949e-01	4.141414e+00	5.560980e-19
9.494949e-01	4.191919e+00	5.051566e-19
9.494949e-01	4.242424e+00	4.548956e-19
9.494949e-01	4.292929e+00	4.057786e-19
9.494949e-01	4.343434e+00	3.580732e-19
9.494949e-01	4.393939e+00	3.121764e-19
9.494949e-01	4.444444e+00	2.683541e-19
9.494949e-01	4.494949e+00	2.269533e-19
9.494949e-01	4.545455e+00	1.882213e-19
9.494949e-01	4.595960e+00	1.524460e-19
9.494949e-01	4.646465e+00	1.198631e-19
9.494949e-01	4.696970e+00	9.069854e-20
9.494949e-01	4.747475e+00	6.517433e-20
9.494949e-01	4.797980e+00	4.347953e-20
9.494949e-01	4.848485e+00	2.582481e-20
9.494949e-01	4.898990e+00	1.242378e-20
9.494949e-01	4.949495e+00	3.588014e-21
9.494949e-01	5.000000e+00	3.088413e-31
9.595960e-01	0.000000e+00	0.000000e+00
9.595960e-01	5.050505e-02	5.720258e-07
9.595960e-01	1.010101e-01	3.265977e-06
9.595960e-01	1.515152e-01	1.225986e-05
9.595960e-01	2.020202e-01	3.994812e-05
9.595960e-01	2.525253e-01	1.198745e-04
9.595960e-01	3.030303e-01	3.359780e-04
9.595960e-01	3.535354e-01	8.811129e-04
9.595960e-01	4.040404e-01	2.157470e-03
9.595960e-01	4.545455e-01	4.912727e-03
9.595960e-01	5.050505e-01	1.034829e-02
9.595960e-01	5.555556e-01	2.002806e-02
9.595960e-01	6.060606e-01	3.530130e-02
9.595960e-01	6.565657e-01	5.598621e-02
9.595960e-01	7.070707e-01	7.850637e-02
9.595960e-01	7.575758e-01	9.468130e-02
9.595960e-01	8.080808e-01	9.351509e-02
9.595960e-01	8.585859e-01	6.820421e-02
9.595960e-01	9.090909e-01	2.745048e-02
9.595960e-01	9.595960e-01	4.127249e-03
9.595960e-01	1.010101e+00	4.985395e-02
9.595960e-01	1.060606e+00	2.086552e-01
9.595960e-01	1.111111e+00	4.796548e-01
9.595960e-01	1.161616e+00	7.971568e-01
9.595960e-01	1.212121e+00	1.055227e+00
9.595960e-01	1.262626e+00	1.172158e+00
9.595960e-01	1.313131e+00	1.149137e+00
9.595960e-01	1.363636e+00	1.070034e+00
9.595960e-01	1.414141e+00	1.034691e+00
9.595960e-01	1.464646e+00	1.079420e+00
9.595960e-01	1.515152e+00	1.152795e+00
9.595960e-01	1.565657e+00	1.163973e+00
9.595960e-01	1.616162e+00	1.056022e+00
9.595960e-01	1.666667e+00	8.423415e-01
9.595960e-01	1.717172e+00	5.867248e-01
9.595960e-01	1.767677e+00	3.565481e-01
9.595960e-01	1.818182e+00	1.892102e-01
9.595960e-01	1.868687e+00	8.778761e-02
9.595960e-01	1.919192e+00	3.564349e-02
9.595960e-01	1.969697e+00	1.267052e-02
9.595960e-01	2.020202e+00	3.943633e-03
9.595960e-01	2.070707e+00	1.074336e-03
9.595960e-01	2.121212e+00	2.559981e-04
9.595960e-01	2.171717e+00	5.330629e-05
9.595960e-01	2.222222e+00	9.688539e-06
9.595960e-01	2.272727e+00	1.534928e-06
9.595960e-01	2.323232e+00	2.116448e-07
9.595960e-01	2.373737e+00	2.535766e-08
9.595960e-01	2.424242e+00	2.635143e-09
9.595960e-01	2.474747e+00	2.371218e-10
9.595960e-01	2.525253e+00	1.842738e-11
9.595960e-01	2.575758e+00	1.237676e-12
9.595960e-01	2.626263e+00	7.087488e-14
9.595960e-01	2.676768e+00	3.636133e-15
9.595960e-01	2.727273e+00	1.292591e-16
9.595960e-01	2.777778e+00	1.064664e-17
9.595960e-01	2.828283e+00	3.920198e-19
9.595960e-01	2.878788e+00	1.166169e-18
9.595960e-01	2.929293e+00	1.052046e-18
9.595960e-01	2.979798e+00	1.105848e-18
9.595960e-01	3.030303e+00	1.128932e-18
9.595960e-01	3.080808e+00	1.149907e-18
9.595960e-01	3.131313e+00	1.164667e-18
9.595960e-01	3.181818e+00	1.174002e-18
9.595960e-01	3.232323e+00	1.177586e-18
9.595960e-01	3.282828e+00	1.175897e-18
9.595960e-01	3.333333e+00	1.168754e-18
9.595960e-01	3.383838e+00	1.156582e-18
9.595960e-01	3.434343e+00	1.139481e-18
9.595960e-01	3.484848e+00	1.117666e-18
9.595960e-01	3.535354e+00	1.091575e-18
9.595960e-01	3.585859e+00	1.061227e-18
9.595960e-01	3.636364e+00	1.027292e-18
9.595960e-01	3.686869e+00	9.897224e-19
9.595960e-01	3.737374e+00	9.492226e-19
9.595960e-01	3.787879e+00	9.058838e-19
9.595960e-01	3.838384e+00	8.602500e-19
9.595960e-01	3.888889e+00	8.126455e-19
9.595960e-01	3.939394e+00	7.634265e-19
9.595960e-01	3.989899e+00	7.130835e-19
9.595960e-01	4.040404e+00	6.618724e-19
9.595960e-01	4.090909e+00	6.103442e-19
9.595960e-01	4.141414e+00	5.587244e-19
9.595960e-01	4.191919e+00	5.075423e-19
9.595960e-01	4.242424e+00	4.570441e-19
9.595960e-01	4.292929e+00	4.076950e-19
9.595960e-01	4.343434e+00	3.597644e-19
9.595960e-01	4.393939e+00	3.136507e-19
9.595960e-01	4.444444e+00	2.696215e-19
9.595960e-01	4.494949e+00	2.280252e-19
9.595960e-01	4.545455e+00	1.891102e-19
9.595960e-01	4.595960e+00	1.531660e-19
9.595960e-01	4.646465e+00	1.204292e-19
9.595960e-01	4.696970e+00	9.112694e-20
9.595960e-01	4.747475e+00	6.548212e-20
9.595960e-01	4.797980e+00	4.368489e-20
9.595960e-01	4.848485e+00	2.594676e-20
9.595960e-01	4.898990e+00	1.248245e-20
9.595960e-01	4.949495e+00	3.604953e-21
9.595960e-01	5.000000e+00	3.114132e-31
9.696970e-01	0.000000e+00	0.000000e+00
9.696970e-01	5.050505e-02	5.749428e-07
9.696970e-01	1.010101e-01	3.282648e-06
9.696970e-01	1.515152e-01	1.232259e-05
9.696970e-01	2.020202e-01	4.015337e-05
9.696970e-01	2.525253e-01	1.204941e-04
9.696970e-01	3.030303e-01	3.377285e-04
9.696970e-01	3.535354e-01	8.857508e-04
9.696970e-01	4.040404e-01	2.168971e-03
9.696970e-01	4.545455e-01	4.939325e-03
9.696970e-01	5.050505e-01	1.040538e-02
9.696970e-01	5.555556e-01	2.014114e-02
9.696970e-01	6.060606e-01	3.550641e-02
9.696970e-01	6.565657e-01	5.632382e-02
9.696970e-01	7.070707e-01	7.900478e-02
9.696970e-01	7.575758e-01	9.533233e-02
9.696970e-01	8.080808e-01	9.425934e-02
9.696970e-01	8.585859e-01	6.896124e-02
9.696970e-01	9.090909e-01	2.823112e-02
9.696970e-01	9.595960e-01	5.225075e-03
9.696970e-01	1.010101e+00	5.202296e-02
9.696970e-01	1.060606e+00	2.130884e-01
9.696970e-01	1.111111e+00	4.875877e-01
9.696970e-01	1.161616e+00	8.091171e-01
9.696970e-01	1.212121e+00	1.070274e+00
9.696970e-01	1.262626e+00	1.187662e+00
9.696970e-01	1.313131e+00	1.161486e+00
9.696970e-01	1.363636e+00	1.076063e+00
9.696970e-01	1.414141e+00	1.033090e+00
9.696970e-01	1.464646e+00	1.071271e+00
9.696970e-01	1.515152e+00	1.140935e+00
9.696970e-01	1.565657e+00	1.151647e+00
9.696970e-01	1.616162e+00	1.045640e+00
9.696970e-01	1.666667e+00	8.349409e-01
9.696970e-01	1.717172e+00	5.821721e-01
9.696970e-01	1.767677e+00	3.541067e-01
9.696970e-01	1.818182e+00	1.880628e-01
9.696970e-01	1.868687e+00	8.731361e-02
9.696970e-01	1.919192e+00	3.547116e-02
9.696970e-01	1.969697e+00	1.261535e-02
9.696970e-01	2.020202e+00	3.928087e-03
9.696970e-01	2.070707e+00	1.070483e-03
9.696970e-01	2.121212e+00	2.551589e-04
9.696970e-01	2.171717e+00	5.314591e-05
9.696970e-01	2.222222e+00	9.661687e-06
9.696970e-01	2.272727e+00	1.530996e-06
9.696970e-01	2.323232e+00	2.111420e-07
9.696970e-01	2.373737e+00	2.530163e-08
9.696970e-01	2.424242e+00	2.629713e-09
9.696970e-01	2.474747e+00	2.366651e-10
9.696970e-01	2.525253e+00	1.839412e-11
9.696970e-01	2.575758e+00	1.235582e-12
9.696970e-01	2.626263e+00	7.076120e-14
9.696970e-01	2.676768e+00	3.630842e-15
9.696970e-01	2.727273e+00	1.290463e-16
9.696970e-01	2.777778e+00	1.064502e-17
9.696970e-01	2.828283e+00	3.963468e-19
9.696970e-01	2.878788e+00	1.171210e-18
9.696970e-01	2.929293e+00	1.057215e-18
9.696970e-01	2.979798e+00	1.111182e-18
9.696970e-01	3.030303e+00	1.134391e-18
9.696970e-01	3.080808e+00	1.155466e-18
9.696970e-01	3.131313e+00	1.170298e-18
9.696970e-01	3.181818e+00	1.179678e-18
9.696970e-01	3.232323e+00	1.183281e-18
9.696970e-01	3.282828e+00	1.181583e-18
9.696970e-01	3.333333e+00	1.174407e-18
9.696970e-01	3.383838e+00	1.162174e-18
9.696970e-01	3.434343e+00	1.144992e-18
9.696970e-01	3.484848e+00	1.123071e-18
9.696970e-01	3.535354e+00	1.096855e-18
9.696970e-01	3.585859e+00	1.066359e-18
9.696970e-01	3.636364e+00	1.032261e-18
9.696970e-01	3.686869e+00	9.945097e-19
9.696970e-01	3.737374e+00	9.538140e-19
9.696970e-01	3.787879e+00	9.102658e-19
9.696970e-01	3.838384e+00	8.644111e-19
9.696970e-01	3.888889e+00	8.165768e-19
9.696970e-01	3.939394e+00	7.671195e-19
9.696970e-01	3.989899e+00	7.165332e-19
9.696970e-01	4.040404e+00	6.650743e-19
9.696970e-01	4.090909e+00	6.132968e-19
9.696970e-01	4.141414e+00	5.614274e-19
9.696970e-01	4.191919e+00	5.099976e-19
9.696970e-01	4.242424e+00	4.592553e-19
9.696970e-01	4.292929e+00	4.096673e-19
9.696970e-01	4.343434e+00	3.615049e-19
9.696970e-01	4.393939e+00	3.151681e-19
9.696970e-01	4.444444e+00	2.709259e-19
9.696970e-01	4.494949e+00	2.291284e-19
9.696970e-01	4.545455e+00	1.900251e-19
9.696970e-01	4.595960e+00	1.539071e-19
9.696970e-01	4.646465e+00	1.210117e-19
9.696970e-01	4.696970e+00	9.156784e-20
9.696970e-01	4.747475e+00	6.579890e-20
9.696970e-01	4.797980e+00	4.389623e-20
9.696970e-01	4.848485e+00	2.607227e-20
9.696970e-01	4.898990e+00	1.254283e-20
9.696970e-01	4.949495e+00	3.622386e-21
9.696970e-01	5.000000e+00	3.139705e-31
9.797980e-01	0.000000e+00	0.000000e+00
9.797980e-01	5.050505e-02	5.779648e-07
9.797980e-01	1.010101e-01	3.299921e-06
9.797980e-01	1.515152e-01	1.238761e-05
9.797980e-01	2.020202e-01	4.036619e-05
9.797980e-01	2.525253e-01	1.211370e-04
9.797980e-01	3.030303e-01	3.395467e-04
9.797980e-01	3.535354e-01	8.905745e-04
9.797980e-01	4.040404e-01	2.180954e-03
9.797980e-01	4.545455e-01	4.967101e-03
9.797980e-01	5.050505e-01	1.046518e-02
9.797980e-01	5.555556e-01	2.026004e-02
9.797980e-01	6.060606e-01	3.572324e-02
9.797980e-01	6.565657e-01	5.668335e-02
9.797980e-01	7.070707e-01	7.954120e-02
9.797980e-01	7.575758e-01	9.604404e-02
9.797980e-01	8.080808e-01	9.509211e-02
9.797980e-01	8.585859e-01	6.983513e-02
9.797980e-01	9.090909e-01	2.914935e-02
9.797980e-01	9.595960e-01	6.463978e-03
9.797980e-01	1.010101e+00	5.431208e-02
9.797980e-01	1.060606e+00	2.175962e-01
9.797980e-01	1.111111e+00	4.955351e-01
9.797980e-01	1.161616e+00	8.210332e-01
9.797980e-01	1.212121e+00	1.085236e+00
9.797980e-01	1.262626e+00	1.203069e+00
9.797980e-01	1.313131e+00	1.173748e+00
9.797980e-01	1.363636e+00	1.082027e+00
9.797980e-01	1.414141e+00	1.031446e+00
9.797980e-01	1.464646e+00	1.063091e+00
9.797980e-01	1.515152e+00	1.129051e+00
9.797980e-01	1.565657e+00	1.139300e+00
9.797980e-01	1.616162e+00	1.035239e+00
9.797980e-01	1.666667e+00	8.275249e-01
9.797980e-01	1.717172e+00	5.776087e-01
9.797980e-01	1.767677e+00	3.516589e-01
9.797980e-01	1.818182e+00	1.869120e-01
9.797980e-01	1.868687e+00	8.683813e-02
9.797980e-01	1.919192e+00	3.529824e-02
9.797980e-01	1.969697e+00	1.255998e-02
9.797980e-01	2.020202e+00	3.912482e-03
9.797980e-01	2.070707e+00	1.066614e-03
9.797980e-01	2.121212e+00	2.543162e-04
9.797980e-01	2.171717e+00	5.298485e-05
9.797980e-01	2.222222e+00	9.634714e-06
9.797980e-01	2.272727e+00	1.527045e-06
9.797980e-01	2.323232e+00	2.106367e-07
9.797980e-01	2.373737e+00	2.524533e-08
9.797980e-01	2.424242e+00	2.624256e-09
9.797980e-01	2.474747e+00	2.362061e-10
9.797980e-01	2.525253e+00	1.836068e-11
9.797980e-01	2.575758e+00	1.233477e-12
9.797980e-01	2.626263e+00	7.064688e-14
9.797980e-01	2.676768e+00	3.625526e-15
9.797980e-01	2.727273e+00	1.288315e-16
9.797980e-01	2.777778e+00	1.064368e-17
9.797980e-01	2.828283e+00	4.007765e-19
9.797980e-01	2.878788e+00	1.176400e-18
9.797980e-01	2.929293e+00	1.062532e-18
9.797980e-01	2.979798e+00	1.116668e-18
9.797980e-01	3.030303e+00	1.140006e-18
9.797980e-01	3.080808e+00	1.161184e-18
9.797980e-01	3.131313e+00	1.176090e-18
9.797980e-01	3.181818e+00	1.185517e-18
9.797980e-01	3.232323e+00	1.189138e-18
9.797980e-01	3.282828e+00	1.187432e-18
9.797980e-01	3.333333e+00	1.180221e-18
9.797980e-01	3.383838e+00	1.167927e-18
9.797980e-01	3.434343e+00	1.150662e-18
9.797980e-01	3.484848e+00	1.128631e-18
9.797980e-01	3.535354e+00	1.102286e-18
9.797980e-01	3.585859e+00	1.071639e-18
9.797980e-01	3.636364e+00	1.037373e-18
9.797980e-01	3.686869e+00	9.994344e-19
9.797980e-01	3.737374e+00	9.585372e-19
9.797980e-01	3.787879e+00	9.147737e-19
9.797980e-01	3.838384e+00	8.686918e-19
9.797980e-01	3.888889e+00	8.206208e-19
9.797980e-01	3.939394e+00	7.709185e-19
9.797980e-01	3.989899e+00	7.200819e-19
9.797980e-01	4.040404e+00	6.683681e-19
9.797980e-01	4.090909e+00	6.163342e-19
9.797980e-01	4.141414e+00	5.642081e-19
9.797980e-01	4.191919e+00	5.125234e-19
9.797980e-01	4.242424e+00	4.615299e-19
9.797980e-01	4.292929e+00	4.116963e-19
9.797980e-01	4.343434e+00	3.632955e-19
9.797980e-01	4.393939e+00	3.167291e-19
9.797980e-01	4.444444e+00	2.722678e-19
9.797980e-01	4.494949e+00	2.302633e-19
9.797980e-01	4.545455e+00	1.909662e-19
9.797980e-01	4.595960e+00	1.546694e-19
9.797980e-01	4.646465e+00	1.216111e-19
9.797980e-01	4.696970e+00	9.202141e-20
9.797980e-01	4.747475e+00	6.612477e-20
9.797980e-01	4.797980e+00	4.411365e-20
9.797980e-01	4.848485e+00	2.620138e-20
9.797980e-01	4.898990e+00	1.260495e-20
9.797980e-01	4.949495e+00	3.640320e-21
9.797980e-01	5.000000e+00	3.165124e-31
9.898990e-01	0.000000e+00	0.000000e+00
9.898990e-01	5.050505e-02	5.810933e-07
9.898990e-01	1.010101e-01	3.317806e-06
9.898990e-01	1.515152e-01	1.245494e-05
9.898990e-01	2.020202e-01	4.058670e-05
9.898990e-01	2.525253e-01	1.218036e-04
9.898990e-01	3.030303e-01	3.414337e-04
9.898990e-01	3.535354e-01	8.955870e-04
9.898990e-01	4.040404e-01	2.193427e-03
9.898990e-01	4.545455e-01	4.996072e-03
9.898990e-01	5.050505e-01	1.052773e-02
9.898990e-01	5.555556e-01	2.038486e-02
9.898990e-01	6.060606e-01	3.595198e-02
9.898990e-01	6.565657e-01	5.706521e-02
9.898990e-01	7.070707e-01	8.011633e-02
9.898990e-01	7.575758e-01	9.681755e-02
9.898990e-01	8.080808e-01	9.601509e-02
9.898990e-01	8.585859e-01	7.082817e-02
9.898990e-01	9.090909e-01	3.020792e-02
9.898990e-01	9.595960e-01	7.846693e-03
9.898990e-01	1.010101e+00	5.672333e-02
9.898990e-01	1.060606e+00	2.221792e-01
9.898990e-01	1.111111e+00	5.034951e-01
9.898990e-01	1.161616e+00	8.329014e-01
9.898990e-01	1.212121e+00	1.100108e+00
9.898990e-01	1.262626e+00	1.218373e+00
9.898990e-01	1.313131e+00	1.185918e+00
9.898990e-01	1.363636e+00	1.087924e+00
9.898990e-01	1.414141e+00	1.029758e+00
9.898990e-01	1.464646e+00	1.054884e+00
9.898990e-01	1.515152e+00	1.117146e+00
9.898990e-01	1.565657e+00	1.126934e+00
9.898990e-01	1.616162e+00	1.024821e+00
9.898990e-01	1.666667e+00	8.200952e-01
9.898990e-01	1.717172e+00	5.730355e-01
9.898990e-01	1.767677e+00	3.492052e-01
9.898990e-01	1.818182e+00	1.857582e-01
9.898990e-01	1.868687e+00	8.636125e-02
9.898990e-01	1.919192e+00	3.512478e-02
9.898990e-01	1.969697e+00	1.250443e-02
9.898990e-01	2.020202e+00	3.896820e-03
9.898990e-01	2.070707e+00	1.062731e-03
9.898990e-01	2.121212e+00	2.534701e-04
9.898990e-01	2.171717e+00	5.282310e-05
9.898990e-01	2.222222e+00	9.607624e-06
9.898990e-01	2.272727e+00	1.523077e-06
9.898990e-01	2.323232e+00	2.101292e-07
9.898990e-01	2.373737e+00	2.518876e-08
9.898990e-01	2.424242e+00	2.618773e-09
9.898990e-01	2.474747e+00	2.357448e-10
9.898990e-01	2.525253e+00	1.832707e-11
9.898990e-01	2.575758e+00	1.231361e-12
9.898990e-01	2.626263e+00	7.053195e-14
9.898990e-01	2.676768e+00	3.620186e-15
9.898990e-01	2.727273e+00	1.286148e-16
9.898990e-01	2.777778e+00	1.064262e-17
9.898990e-01	2.828283e+00	4.053100e-19
9.898990e-01	2.878788e+00	1.181740e-18
9.898990e-01	2.929293e+00	1.067998e-18
9.898990e-01	2.979798e+00	1.122309e-18
9.898990e-01	3.030303e+00	1.145779e-18
9.898990e-01	3.080808e+00	1.167063e-18
9.898990e-01	3.131313e+00	1.182046e-18
9.898990e-01	3.181818e+00	1.191520e-18
9.898990e-01	3.232323e+00	1.195161e-18
9.898990e-01	3.282828e+00	1.193445e-18
9.898990e-01	3.333333e+00	1.186200e-18
9.898990e-01	3.383838e+00	1.173843e-18
9.898990e-01	3.434343e+00	1.156491e-18
9.898990e-01	3.484848e+00	1.134348e-18
9.898990e-01	3.535354e+00	1.107871e-18
9.898990e-01	3.585859e+00	1.077068e-18
9.898990e-01	3.636364e+00	1.042629e-18
9.898990e-01	3.686869e+00	1.004498e-18
9.898990e-01	3.737374e+00	9.633939e-19
9.898990e-01	3.787879e+00	9.194090e-19
9.898990e-01	3.838384e+00	8.730934e-19
9.898990e-01	3.888889e+00	8.247792e-19
9.898990e-01	3.939394e+00	7.748249e-19
9.898990e-01	3.989899e+00	7.237308e-19
9.898990e-01	4.040404e+00	6.717551e-19
9.898990e-01	4.090909e+00	6.194575e-19
9.898990e-01	4.141414e+00	5.670674e-19
9.898990e-01	4.191919e+00	5.151206e-19
9.898990e-01	4.242424e+00	4.638689e-19
9.898990e-01	4.292929e+00	4.137826e-19
9.898990e-01	4.343434e+00	3.651366e-19
9.898990e-01	4.393939e+00	3.183342e-19
9.898990e-01	4.444444e+00	2.736477e-19
9.898990e-01	4.494949e+00	2.314303e-19
9.898990e-01	4.545455e+00	1.919340e-19
9.898990e-01	4.595960e+00	1.554533e-19
9.898990e-01	4.646465e+00	1.222273e-19
9.898990e-01	4.696970e+00	9.248779e-20
9.898990e-01	4.747475e+00	6.645985e-20
9.898990e-01	4.797980e+00	4.433722e-20
9.898990e-01	4.848485e+00	2.633414e-20
9.898990e-01	4.898990e+00	1.266882e-20
9.898990e-01	4.949495e+00	3.658760e-21
9.898990e-01	5.000000e+00	3.190379e-31
1.000000e+00	0.000000e+00	0.000000e+00
1.000000e+00	5.050505e-02	5.843300e-07
1.000000e+00	1.010101e-01	3.336310e-06
1.000000e+00	1.515152e-01	1.252462e-05
1.000000e+00	2.020202e-01	4.081501e-05
1.000000e+00	2.525253e-01	1.224942e-04
1.000000e+00	3.030303e-01	3.433905e-04
1.000000e+00	3.535354e-01	9.007910e-04
1.000000e+00	4.040404e-01	2.206395e-03
1.000000e+00	4.545455e-01	5.026257e-03
1.000000e+00	5.050505e-01	1.059307e-02
1.000000e+00	5.555556e-01	2.051570e-02
1.000000e+00	6.060606e-01	3.619284e-02
1.000000e+00	6.565657e-01	5.746975e-02
1.000000e+00	7.070707e-01	8.073084e-02
1.000000e+00	7.575758e-01	9.765398e-02
1.000000e+00	8.080808e-01	9.702996e-02
1.000000e+00	8.585859e-01	7.194264e-02
1.000000e+00	9.090909e-01	3.140953e-02
1.000000e+00	9.595960e-01	9.375924e-03
1.000000e+00	1.010101e+00	5.925871e-02
1.000000e+00	1.060606e+00	2.268379e-01
1.000000e+00	1.111111e+00	5.114663e-01
1.000000e+00	1.161616e+00	8.447177e-01
1.000000e+00	1.212121e+00	1.114885e+00
1.000000e+00	1.262626e+00	1.233567e+00
1.000000e+00	1.313131e+00	1.197991e+00
1.000000e+00	1.363636e+00	1.093751e+00
1.000000e+00	1.414141e+00	1.028026e+00
1.000000e+00	1.464646e+00	1.046649e+00
1.000000e+00	1.515152e+00	1.105223e+00
1.000000e+00	1.565657e+00	1.114551e+00
1.000000e+00	1.616162e+00	1.014389e+00
1.000000e+00	1.666667e+00	8.126533e-01
1.000000e+00	1.717172e+00	5.684536e-01
1.000000e+00	1.767677e+00	3.467461e-01
1.000000e+00	1.818182e+00	1.846015e-01
1.000000e+00	1.868687e+00	8.588306e-02
1.000000e+00	1.919192e+00	3.495079e-02
1.000000e+00	1.969697e+00	1.244869e-02
1.000000e+00	2.020202e+00	3.881104e-03
1.000000e+00	2.070707e+00	1.058833e-03
1.000000e+00	2.121212e+00	2.526208e-04
1.000000e+00	2.171717e+00	5.266072e-05
1.000000e+00	2.222222e+00	9.580422e-06
1.000000e+00	2.272727e+00	1.519091e-06
1.000000e+00	2.323232e+00	2.096194e-07
1.000000e+00	2.373737e+00	2.513193e-08
1.000000e+00	2.424242e+00	2.613264e-09
1.000000e+00	2.474747e+00	2.352813e-10
1.000000e+00	2.525253e+00	1.829330e-11
1.000000e+00	2.575758e+00	1.229234e-12
1.000000e+00	2.626263e+00	7.041641e-14
1.000000e+00	2.676768e+00	3.614823e-15
1.000000e+00	2.727273e+00	1.283961e-16
1.000000e+00	2.777778e+00	1.064184e-17
1.000000e+00	2.828283e+00	4.099483e-19
1.000000e+00	2.878788e+00	1.187233e-18
1.000000e+00	2.929293e+00	1.073615e-18
1.000000e+00	2.979798e+00	1.128107e-18
1.000000e+00	3.030303e+00	1.151713e-18
1.000000e+00	3.080808e+00	1.173106e-18
1.000000e+00	3.131313e+00	1.188167e-18
1.000000e+00	3.181818e+00	1.197691e-18
1.000000e+00	3.232323e+00	1.201351e-18
1.000000e+00	3.282828e+00	1.199626e-18
1.000000e+00	3.333333e+00	1.192345e-18
1.000000e+00	3.383838e+00	1.179923e-18
1.000000e+00	3.434343e+00	1.162483e-18
1.000000e+00	3.484848e+00	1.140224e-18
1.000000e+00	3.535354e+00	1.113611e-18
1.000000e+00	3.585859e+00	1.082649e-18
1.000000e+00	3.636364e+00	1.048031e-18
1.000000e+00	3.686869e+00	1.009703e-18
1.000000e+00	3.737374e+00	9.683857e-19
1.000000e+00	3.787879e+00	9.241733e-19
1.000000e+00	3.838384e+00	8.776176e-19
1.000000e+00	3.888889e+00	8.290533e-19
1.000000e+00	3.939394e+00	7.788401e-19
1.000000e+00	3.989899e+00	7.274814e-19
1.000000e+00	4.040404e+00	6.752363e-19
1.000000e+00	4.090909e+00	6.226677e-19
1.000000e+00	4.141414e+00	5.700062e-19
1.000000e+00	4.191919e+00	5.177901e-19
1.000000e+00	4.242424e+00	4.662730e-19
1.000000e+00	4.292929e+00	4.159270e-19
1.000000e+00	4.343434e+00	3.670290e-19
1.000000e+00	4.393939e+00	3.199840e-19
1.000000e+00	4.444444e+00	2.750659e-19
1.000000e+00	4.494949e+00	2.326297e-19
1.000000e+00	4.545455e+00	1.929287e-19
1.000000e+00	4.595960e+00	1.562590e-19
1.000000e+00	4.646465e+00	1.228607e-19
1.000000e+00	4.696970e+00	9.296716e-20
1.000000e+00	4.747475e+00	6.680426e-20
1.000000e+00	4.797980e+00	4.456700e-20
1.000000e+00	4.848485e+00	2.647059e-20
1.000000e+00	4.898990e+00	1.273447e-20
1.000000e+00	4.949495e+00	3.677713e-21
1.000000e+00	5.000000e+00	3.215460e-31
