# 3D Probability Density Data
# T_start=0, T_end=100, Nx=100, Nt=100
# Column 1: Time (t)
# Column 2: Position (x)
# Column 3: Density |Psi|^2
# --------------------------------------------------
0.000000e+00	0.000000e+00	0.000000e+00
0.000000e+00	5.050505e-02	5.335237e-07
0.000000e+00	1.010101e-01	3.048550e-06
0.000000e+00	1.515152e-01	1.146569e-05
0.000000e+00	2.020202e-01	3.748513e-05
0.000000e+00	2.525253e-01	1.130475e-04
0.000000e+00	3.030303e-01	3.190651e-04
0.000000e+00	3.535354e-01	8.446956e-04
0.000000e+00	4.040404e-01	2.094472e-03
0.000000e+00	4.545455e-01	4.849603e-03
0.000000e+00	5.050505e-01	1.044570e-02
0.000000e+00	5.555556e-01	2.083494e-02
0.000000e+00	6.060606e-01	3.827720e-02
0.000000e+00	6.565657e-01	6.435796e-02
0.000000e+00	7.070707e-01	9.826774e-02
0.000000e+00	7.575758e-01	1.349575e-01
0.000000e+00	8.080808e-01	1.646968e-01
0.000000e+00	8.585859e-01	1.758175e-01
0.000000e+00	9.090909e-01	1.608582e-01
0.000000e+00	9.595960e-01	1.229015e-01
0.000000e+00	1.010101e+00	7.629437e-02
0.000000e+00	1.060606e+00	3.851310e-02
0.000000e+00	1.111111e+00	1.867412e-02
0.000000e+00	1.161616e+00	1.579269e-02
0.000000e+00	1.212121e+00	3.456051e-02
0.000000e+00	1.262626e+00	1.064542e-01
0.000000e+00	1.313131e+00	2.879876e-01
0.000000e+00	1.363636e+00	6.204585e-01
0.000000e+00	1.414141e+00	1.074893e+00
0.000000e+00	1.464646e+00	1.533695e+00
0.000000e+00	1.515152e+00	1.839222e+00
0.000000e+00	1.565657e+00	1.881420e+00
0.000000e+00	1.616162e+00	1.658900e+00
0.000000e+00	1.666667e+00	1.269909e+00
0.000000e+00	1.717172e+00	8.481650e-01
0.000000e+00	1.767677e+00	4.958647e-01
0.000000e+00	1.818182e+00	2.542814e-01
0.000000e+00	1.868687e+00	1.145083e-01
0.000000e+00	1.919192e+00	4.530402e-02
0.000000e+00	1.969697e+00	1.574681e-02
0.000000e+00	2.020202e+00	4.806232e-03
0.000000e+00	2.070707e+00	1.287161e-03
0.000000e+00	2.121212e+00	3.021503e-04
0.000000e+00	2.171717e+00	6.209112e-05
0.000000e+00	2.222222e+00	1.115399e-05
0.000000e+00	2.272727e+00	1.748807e-06
0.000000e+00	2.323232e+00	2.389050e-07
0.000000e+00	2.373737e+00	2.838611e-08
0.000000e+00	2.424242e+00	2.927799e-09
0.000000e+00	2.474747e+00	2.616741e-10
0.000000e+00	2.525253e+00	2.021098e-11
0.000000e+00	2.575758e+00	1.349822e-12
0.000000e+00	2.626263e+00	7.692101e-14
0.000000e+00	2.676768e+00	3.923757e-15
0.000000e+00	2.727273e+00	1.395250e-16
0.000000e+00	2.777778e+00	1.110230e-17
0.000000e+00	2.828283e+00	2.650765e-19
0.000000e+00	2.878788e+00	1.056529e-18
0.000000e+00	2.929293e+00	9.330611e-19
0.000000e+00	2.979798e+00	9.840643e-19
0.000000e+00	3.030303e+00	1.004215e-18
0.000000e+00	3.080808e+00	1.022946e-18
0.000000e+00	3.131313e+00	1.036094e-18
0.000000e+00	3.181818e+00	1.044436e-18
0.000000e+00	3.232323e+00	1.047617e-18
0.000000e+00	3.282828e+00	1.046176e-18
0.000000e+00	3.333333e+00	1.039785e-18
0.000000e+00	3.383838e+00	1.029035e-18
0.000000e+00	3.434343e+00	1.013767e-18
0.000000e+00	3.484848e+00	9.944378e-19
0.000000e+00	3.535354e+00	9.711731e-19
0.000000e+00	3.585859e+00	9.442387e-19
0.000000e+00	3.636364e+00	9.140054e-19
0.000000e+00	3.686869e+00	8.806191e-19
0.000000e+00	3.737374e+00	8.445756e-19
0.000000e+00	3.787879e+00	8.060253e-19
0.000000e+00	3.838384e+00	7.654289e-19
0.000000e+00	3.888889e+00	7.230699e-19
0.000000e+00	3.939394e+00	6.792896e-19
0.000000e+00	3.989899e+00	6.344898e-19
0.000000e+00	4.040404e+00	5.889338e-19
0.000000e+00	4.090909e+00	5.430809e-19
0.000000e+00	4.141414e+00	4.971538e-19
0.000000e+00	4.191919e+00	4.516141e-19
0.000000e+00	4.242424e+00	4.066809e-19
0.000000e+00	4.292929e+00	3.627704e-19
0.000000e+00	4.343434e+00	3.201213e-19
0.000000e+00	4.393939e+00	2.790898e-19
0.000000e+00	4.444444e+00	2.399132e-19
0.000000e+00	4.494949e+00	2.028972e-19
0.000000e+00	4.545455e+00	1.682747e-19
0.000000e+00	4.595960e+00	1.362882e-19
0.000000e+00	4.646465e+00	1.071611e-19
0.000000e+00	4.696970e+00	8.108384e-20
0.000000e+00	4.747475e+00	5.826670e-20
0.000000e+00	4.797980e+00	3.887025e-20
0.000000e+00	4.848485e+00	2.308772e-20
0.000000e+00	4.898990e+00	1.110663e-20
0.000000e+00	4.949495e+00	3.207558e-21
0.000000e+00	5.000000e+00	1.364537e-31
1.010101e+00	0.000000e+00	0.000000e+00
1.010101e+00	5.050505e-02	5.876761e-07
1.010101e+00	1.010101e-01	3.355442e-06
1.010101e+00	1.515152e-01	1.259669e-05
1.010101e+00	2.020202e-01	4.105123e-05
1.010101e+00	2.525253e-01	1.232092e-04
1.010101e+00	3.030303e-01	3.454180e-04
1.010101e+00	3.535354e-01	9.061892e-04
1.010101e+00	4.040404e-01	2.219868e-03
1.010101e+00	4.545455e-01	5.057675e-03
1.010101e+00	5.050505e-01	1.066124e-02
1.010101e+00	5.555556e-01	2.065264e-02
1.010101e+00	6.060606e-01	3.644600e-02
1.010101e+00	6.565657e-01	5.789736e-02
1.010101e+00	7.070707e-01	8.138539e-02
1.010101e+00	7.575758e-01	9.855443e-02
1.010101e+00	8.080808e-01	9.813839e-02
1.010101e+00	8.585859e-01	7.318080e-02
1.010101e+00	9.090909e-01	3.275687e-02
1.010101e+00	9.595960e-01	1.105434e-02
1.010101e+00	1.010101e+00	6.192019e-02
1.010101e+00	1.060606e+00	2.315727e-01
1.010101e+00	1.111111e+00	5.194469e-01
1.010101e+00	1.161616e+00	8.564782e-01
1.010101e+00	1.212121e+00	1.129562e+00
1.010101e+00	1.262626e+00	1.248646e+00
1.010101e+00	1.313131e+00	1.209963e+00
1.010101e+00	1.363636e+00	1.099504e+00
1.010101e+00	1.414141e+00	1.026249e+00
1.010101e+00	1.464646e+00	1.038390e+00
1.010101e+00	1.515152e+00	1.093283e+00
1.010101e+00	1.565657e+00	1.102156e+00
1.010101e+00	1.616162e+00	1.003943e+00
1.010101e+00	1.666667e+00	8.052005e-01
1.010101e+00	1.717172e+00	5.638638e-01
1.010101e+00	1.767677e+00	3.442820e-01
1.010101e+00	1.818182e+00	1.834422e-01
1.010101e+00	1.868687e+00	8.540365e-02
1.010101e+00	1.919192e+00	3.477631e-02
1.010101e+00	1.969697e+00	1.239279e-02
1.010101e+00	2.020202e+00	3.865337e-03
1.010101e+00	2.070707e+00	1.054922e-03
1.010101e+00	2.121212e+00	2.517684e-04
1.010101e+00	2.171717e+00	5.249771e-05
1.010101e+00	2.222222e+00	9.553112e-06
1.010101e+00	2.272727e+00	1.515089e-06
1.010101e+00	2.323232e+00	2.091074e-07
1.010101e+00	2.373737e+00	2.507485e-08
1.010101e+00	2.424242e+00	2.607730e-09
1.010101e+00	2.474747e+00	2.348157e-10
1.010101e+00	2.525253e+00	1.825937e-11
1.010101e+00	2.575758e+00	1.227098e-12
1.010101e+00	2.626263e+00	7.030029e-14
1.010101e+00	2.676768e+00	3.609438e-15
1.010101e+00	2.727273e+00	1.281754e-16
1.010101e+00	2.777778e+00	1.064136e-17
1.010101e+00	2.828283e+00	4.146926e-19
1.010101e+00	2.878788e+00	1.192880e-18
1.010101e+00	2.929293e+00	1.079385e-18
1.010101e+00	2.979798e+00	1.134063e-18
1.010101e+00	3.030303e+00	1.157809e-18
1.010101e+00	3.080808e+00	1.179315e-18
1.010101e+00	3.131313e+00	1.194455e-18
1.010101e+00	3.181818e+00	1.204030e-18
1.010101e+00	3.232323e+00	1.207711e-18
1.010101e+00	3.282828e+00	1.205977e-18
1.010101e+00	3.333333e+00	1.198658e-18
1.010101e+00	3.383838e+00	1.186169e-18
1.010101e+00	3.434343e+00	1.168638e-18
1.010101e+00	3.484848e+00	1.146262e-18
1.010101e+00	3.535354e+00	1.119508e-18
1.010101e+00	3.585859e+00	1.088381e-18
1.010101e+00	3.636364e+00	1.053581e-18
1.010101e+00	3.686869e+00	1.015050e-18
1.010101e+00	3.737374e+00	9.735142e-19
1.010101e+00	3.787879e+00	9.290680e-19
1.010101e+00	3.838384e+00	8.822656e-19
1.010101e+00	3.888889e+00	8.334445e-19
1.010101e+00	3.939394e+00	7.829652e-19
1.010101e+00	3.989899e+00	7.313347e-19
1.010101e+00	4.040404e+00	6.788128e-19
1.010101e+00	4.090909e+00	6.259658e-19
1.010101e+00	4.141414e+00	5.730256e-19
1.010101e+00	4.191919e+00	5.205328e-19
1.010101e+00	4.242424e+00	4.687429e-19
1.010101e+00	4.292929e+00	4.181302e-19
1.010101e+00	4.343434e+00	3.689733e-19
1.010101e+00	4.393939e+00	3.216790e-19
1.010101e+00	4.444444e+00	2.765230e-19
1.010101e+00	4.494949e+00	2.338620e-19
1.010101e+00	4.545455e+00	1.939506e-19
1.010101e+00	4.595960e+00	1.570867e-19
1.010101e+00	4.646465e+00	1.235115e-19
1.010101e+00	4.696970e+00	9.345966e-20
1.010101e+00	4.747475e+00	6.715810e-20
1.010101e+00	4.797980e+00	4.480308e-20
1.010101e+00	4.848485e+00	2.661078e-20
1.010101e+00	4.898990e+00	1.280192e-20
1.010101e+00	4.949495e+00	3.697186e-21
1.010101e+00	5.000000e+00	3.240358e-31
2.020202e+00	0.000000e+00	0.000000e+00
2.020202e+00	5.050505e-02	1.569484e-06
2.020202e+00	1.010101e-01	8.981722e-06
2.020202e+00	1.515152e-01	3.390555e-05
2.020202e+00	2.020202e-01	1.115504e-04
2.020202e+00	2.525253e-01	3.395294e-04
2.020202e+00	3.030303e-01	9.702562e-04
2.020202e+00	3.535354e-01	2.609998e-03
2.020202e+00	4.040404e-01	6.602274e-03
2.020202e+00	4.545455e-01	1.566812e-02
2.020202e+00	5.050505e-01	3.477778e-02
2.020202e+00	5.555556e-01	7.195112e-02
2.020202e+00	6.060606e-01	1.382047e-01
2.020202e+00	6.565657e-01	2.453901e-01
2.020202e+00	7.070707e-01	4.008084e-01
2.020202e+00	7.575758e-01	5.990893e-01
2.020202e+00	8.080808e-01	8.151485e-01
2.020202e+00	8.585859e-01	1.005380e+00
2.020202e+00	9.090909e-01	1.123516e+00
2.020202e+00	9.595960e-01	1.148946e+00
2.020202e+00	1.010101e+00	1.110890e+00
2.020202e+00	1.060606e+00	1.083752e+00
2.020202e+00	1.111111e+00	1.141928e+00
2.020202e+00	1.161616e+00	1.296491e+00
2.020202e+00	1.212121e+00	1.464928e+00
2.020202e+00	1.262626e+00	1.512761e+00
2.020202e+00	1.313131e+00	1.348460e+00
2.020202e+00	1.363636e+00	9.982895e-01
2.020202e+00	1.414141e+00	5.951955e-01
2.020202e+00	1.464646e+00	2.883020e-01
2.020202e+00	1.515152e+00	1.487284e-01
2.020202e+00	1.565657e+00	1.444405e-01
2.020202e+00	1.616162e+00	1.893617e-01
2.020202e+00	1.666667e+00	2.120522e-01
2.020202e+00	1.717172e+00	1.898483e-01
2.020202e+00	1.767677e+00	1.386610e-01
2.020202e+00	1.818182e+00	8.447913e-02
2.020202e+00	1.868687e+00	4.360730e-02
2.020202e+00	1.919192e+00	1.926691e-02
2.020202e+00	1.969697e+00	7.334247e-03
2.020202e+00	2.020202e+00	2.415381e-03
2.020202e+00	2.070707e+00	6.898969e-04
2.020202e+00	2.121212e+00	1.711340e-04
2.020202e+00	2.171717e+00	3.688681e-05
2.020202e+00	2.222222e+00	6.908052e-06
2.020202e+00	2.272727e+00	1.123473e-06
2.020202e+00	2.323232e+00	1.585292e-07
2.020202e+00	2.373737e+00	1.938702e-08
2.020202e+00	2.424242e+00	2.051813e-09
2.020202e+00	2.474747e+00	1.876989e-10
2.020202e+00	2.525253e+00	1.479988e-11
2.020202e+00	2.575758e+00	1.008517e-12
2.020202e+00	2.626263e+00	5.819263e-14
2.020202e+00	2.676768e+00	3.081651e-15
2.020202e+00	2.727273e+00	9.946450e-17
2.020202e+00	2.777778e+00	1.259634e-17
2.020202e+00	2.828283e+00	1.469430e-18
2.020202e+00	2.878788e+00	2.641462e-18
2.020202e+00	2.929293e+00	2.527094e-18
2.020202e+00	2.979798e+00	2.633415e-18
2.020202e+00	3.030303e+00	2.691855e-18
2.020202e+00	3.080808e+00	2.741852e-18
2.020202e+00	3.131313e+00	2.777426e-18
2.020202e+00	3.181818e+00	2.799927e-18
2.020202e+00	3.232323e+00	2.808842e-18
2.020202e+00	3.282828e+00	2.804934e-18
2.020202e+00	3.333333e+00	2.788238e-18
2.020202e+00	3.383838e+00	2.759304e-18
2.020202e+00	3.434343e+00	2.718750e-18
2.020202e+00	3.484848e+00	2.666845e-18
2.020202e+00	3.535354e+00	2.604715e-18
2.020202e+00	3.585859e+00	2.532495e-18
2.020202e+00	3.636364e+00	2.451526e-18
2.020202e+00	3.686869e+00	2.362090e-18
2.020202e+00	3.737374e+00	2.265402e-18
2.020202e+00	3.787879e+00	2.162159e-18
2.020202e+00	3.838384e+00	2.053224e-18
2.020202e+00	3.888889e+00	1.939716e-18
2.020202e+00	3.939394e+00	1.822259e-18
2.020202e+00	3.989899e+00	1.702136e-18
2.020202e+00	4.040404e+00	1.579954e-18
2.020202e+00	4.090909e+00	1.456941e-18
2.020202e+00	4.141414e+00	1.333792e-18
2.020202e+00	4.191919e+00	1.211577e-18
2.020202e+00	4.242424e+00	1.091095e-18
2.020202e+00	4.292929e+00	9.732543e-19
2.020202e+00	4.343434e+00	8.588749e-19
2.020202e+00	4.393939e+00	7.487685e-19
2.020202e+00	4.444444e+00	6.436787e-19
2.020202e+00	4.494949e+00	5.443687e-19
2.020202e+00	4.545455e+00	4.514645e-19
2.020202e+00	4.595960e+00	3.656612e-19
2.020202e+00	4.646465e+00	2.874932e-19
2.020202e+00	4.696970e+00	2.175511e-19
2.020202e+00	4.747475e+00	1.563145e-19
2.020202e+00	4.797980e+00	1.042844e-19
2.020202e+00	4.848485e+00	6.193300e-20
2.020202e+00	4.898990e+00	2.979427e-20
2.020202e+00	4.949495e+00	8.602069e-21
2.020202e+00	5.000000e+00	3.724331e-31
3.030303e+00	0.000000e+00	0.000000e+00
3.030303e+00	5.050505e-02	2.839829e-06
3.030303e+00	1.010101e-01	1.626688e-05
3.030303e+00	1.515152e-01	6.154662e-05
3.030303e+00	2.020202e-01	2.032766e-04
3.030303e+00	2.525253e-01	6.222146e-04
3.030303e+00	3.030303e-01	1.791523e-03
3.030303e+00	3.535354e-01	4.865797e-03
3.030303e+00	4.040404e-01	1.245624e-02
3.030303e+00	4.545455e-01	2.999240e-02
3.030303e+00	5.050505e-01	6.774263e-02
3.030303e+00	5.555556e-01	1.430852e-01
3.030303e+00	6.060606e-01	2.816397e-01
3.030303e+00	6.565657e-01	5.145721e-01
3.030303e+00	7.070707e-01	8.687517e-01
3.030303e+00	7.575758e-01	1.348246e+00
3.030303e+00	8.080808e-01	1.911485e+00
3.030303e+00	8.585859e-01	2.457076e+00
3.030303e+00	9.090909e-01	2.836547e+00
3.030303e+00	9.595960e-01	2.904769e+00
3.030303e+00	1.010101e+00	2.594585e+00
3.030303e+00	1.060606e+00	1.973397e+00
3.030303e+00	1.111111e+00	1.233177e+00
3.030303e+00	1.161616e+00	6.014399e-01
3.030303e+00	1.212121e+00	2.223106e-01
3.030303e+00	1.262626e+00	9.118163e-02
3.030303e+00	1.313131e+00	9.139645e-02
3.030303e+00	1.363636e+00	9.851298e-02
3.030303e+00	1.414141e+00	6.365423e-02
3.030303e+00	1.464646e+00	1.579777e-02
3.030303e+00	1.515152e+00	2.274964e-03
3.030303e+00	1.565657e+00	3.491935e-02
3.030303e+00	1.616162e+00	8.558620e-02
3.030303e+00	1.666667e+00	1.181974e-01
3.030303e+00	1.717172e+00	1.173778e-01
3.030303e+00	1.767677e+00	9.158643e-02
3.030303e+00	1.818182e+00	5.856564e-02
3.030303e+00	1.868687e+00	3.140718e-02
3.030303e+00	1.919192e+00	1.431911e-02
3.030303e+00	1.969697e+00	5.597159e-03
3.030303e+00	2.020202e+00	1.885736e-03
3.030303e+00	2.070707e+00	5.493818e-04
3.030303e+00	2.121212e+00	1.386671e-04
3.030303e+00	2.171717e+00	3.035196e-05
3.030303e+00	2.222222e+00	5.762620e-06
3.030303e+00	2.272727e+00	9.487592e-07
3.030303e+00	2.323232e+00	1.353621e-07
3.030303e+00	2.373737e+00	1.672009e-08
3.030303e+00	2.424242e+00	1.785605e-09
3.030303e+00	2.474747e+00	1.647182e-10
3.030303e+00	2.525253e+00	1.308078e-11
3.030303e+00	2.575758e+00	8.989919e-13
3.030303e+00	2.626263e+00	5.184973e-14
3.030303e+00	2.676768e+00	2.845230e-15
3.030303e+00	2.727273e+00	7.764949e-17
3.030303e+00	2.777778e+00	1.600856e-17
3.030303e+00	2.828283e+00	2.691741e-18
3.030303e+00	2.878788e+00	4.426544e-18
3.030303e+00	2.929293e+00	4.295593e-18
3.030303e+00	2.979798e+00	4.467383e-18
3.030303e+00	3.030303e+00	4.568074e-18
3.030303e+00	3.080808e+00	4.653037e-18
3.030303e+00	3.131313e+00	4.713686e-18
3.030303e+00	3.181818e+00	4.752093e-18
3.030303e+00	3.232323e+00	4.767448e-18
3.030303e+00	3.282828e+00	4.761000e-18
3.030303e+00	3.333333e+00	4.732819e-18
3.030303e+00	3.383838e+00	4.683913e-18
3.030303e+00	3.434343e+00	4.615136e-18
3.030303e+00	3.484848e+00	4.527261e-18
3.030303e+00	3.535354e+00	4.421778e-18
3.030303e+00	3.585859e+00	4.299422e-18
3.030303e+00	3.636364e+00	4.161899e-18
3.030303e+00	3.686869e+00	4.010279e-18
3.030303e+00	3.737374e+00	3.846092e-18
3.030303e+00	3.787879e+00	3.670951e-18
3.030303e+00	3.838384e+00	3.486000e-18
3.030303e+00	3.888889e+00	3.293355e-18
3.030303e+00	3.939394e+00	3.093970e-18
3.030303e+00	3.989899e+00	2.890035e-18
3.030303e+00	4.040404e+00	2.682640e-18
3.030303e+00	4.090909e+00	2.473763e-18
3.030303e+00	4.141414e+00	2.264719e-18
3.030303e+00	4.191919e+00	2.057185e-18
3.030303e+00	4.242424e+00	1.852657e-18
3.030303e+00	4.292929e+00	1.652547e-18
3.030303e+00	4.343434e+00	1.458362e-18
3.030303e+00	4.393939e+00	1.271392e-18
3.030303e+00	4.444444e+00	1.092967e-18
3.030303e+00	4.494949e+00	9.243296e-19
3.030303e+00	4.545455e+00	7.665858e-19
3.030303e+00	4.595960e+00	6.208918e-19
3.030303e+00	4.646465e+00	4.881582e-19
3.030303e+00	4.696970e+00	3.693978e-19
3.030303e+00	4.747475e+00	2.654128e-19
3.030303e+00	4.797980e+00	1.770687e-19
3.030303e+00	4.848485e+00	1.051551e-19
3.030303e+00	4.898990e+00	5.058628e-20
3.030303e+00	4.949495e+00	1.460330e-20
3.030303e+00	5.000000e+00	1.465399e-31
4.040404e+00	0.000000e+00	0.000000e+00
4.040404e+00	5.050505e-02	2.238353e-06
4.040404e+00	1.010101e-01	1.281755e-05
4.040404e+00	1.515152e-01	4.845943e-05
4.040404e+00	2.020202e-01	1.598478e-04
4.040404e+00	2.525253e-01	4.883779e-04
4.040404e+00	3.030303e-01	1.402714e-03
4.040404e+00	3.535354e-01	3.797921e-03
4.040404e+00	4.040404e-01	9.685324e-03
4.040404e+00	4.545455e-01	2.321327e-02
4.040404e+00	5.050505e-01	5.214545e-02
4.040404e+00	5.555556e-01	1.094405e-01
4.040404e+00	6.060606e-01	2.138339e-01
4.040404e+00	6.565657e-01	3.874196e-01
4.040404e+00	7.070707e-01	6.479599e-01
4.040404e+00	7.575758e-01	9.953604e-01
4.040404e+00	8.080808e-01	1.396376e+00
4.040404e+00	8.585859e-01	1.777720e+00
4.040404e+00	9.090909e-01	2.040156e+00
4.040404e+00	9.595960e-01	2.098084e+00
4.040404e+00	1.010101e+00	1.929674e+00
4.040404e+00	1.060606e+00	1.603819e+00
4.040404e+00	1.111111e+00	1.253259e+00
4.040404e+00	1.161616e+00	9.984170e-01
4.040404e+00	1.212121e+00	8.721725e-01
4.040404e+00	1.262626e+00	8.073164e-01
4.040404e+00	1.313131e+00	7.021447e-01
4.040404e+00	1.363636e+00	5.102189e-01
4.040404e+00	1.414141e+00	2.764426e-01
4.040404e+00	1.464646e+00	9.219286e-02
4.040404e+00	1.515152e+00	1.733980e-02
4.040404e+00	1.565657e+00	4.017010e-02
4.040404e+00	1.616162e+00	1.002919e-01
4.040404e+00	1.666667e+00	1.404193e-01
4.040404e+00	1.717172e+00	1.390741e-01
4.040404e+00	1.767677e+00	1.075444e-01
4.040404e+00	1.818182e+00	6.802319e-02
4.040404e+00	1.868687e+00	3.607747e-02
4.040404e+00	1.919192e+00	1.627643e-02
4.040404e+00	1.969697e+00	6.300845e-03
4.040404e+00	2.020202e+00	2.104146e-03
4.040404e+00	2.070707e+00	6.081289e-04
4.040404e+00	2.121212e+00	1.523897e-04
4.040404e+00	2.171717e+00	3.313846e-05
4.040404e+00	2.222222e+00	6.254593e-06
4.040404e+00	2.272727e+00	1.024256e-06
4.040404e+00	2.323232e+00	1.454242e-07
4.040404e+00	2.373737e+00	1.788348e-08
4.040404e+00	2.424242e+00	1.902173e-09
4.040404e+00	2.474747e+00	1.748134e-10
4.040404e+00	2.525253e+00	1.383834e-11
4.040404e+00	2.575758e+00	9.473271e-13
4.040404e+00	2.626263e+00	5.466798e-14
4.040404e+00	2.676768e+00	2.947722e-15
4.040404e+00	2.727273e+00	8.779028e-17
4.040404e+00	2.777778e+00	1.435121e-17
4.040404e+00	2.828283e+00	2.118278e-18
4.040404e+00	2.878788e+00	3.580720e-18
4.040404e+00	2.929293e+00	3.458646e-18
4.040404e+00	2.979798e+00	3.599297e-18
4.040404e+00	3.030303e+00	3.680009e-18
4.040404e+00	3.080808e+00	3.748419e-18
4.040404e+00	3.131313e+00	3.797201e-18
4.040404e+00	3.181818e+00	3.828077e-18
4.040404e+00	3.232323e+00	3.840385e-18
4.040404e+00	3.282828e+00	3.835138e-18
4.040404e+00	3.333333e+00	3.812395e-18
4.040404e+00	3.383838e+00	3.772940e-18
4.040404e+00	3.434343e+00	3.717524e-18
4.040404e+00	3.484848e+00	3.646672e-18
4.040404e+00	3.535354e+00	3.561711e-18
4.040404e+00	3.585859e+00	3.463084e-18
4.040404e+00	3.636364e+00	3.352331e-18
4.040404e+00	3.686869e+00	3.230144e-18
4.040404e+00	3.737374e+00	3.097906e-18
4.040404e+00	3.787879e+00	2.956796e-18
4.040404e+00	3.838384e+00	2.807826e-18
4.040404e+00	3.888889e+00	2.652639e-18
4.040404e+00	3.939394e+00	2.492032e-18
4.040404e+00	3.989899e+00	2.327768e-18
4.040404e+00	4.040404e+00	2.160707e-18
4.040404e+00	4.090909e+00	1.992472e-18
4.040404e+00	4.141414e+00	1.824085e-18
4.040404e+00	4.191919e+00	1.656934e-18
4.040404e+00	4.242424e+00	1.492188e-18
4.040404e+00	4.292929e+00	1.331018e-18
4.040404e+00	4.343434e+00	1.174607e-18
4.040404e+00	4.393939e+00	1.024019e-18
4.040404e+00	4.444444e+00	8.803056e-19
4.040404e+00	4.494949e+00	7.444831e-19
4.040404e+00	4.545455e+00	6.174297e-19
4.040404e+00	4.595960e+00	5.000838e-19
4.040404e+00	4.646465e+00	3.931776e-19
4.040404e+00	4.696970e+00	2.975244e-19
4.040404e+00	4.747475e+00	2.137734e-19
4.040404e+00	4.797980e+00	1.426178e-19
4.040404e+00	4.848485e+00	8.469682e-20
4.040404e+00	4.898990e+00	4.074482e-20
4.040404e+00	4.949495e+00	1.176274e-20
4.040404e+00	5.000000e+00	2.624730e-31
5.050505e+00	0.000000e+00	0.000000e+00
5.050505e+00	5.050505e-02	8.294199e-07
5.050505e+00	1.010101e-01	4.739780e-06
5.050505e+00	1.515152e-01	1.783075e-05
5.050505e+00	2.020202e-01	5.831772e-05
5.050505e+00	2.525253e-01	1.759684e-04
5.050505e+00	3.030303e-01	4.969667e-04
5.050505e+00	3.535354e-01	1.316534e-03
5.050505e+00	4.040404e-01	3.266262e-03
5.050505e+00	4.545455e-01	7.565102e-03
5.050505e+00	5.050505e-01	1.629152e-02
5.050505e+00	5.555556e-01	3.246165e-02
5.050505e+00	6.060606e-01	5.950062e-02
5.050505e+00	6.565657e-01	9.963587e-02
5.050505e+00	7.070707e-01	1.511897e-01
5.050505e+00	7.575758e-01	2.060129e-01
5.050505e+00	8.080808e-01	2.500303e-01
5.050505e+00	8.585859e-01	2.704002e-01
5.050505e+00	9.090909e-01	2.696106e-01
5.050505e+00	9.595960e-01	2.792058e-01
5.050505e+00	1.010101e+00	3.583960e-01
5.050505e+00	1.060606e+00	5.653882e-01
5.050505e+00	1.111111e+00	9.084305e-01
5.050505e+00	1.161616e+00	1.309788e+00
5.050505e+00	1.212121e+00	1.622858e+00
5.050505e+00	1.262626e+00	1.710193e+00
5.050505e+00	1.313131e+00	1.535076e+00
5.050505e+00	1.363636e+00	1.193257e+00
5.050505e+00	1.414141e+00	8.515664e-01
5.050505e+00	1.464646e+00	6.384331e-01
5.050505e+00	1.515152e+00	5.729250e-01
5.050505e+00	1.565657e+00	5.811523e-01
5.050505e+00	1.616162e+00	5.713056e-01
5.050505e+00	1.666667e+00	4.982271e-01
5.050505e+00	1.717172e+00	3.750360e-01
5.050505e+00	1.767677e+00	2.428000e-01
5.050505e+00	1.818182e+00	1.355873e-01
5.050505e+00	1.868687e+00	6.555799e-02
5.050505e+00	1.919192e+00	2.753110e-02
5.050505e+00	1.969697e+00	1.006379e-02
5.050505e+00	2.020202e+00	3.206390e-03
5.050505e+00	2.070707e+00	8.909563e-04
5.050505e+00	2.121212e+00	2.159263e-04
5.050505e+00	2.171717e+00	4.562401e-05
5.050505e+00	2.222222e+00	8.398392e-06
5.050505e+00	2.272727e+00	1.345451e-06
5.050505e+00	2.323232e+00	1.873528e-07
5.050505e+00	2.373737e+00	2.264415e-08
5.050505e+00	2.424242e+00	2.371567e-09
5.050505e+00	2.474747e+00	2.149056e-10
5.050505e+00	2.525253e+00	1.680548e-11
5.050505e+00	2.575758e+00	1.135471e-12
5.050505e+00	2.626263e+00	6.529256e-14
5.050505e+00	2.676768e+00	3.381468e-15
5.050505e+00	2.727273e+00	1.179633e-16
5.050505e+00	2.777778e+00	1.089113e-17
5.050505e+00	2.828283e+00	7.093528e-19
5.050505e+00	2.878788e+00	1.565010e-18
5.050505e+00	2.929293e+00	1.455838e-18
5.050505e+00	2.979798e+00	1.523250e-18
5.050505e+00	3.030303e+00	1.556068e-18
5.050505e+00	3.080808e+00	1.584944e-18
5.050505e+00	3.131313e+00	1.605375e-18
5.050505e+00	3.181818e+00	1.618286e-18
5.050505e+00	3.232323e+00	1.623321e-18
5.050505e+00	3.282828e+00	1.620997e-18
5.050505e+00	3.333333e+00	1.611249e-18
5.050505e+00	3.383838e+00	1.594461e-18
5.050505e+00	3.434343e+00	1.570969e-18
5.050505e+00	3.484848e+00	1.540896e-18
5.050505e+00	3.535354e+00	1.504977e-18
5.050505e+00	3.585859e+00	1.463157e-18
5.050505e+00	3.636364e+00	1.416389e-18
5.050505e+00	3.686869e+00	1.364627e-18
5.050505e+00	3.737374e+00	1.308782e-18
5.050505e+00	3.787879e+00	1.249069e-18
5.050505e+00	3.838384e+00	1.186140e-18
5.050505e+00	3.888889e+00	1.120530e-18
5.050505e+00	3.939394e+00	1.052664e-18
5.050505e+00	3.989899e+00	9.832609e-19
5.050505e+00	4.040404e+00	9.126567e-19
5.050505e+00	4.090909e+00	8.416033e-19
5.050505e+00	4.141414e+00	7.704409e-19
5.050505e+00	4.191919e+00	6.998553e-19
5.050505e+00	4.242424e+00	6.302387e-19
5.050505e+00	4.292929e+00	5.621812e-19
5.050505e+00	4.343434e+00	4.960986e-19
5.050505e+00	4.393939e+00	4.325052e-19
5.050505e+00	4.444444e+00	3.717960e-19
5.050505e+00	4.494949e+00	3.144365e-19
5.050505e+00	4.545455e+00	2.607723e-19
5.050505e+00	4.595960e+00	2.112100e-19
5.050505e+00	4.646465e+00	1.660628e-19
5.050505e+00	4.696970e+00	1.256609e-19
5.050505e+00	4.747475e+00	9.029365e-20
5.050505e+00	4.797980e+00	6.023843e-20
5.050505e+00	4.848485e+00	3.577679e-20
5.050505e+00	4.898990e+00	1.721154e-20
5.050505e+00	4.949495e+00	4.970109e-21
5.050505e+00	5.000000e+00	4.039992e-31
6.060606e+00	0.000000e+00	0.000000e+00
6.060606e+00	5.050505e-02	5.052560e-07
6.060606e+00	1.010101e-01	2.885725e-06
6.060606e+00	1.515152e-01	1.084139e-05
6.060606e+00	2.020202e-01	3.537696e-05
6.060606e+00	2.525253e-01	1.063895e-04
6.060606e+00	3.030303e-01	2.991089e-04
6.060606e+00	3.535354e-01	7.877845e-04
6.060606e+00	4.040404e-01	1.940247e-03
6.060606e+00	4.545455e-01	4.453502e-03
6.060606e+00	5.050505e-01	9.484809e-03
6.060606e+00	5.555556e-01	1.864205e-02
6.060606e+00	6.060606e-01	3.359124e-02
6.060606e+00	6.565657e-01	5.503480e-02
6.060606e+00	7.070707e-01	8.111827e-02
6.060606e+00	7.575758e-01	1.060641e-01
6.060606e+00	8.080808e-01	1.207066e-01
6.060606e+00	8.585859e-01	1.166012e-01
6.060606e+00	9.090909e-01	9.327531e-02
6.060606e+00	9.595960e-01	6.417226e-02
6.060606e+00	1.010101e+00	5.418138e-02
6.060606e+00	1.060606e+00	8.539657e-02
6.060606e+00	1.111111e+00	1.589296e-01
6.060606e+00	1.161616e+00	2.504950e-01
6.060606e+00	1.212121e+00	3.318251e-01
6.060606e+00	1.262626e+00	4.056408e-01
6.060606e+00	1.313131e+00	5.194561e-01
6.060606e+00	1.363636e+00	7.326556e-01
6.060606e+00	1.414141e+00	1.054452e+00
6.060606e+00	1.464646e+00	1.407517e+00
6.060606e+00	1.515152e+00	1.658537e+00
6.060606e+00	1.565657e+00	1.698376e+00
6.060606e+00	1.616162e+00	1.508724e+00
6.060606e+00	1.666667e+00	1.165520e+00
6.060606e+00	1.717172e+00	7.854434e-01
6.060606e+00	1.767677e+00	4.629582e-01
6.060606e+00	1.818182e+00	2.391256e-01
6.060606e+00	1.868687e+00	1.083634e-01
6.060606e+00	1.919192e+00	4.310800e-02
6.060606e+00	1.969697e+00	1.505489e-02
6.060606e+00	2.020202e+00	4.614098e-03
6.060606e+00	2.070707e+00	1.240180e-03
6.060606e+00	2.121212e+00	2.920462e-04
6.060606e+00	2.171717e+00	6.018253e-05
6.060606e+00	2.222222e+00	1.083786e-05
6.060606e+00	2.272727e+00	1.702972e-06
6.060606e+00	2.323232e+00	2.330987e-07
6.060606e+00	2.373737e+00	2.774473e-08
6.060606e+00	2.424242e+00	2.866150e-09
6.060606e+00	2.474747e+00	2.565271e-10
6.060606e+00	2.525253e+00	1.983898e-11
6.060606e+00	2.575758e+00	1.326489e-12
6.060606e+00	2.626263e+00	7.567912e-14
6.060606e+00	2.676768e+00	3.862348e-15
6.060606e+00	2.727273e+00	1.378217e-16
6.060606e+00	2.777778e+00	1.087749e-17
6.060606e+00	2.828283e+00	2.608110e-19
6.060606e+00	2.878788e+00	1.028264e-18
6.060606e+00	2.929293e+00	9.079898e-19
6.060606e+00	2.979798e+00	9.576121e-19
6.060606e+00	3.030303e+00	9.771950e-19
6.060606e+00	3.080808e+00	9.954031e-19
6.060606e+00	3.131313e+00	1.008179e-18
6.060606e+00	3.181818e+00	1.016277e-18
6.060606e+00	3.232323e+00	1.019361e-18
6.060606e+00	3.282828e+00	1.017938e-18
6.060606e+00	3.333333e+00	1.011717e-18
6.060606e+00	3.383838e+00	1.001232e-18
6.060606e+00	3.434343e+00	9.863813e-19
6.060606e+00	3.484848e+00	9.675480e-19
6.060606e+00	3.535354e+00	9.449211e-19
6.060606e+00	3.585859e+00	9.186900e-19
6.060606e+00	3.636364e+00	8.892846e-19
6.060606e+00	3.686869e+00	8.567827e-19
6.060606e+00	3.737374e+00	8.217180e-19
6.060606e+00	3.787879e+00	7.842013e-19
6.060606e+00	3.838384e+00	7.447028e-19
6.060606e+00	3.888889e+00	7.034871e-19
6.060606e+00	3.939394e+00	6.608880e-19
6.060606e+00	3.989899e+00	6.173016e-19
6.060606e+00	4.040404e+00	5.729747e-19
6.060606e+00	4.090909e+00	5.283655e-19
6.060606e+00	4.141414e+00	4.836792e-19
6.060606e+00	4.191919e+00	4.393744e-19
6.060606e+00	4.242424e+00	3.956565e-19
6.060606e+00	4.292929e+00	3.529372e-19
6.060606e+00	4.343434e+00	3.114427e-19
6.060606e+00	4.393939e+00	2.715240e-19
6.060606e+00	4.444444e+00	2.334084e-19
6.060606e+00	4.494949e+00	1.973970e-19
6.060606e+00	4.545455e+00	1.637121e-19
6.060606e+00	4.595960e+00	1.325933e-19
6.060606e+00	4.646465e+00	1.042557e-19
6.060606e+00	4.696970e+00	7.888601e-20
6.060606e+00	4.747475e+00	5.668749e-20
6.060606e+00	4.797980e+00	3.781691e-20
6.060606e+00	4.848485e+00	2.246217e-20
6.060606e+00	4.898990e+00	1.080582e-20
6.060606e+00	4.949495e+00	3.120794e-21
6.060606e+00	5.000000e+00	1.866884e-31
7.070707e+00	0.000000e+00	0.000000e+00
7.070707e+00	5.050505e-02	5.464012e-07
7.070707e+00	1.010101e-01	3.120905e-06
7.070707e+00	1.515152e-01	1.172656e-05
7.070707e+00	2.020202e-01	3.827430e-05
7.070707e+00	2.525253e-01	1.151402e-04
7.070707e+00	3.030303e-01	3.238436e-04
7.070707e+00	3.535354e-01	8.533368e-04
7.070707e+00	4.040404e-01	2.102771e-03
7.070707e+00	4.545455e-01	4.828905e-03
7.070707e+00	5.050505e-01	1.028808e-02
7.070707e+00	5.555556e-01	2.022222e-02
7.070707e+00	6.060606e-01	3.641871e-02
7.070707e+00	6.565657e-01	5.956359e-02
7.070707e+00	7.070707e-01	8.743748e-02
7.070707e+00	7.575758e-01	1.133334e-01
7.070707e+00	8.080808e-01	1.265955e-01
7.070707e+00	8.585859e-01	1.172793e-01
7.070707e+00	9.090909e-01	8.468788e-02
7.070707e+00	9.595960e-01	4.496178e-02
7.070707e+00	1.010101e+00	2.942320e-02
7.070707e+00	1.060606e+00	6.874282e-02
7.070707e+00	1.111111e+00	1.701453e-01
7.070707e+00	1.161616e+00	3.071846e-01
7.070707e+00	1.212121e+00	4.382865e-01
7.070707e+00	1.262626e+00	5.455551e-01
7.070707e+00	1.313131e+00	6.587379e-01
7.070707e+00	1.363636e+00	8.329820e-01
7.070707e+00	1.414141e+00	1.090405e+00
7.070707e+00	1.464646e+00	1.377123e+00
7.070707e+00	1.515152e+00	1.581321e+00
7.070707e+00	1.565657e+00	1.603519e+00
7.070707e+00	1.616162e+00	1.421579e+00
7.070707e+00	1.666667e+00	1.099879e+00
7.070707e+00	1.717172e+00	7.434628e-01
7.070707e+00	1.767677e+00	4.397800e-01
7.070707e+00	1.818182e+00	2.279807e-01
7.070707e+00	1.868687e+00	1.036739e-01
7.070707e+00	1.919192e+00	4.137691e-02
7.070707e+00	1.969697e+00	1.449360e-02
7.070707e+00	2.020202e+00	4.454202e-03
7.070707e+00	2.070707e+00	1.200175e-03
7.070707e+00	2.121212e+00	2.832623e-04
7.070707e+00	2.171717e+00	5.849182e-05
7.070707e+00	2.222222e+00	1.055298e-05
7.070707e+00	2.272727e+00	1.661015e-06
7.070707e+00	2.323232e+00	2.277067e-07
7.070707e+00	2.373737e+00	2.714120e-08
7.070707e+00	2.424242e+00	2.807423e-09
7.070707e+00	2.474747e+00	2.515697e-10
7.070707e+00	2.525253e+00	1.947656e-11
7.070707e+00	2.575758e+00	1.303630e-12
7.070707e+00	2.626263e+00	7.442807e-14
7.070707e+00	2.676768e+00	3.805480e-15
7.070707e+00	2.727273e+00	1.352256e-16
7.070707e+00	2.777778e+00	1.092446e-17
7.070707e+00	2.828283e+00	3.127936e-19
7.070707e+00	2.878788e+00	1.099600e-18
7.070707e+00	2.929293e+00	9.794709e-19
7.070707e+00	2.979798e+00	1.031611e-18
7.070707e+00	3.030303e+00	1.052897e-18
7.070707e+00	3.080808e+00	1.072502e-18
7.070707e+00	3.131313e+00	1.086276e-18
7.070707e+00	3.181818e+00	1.095003e-18
7.070707e+00	3.232323e+00	1.098340e-18
7.070707e+00	3.282828e+00	1.096799e-18
7.070707e+00	3.333333e+00	1.090114e-18
7.070707e+00	3.383838e+00	1.078806e-18
7.070707e+00	3.434343e+00	1.062823e-18
7.070707e+00	3.484848e+00	1.042520e-18
7.070707e+00	3.535354e+00	1.018154e-18
7.070707e+00	3.585859e+00	9.898840e-19
7.070707e+00	3.636364e+00	9.582076e-19
7.070707e+00	3.686869e+00	9.231865e-19
7.070707e+00	3.737374e+00	8.854047e-19
7.070707e+00	3.787879e+00	8.449847e-19
7.070707e+00	3.838384e+00	8.024229e-19
7.070707e+00	3.888889e+00	7.580167e-19
7.070707e+00	3.939394e+00	7.121140e-19
7.070707e+00	3.989899e+00	6.651516e-19
7.070707e+00	4.040404e+00	6.173887e-19
7.070707e+00	4.090909e+00	5.693218e-19
7.070707e+00	4.141414e+00	5.211734e-19
7.070707e+00	4.191919e+00	4.734326e-19
7.070707e+00	4.242424e+00	4.263280e-19
7.070707e+00	4.292929e+00	3.802960e-19
7.070707e+00	4.343434e+00	3.355863e-19
7.070707e+00	4.393939e+00	2.925723e-19
7.070707e+00	4.444444e+00	2.515025e-19
7.070707e+00	4.494949e+00	2.126998e-19
7.070707e+00	4.545455e+00	1.764027e-19
7.070707e+00	4.595960e+00	1.428723e-19
7.070707e+00	4.646465e+00	1.123371e-19
7.070707e+00	4.696970e+00	8.500175e-20
7.070707e+00	4.747475e+00	6.108155e-20
7.070707e+00	4.797980e+00	4.074853e-20
7.070707e+00	4.848485e+00	2.420311e-20
7.070707e+00	4.898990e+00	1.164339e-20
7.070707e+00	4.949495e+00	3.362614e-21
7.070707e+00	5.000000e+00	2.069698e-31
8.080808e+00	0.000000e+00	0.000000e+00
8.080808e+00	5.050505e-02	1.010440e-06
8.080808e+00	1.010101e-01	5.776630e-06
8.080808e+00	1.515152e-01	2.175316e-05
8.080808e+00	2.020202e-01	7.126903e-05
8.080808e+00	2.525253e-01	2.155919e-04
8.080808e+00	3.030303e-01	6.109607e-04
8.080808e+00	3.535354e-01	1.625740e-03
8.080808e+00	4.040404e-01	4.056215e-03
8.080808e+00	4.545455e-01	9.461301e-03
8.080808e+00	5.050505e-01	2.055460e-02
8.080808e+00	5.555556e-01	4.140460e-02
8.080808e+00	6.060606e-01	7.692714e-02
8.080808e+00	6.565657e-01	1.310102e-01
8.080808e+00	7.070707e-01	2.030297e-01
8.080808e+00	7.575758e-01	2.839469e-01
8.080808e+00	8.080808e-01	3.553805e-01
8.080808e+00	8.585859e-01	3.962522e-01
8.080808e+00	9.090909e-01	3.987739e-01
8.080808e+00	9.595960e-01	3.871175e-01
8.080808e+00	1.010101e+00	4.223830e-01
8.080808e+00	1.060606e+00	5.774164e-01
8.080808e+00	1.111111e+00	8.837966e-01
8.080808e+00	1.161616e+00	1.283584e+00
8.080808e+00	1.212121e+00	1.632407e+00
8.080808e+00	1.262626e+00	1.772268e+00
8.080808e+00	1.313131e+00	1.633125e+00
8.080808e+00	1.363636e+00	1.284939e+00
8.080808e+00	1.414141e+00	8.926902e-01
8.080808e+00	1.464646e+00	6.072435e-01
8.080808e+00	1.515152e+00	4.790953e-01
8.080808e+00	1.565657e+00	4.560906e-01
8.080808e+00	1.616162e+00	4.493775e-01
8.080808e+00	1.666667e+00	4.019773e-01
8.080808e+00	1.717172e+00	3.110739e-01
8.080808e+00	1.767677e+00	2.063360e-01
8.080808e+00	1.818182e+00	1.175710e-01
8.080808e+00	1.868687e+00	5.779817e-02
8.080808e+00	1.919192e+00	2.460794e-02
8.080808e+00	1.969697e+00	9.099028e-03
8.080808e+00	2.020202e+00	2.927225e-03
8.080808e+00	2.070707e+00	8.201345e-04
8.080808e+00	2.121212e+00	2.001823e-04
8.080808e+00	2.171717e+00	4.255985e-05
8.080808e+00	2.222222e+00	7.876901e-06
8.080808e+00	2.272727e+00	1.267949e-06
8.080808e+00	2.323232e+00	1.773109e-07
8.080808e+00	2.373737e+00	2.151172e-08
8.080808e+00	2.424242e+00	2.260616e-09
8.080808e+00	2.474747e+00	2.054823e-10
8.080808e+00	2.525253e+00	1.611221e-11
8.080808e+00	2.575758e+00	1.091617e-12
8.080808e+00	2.626263e+00	6.285468e-14
8.080808e+00	2.676768e+00	3.276178e-15
8.080808e+00	2.727273e+00	1.119649e-16
8.080808e+00	2.777778e+00	1.130868e-17
8.080808e+00	2.828283e+00	8.992333e-19
8.080808e+00	2.878788e+00	1.841647e-18
8.080808e+00	2.929293e+00	1.730384e-18
8.080808e+00	2.979798e+00	1.807878e-18
8.080808e+00	3.030303e+00	1.847236e-18
8.080808e+00	3.080808e+00	1.881517e-18
8.080808e+00	3.131313e+00	1.905818e-18
8.080808e+00	3.181818e+00	1.921177e-18
8.080808e+00	3.232323e+00	1.927199e-18
8.080808e+00	3.282828e+00	1.924458e-18
8.080808e+00	3.333333e+00	1.912926e-18
8.080808e+00	3.383838e+00	1.893012e-18
8.080808e+00	3.434343e+00	1.865148e-18
8.080808e+00	3.484848e+00	1.829466e-18
8.080808e+00	3.535354e+00	1.786833e-18
8.080808e+00	3.585859e+00	1.737208e-18
8.080808e+00	3.636364e+00	1.681680e-18
8.080808e+00	3.686869e+00	1.620252e-18
8.080808e+00	3.737374e+00	1.553942e-18
8.080808e+00	3.787879e+00	1.483067e-18
8.080808e+00	3.838384e+00	1.408348e-18
8.080808e+00	3.888889e+00	1.330461e-18
8.080808e+00	3.939394e+00	1.249884e-18
8.080808e+00	3.989899e+00	1.167483e-18
8.080808e+00	4.040404e+00	1.083658e-18
8.080808e+00	4.090909e+00	9.992903e-19
8.080808e+00	4.141414e+00	9.148036e-19
8.080808e+00	4.191919e+00	8.309879e-19
8.080808e+00	4.242424e+00	7.483352e-19
8.080808e+00	4.292929e+00	6.675212e-19
8.080808e+00	4.343434e+00	5.890612e-19
8.080808e+00	4.393939e+00	5.135490e-19
8.080808e+00	4.444444e+00	4.414665e-19
8.080808e+00	4.494949e+00	3.733576e-19
8.080808e+00	4.545455e+00	3.096375e-19
8.080808e+00	4.595960e+00	2.507886e-19
8.080808e+00	4.646465e+00	1.971797e-19
8.080808e+00	4.696970e+00	1.492083e-19
8.080808e+00	4.747475e+00	1.072120e-19
8.080808e+00	4.797980e+00	7.152560e-20
8.080808e+00	4.848485e+00	4.247964e-20
8.080808e+00	4.898990e+00	2.043608e-20
8.080808e+00	4.949495e+00	5.900928e-21
8.080808e+00	5.000000e+00	4.090024e-31
9.090909e+00	0.000000e+00	0.000000e+00
9.090909e+00	5.050505e-02	2.423313e-06
9.090909e+00	1.010101e-01	1.387774e-05
9.090909e+00	1.515152e-01	5.247713e-05
9.090909e+00	2.020202e-01	1.731533e-04
9.090909e+00	2.525253e-01	5.292619e-04
9.090909e+00	3.030303e-01	1.521020e-03
9.090909e+00	3.535354e-01	4.121221e-03
9.090909e+00	4.040404e-01	1.051899e-02
9.090909e+00	4.545455e-01	2.523731e-02
9.090909e+00	5.050505e-01	5.675938e-02
9.090909e+00	5.555556e-01	1.192827e-01
9.090909e+00	6.060606e-01	2.334047e-01
9.090909e+00	6.565657e-01	4.235289e-01
9.090909e+00	7.070707e-01	7.094349e-01
9.090909e+00	7.575758e-01	1.091251e+00
9.090909e+00	8.080808e-01	1.532126e+00
9.090909e+00	8.585859e-01	1.949775e+00
9.090909e+00	9.090909e-01	2.231171e+00
9.090909e+00	9.595960e-01	2.276366e+00
9.090909e+00	1.010101e+00	2.056114e+00
9.090909e+00	1.060606e+00	1.646096e+00
9.090909e+00	1.111111e+00	1.201644e+00
9.090909e+00	1.161616e+00	8.737973e-01
9.090909e+00	1.212121e+00	7.192484e-01
9.090909e+00	1.262626e+00	6.746286e-01
9.090909e+00	1.313131e+00	6.200456e-01
9.090909e+00	1.363636e+00	4.801539e-01
9.090909e+00	1.414141e+00	2.771799e-01
9.090909e+00	1.464646e+00	9.683395e-02
9.090909e+00	1.515152e+00	8.732528e-03
9.090909e+00	1.565657e+00	1.604138e-02
9.090909e+00	1.616162e+00	6.841315e-02
9.090909e+00	1.666667e+00	1.103259e-01
9.090909e+00	1.717172e+00	1.165119e-01
9.090909e+00	1.767677e+00	9.350352e-02
9.090909e+00	1.818182e+00	6.060625e-02
9.090909e+00	1.868687e+00	3.270992e-02
9.090909e+00	1.919192e+00	1.495253e-02
9.090909e+00	1.969697e+00	5.848226e-03
9.090909e+00	2.020202e+00	1.969243e-03
9.090909e+00	2.070707e+00	5.730332e-04
9.090909e+00	2.121212e+00	1.444172e-04
9.090909e+00	2.171717e+00	3.155737e-05
9.090909e+00	2.222222e+00	5.981041e-06
9.090909e+00	2.272727e+00	9.830076e-07
9.090909e+00	2.323232e+00	1.400104e-07
9.090909e+00	2.373737e+00	1.726591e-08
9.090909e+00	2.424242e+00	1.841034e-09
9.090909e+00	2.474747e+00	1.695733e-10
9.090909e+00	2.525253e+00	1.344924e-11
9.090909e+00	2.575758e+00	9.226107e-13
9.090909e+00	2.626263e+00	5.326324e-14
9.090909e+00	2.676768e+00	2.891477e-15
9.090909e+00	2.727273e+00	8.358198e-17
9.090909e+00	2.777778e+00	1.485268e-17
9.090909e+00	2.828283e+00	2.298528e-18
9.090909e+00	2.878788e+00	3.850208e-18
9.090909e+00	2.929293e+00	3.725028e-18
9.090909e+00	2.979798e+00	3.875629e-18
9.090909e+00	3.030303e+00	3.962684e-18
9.090909e+00	3.080808e+00	4.036355e-18
9.090909e+00	3.131313e+00	4.088906e-18
9.090909e+00	3.181818e+00	4.122171e-18
9.090909e+00	3.232323e+00	4.135444e-18
9.090909e+00	3.282828e+00	4.129806e-18
9.090909e+00	3.333333e+00	4.105330e-18
9.090909e+00	3.383838e+00	4.062857e-18
9.090909e+00	3.434343e+00	4.003190e-18
9.090909e+00	3.484848e+00	3.926910e-18
9.090909e+00	3.535354e+00	3.835421e-18
9.090909e+00	3.585859e+00	3.729232e-18
9.090909e+00	3.636364e+00	3.609964e-18
9.090909e+00	3.686869e+00	3.478403e-18
9.090909e+00	3.737374e+00	3.336000e-18
9.090909e+00	3.787879e+00	3.184056e-18
9.090909e+00	3.838384e+00	3.023635e-18
9.090909e+00	3.888889e+00	2.856526e-18
9.090909e+00	3.939394e+00	2.683578e-18
9.090909e+00	3.989899e+00	2.506690e-18
9.090909e+00	4.040404e+00	2.326791e-18
9.090909e+00	4.090909e+00	2.145624e-18
9.090909e+00	4.141414e+00	1.964298e-18
9.090909e+00	4.191919e+00	1.784298e-18
9.090909e+00	4.242424e+00	1.606891e-18
9.090909e+00	4.292929e+00	1.433331e-18
9.090909e+00	4.343434e+00	1.264899e-18
9.090909e+00	4.393939e+00	1.102735e-18
9.090909e+00	4.444444e+00	9.479750e-19
9.090909e+00	4.494949e+00	8.017113e-19
9.090909e+00	4.545455e+00	6.648916e-19
9.090909e+00	4.595960e+00	5.385254e-19
9.090909e+00	4.646465e+00	4.234008e-19
9.090909e+00	4.696970e+00	3.203950e-19
9.090909e+00	4.747475e+00	2.302054e-19
9.090909e+00	4.797980e+00	1.535804e-19
9.090909e+00	4.848485e+00	9.120692e-20
9.090909e+00	4.898990e+00	4.387655e-20
9.090909e+00	4.949495e+00	1.266670e-20
9.090909e+00	5.000000e+00	2.377320e-31
1.010101e+01	0.000000e+00	0.000000e+00
1.010101e+01	5.050505e-02	2.751857e-06
1.010101e+01	1.010101e-01	1.576261e-05
1.010101e+01	1.515152e-01	5.963536e-05
1.010101e+01	2.020202e-01	1.969456e-04
1.010101e+01	2.525253e-01	6.027554e-04
1.010101e+01	3.030303e-01	1.735191e-03
1.010101e+01	3.535354e-01	4.711773e-03
1.010101e+01	4.040404e-01	1.205881e-02
1.010101e+01	4.545455e-01	2.902670e-02
1.010101e+01	5.050505e-01	6.553915e-02
1.010101e+01	5.555556e-01	1.383794e-01
1.010101e+01	6.060606e-01	2.722694e-01
1.010101e+01	6.565657e-01	4.972548e-01
1.010101e+01	7.070707e-01	8.392110e-01
1.010101e+01	7.575758e-01	1.302057e+00
1.010101e+01	8.080808e-01	1.845904e+00
1.010101e+01	8.585859e-01	2.373651e+00
1.010101e+01	9.090909e-01	2.743487e+00
1.010101e+01	9.595960e-01	2.817334e+00
1.010101e+01	1.010101e+00	2.531889e+00
1.010101e+01	1.060606e+00	1.951627e+00
1.010101e+01	1.111111e+00	1.257860e+00
1.010101e+01	1.161616e+00	6.632435e-01
1.010101e+01	1.212121e+00	2.998826e-01
1.010101e+01	1.262626e+00	1.605036e-01
1.010101e+01	1.313131e+00	1.365184e-01
1.010101e+01	1.363636e+00	1.172402e-01
1.010101e+01	1.414141e+00	6.519800e-02
1.010101e+01	1.464646e+00	1.297973e-02
1.010101e+01	1.515152e+00	4.034133e-03
1.010101e+01	1.565657e+00	4.340375e-02
1.010101e+01	1.616162e+00	9.798403e-02
1.010101e+01	1.666667e+00	1.304369e-01
1.010101e+01	1.717172e+00	1.267927e-01
1.010101e+01	1.767677e+00	9.754421e-02
1.010101e+01	1.818182e+00	6.174999e-02
1.010101e+01	1.868687e+00	3.286566e-02
1.010101e+01	1.919192e+00	1.489636e-02
1.010101e+01	1.969697e+00	5.795567e-03
1.010101e+01	2.020202e+00	1.945128e-03
1.010101e+01	2.070707e+00	5.648886e-04
1.010101e+01	2.121212e+00	1.422003e-04
1.010101e+01	2.171717e+00	3.105447e-05
1.010101e+01	2.222222e+00	5.884433e-06
1.010101e+01	2.272727e+00	9.671624e-07
1.010101e+01	2.323232e+00	1.377816e-07
1.010101e+01	2.373737e+00	1.699650e-08
1.010101e+01	2.424242e+00	1.813006e-09
1.010101e+01	2.474747e+00	1.670693e-10
1.010101e+01	2.525253e+00	1.325556e-11
1.010101e+01	2.575758e+00	9.101002e-13
1.010101e+01	2.626263e+00	5.248279e-14
1.010101e+01	2.676768e+00	2.870333e-15
1.010101e+01	2.727273e+00	7.958735e-17
1.010101e+01	2.777778e+00	1.576799e-17
1.010101e+01	2.828283e+00	2.606418e-18
1.010101e+01	2.878788e+00	4.298830e-18
1.010101e+01	2.929293e+00	4.169377e-18
1.010101e+01	2.979798e+00	4.336448e-18
1.010101e+01	3.030303e+00	4.434133e-18
1.010101e+01	3.080808e+00	4.516603e-18
1.010101e+01	3.131313e+00	4.575466e-18
1.010101e+01	3.181818e+00	4.612740e-18
1.010101e+01	3.232323e+00	4.627638e-18
1.010101e+01	3.282828e+00	4.621375e-18
1.010101e+01	3.333333e+00	4.594015e-18
1.010101e+01	3.383838e+00	4.546539e-18
1.010101e+01	3.434343e+00	4.479776e-18
1.010101e+01	3.484848e+00	4.394472e-18
1.010101e+01	3.535354e+00	4.292082e-18
1.010101e+01	3.585859e+00	4.173309e-18
1.010101e+01	3.636364e+00	4.039821e-18
1.010101e+01	3.686869e+00	3.892643e-18
1.010101e+01	3.737374e+00	3.733273e-18
1.010101e+01	3.787879e+00	3.563265e-18
1.010101e+01	3.838384e+00	3.383740e-18
1.010101e+01	3.888889e+00	3.196743e-18
1.010101e+01	3.939394e+00	3.003206e-18
1.010101e+01	3.989899e+00	2.805254e-18
1.010101e+01	4.040404e+00	2.603941e-18
1.010101e+01	4.090909e+00	2.401192e-18
1.010101e+01	4.141414e+00	2.198279e-18
1.010101e+01	4.191919e+00	1.996834e-18
1.010101e+01	4.242424e+00	1.798305e-18
1.010101e+01	4.292929e+00	1.604067e-18
1.010101e+01	4.343434e+00	1.415577e-18
1.010101e+01	4.393939e+00	1.234093e-18
1.010101e+01	4.444444e+00	1.060901e-18
1.010101e+01	4.494949e+00	8.972121e-19
1.010101e+01	4.545455e+00	7.440960e-19
1.010101e+01	4.595960e+00	6.026763e-19
1.010101e+01	4.646465e+00	4.738370e-19
1.010101e+01	4.696970e+00	3.585607e-19
1.010101e+01	4.747475e+00	2.576265e-19
1.010101e+01	4.797980e+00	1.718740e-19
1.010101e+01	4.848485e+00	1.020703e-19
1.010101e+01	4.898990e+00	4.910233e-20
1.010101e+01	4.949495e+00	1.417496e-20
1.010101e+01	5.000000e+00	1.592233e-31
1.111111e+01	0.000000e+00	0.000000e+00
1.111111e+01	5.050505e-02	1.344501e-06
1.111111e+01	1.010101e-01	7.692501e-06
1.111111e+01	1.515152e-01	2.902326e-05
1.111111e+01	2.020202e-01	9.540057e-05
1.111111e+01	2.525253e-01	2.899904e-04
1.111111e+01	3.030303e-01	8.272324e-04
1.111111e+01	3.535354e-01	2.220286e-03
1.111111e+01	4.040404e-01	5.600984e-03
1.111111e+01	4.545455e-01	1.324778e-02
1.111111e+01	5.050505e-01	2.928970e-02
1.111111e+01	5.555556e-01	6.031831e-02
1.111111e+01	6.060606e-01	1.152484e-01
1.111111e+01	6.565657e-01	2.034169e-01
1.111111e+01	7.070707e-01	3.301227e-01
1.111111e+01	7.575758e-01	4.902676e-01
1.111111e+01	8.080808e-01	6.635317e-01
1.111111e+01	8.585859e-01	8.169676e-01
1.111111e+01	9.090909e-01	9.194927e-01
1.111111e+01	9.595960e-01	9.646581e-01
1.111111e+01	1.010101e+00	9.862081e-01
1.111111e+01	1.060606e+00	1.046368e+00
1.111111e+01	1.111111e+00	1.191479e+00
1.111111e+01	1.161616e+00	1.400415e+00
1.111111e+01	1.212121e+00	1.572101e+00
1.111111e+01	1.262626e+00	1.579359e+00
1.111111e+01	1.313131e+00	1.360400e+00
1.111111e+01	1.363636e+00	9.753674e-01
1.111111e+01	1.414141e+00	5.747178e-01
1.111111e+01	1.464646e+00	3.006538e-01
1.111111e+01	1.515152e+00	2.016558e-01
1.111111e+01	1.565657e+00	2.240830e-01
1.111111e+01	1.616162e+00	2.730607e-01
1.111111e+01	1.666667e+00	2.817063e-01
1.111111e+01	1.717172e+00	2.380032e-01
1.111111e+01	1.767677e+00	1.669726e-01
1.111111e+01	1.818182e+00	9.881733e-02
1.111111e+01	1.868687e+00	4.990920e-02
1.111111e+01	1.919192e+00	2.168127e-02
1.111111e+01	1.969697e+00	8.142540e-03
1.111111e+01	2.020202e+00	2.652142e-03
1.111111e+01	2.070707e+00	7.505986e-04
1.111111e+01	2.121212e+00	1.847530e-04
1.111111e+01	2.171717e+00	3.955891e-05
1.111111e+01	2.222222e+00	7.366084e-06
1.111111e+01	2.272727e+00	1.191979e-06
1.111111e+01	2.323232e+00	1.674562e-07
1.111111e+01	2.373737e+00	2.039888e-08
1.111111e+01	2.424242e+00	2.151412e-09
1.111111e+01	2.474747e+00	1.961928e-10
1.111111e+01	2.525253e+00	1.542739e-11
1.111111e+01	2.575758e+00	1.048288e-12
1.111111e+01	2.626263e+00	6.042597e-14
1.111111e+01	2.676768e+00	3.174868e-15
1.111111e+01	2.727273e+00	1.055100e-16
1.111111e+01	2.777778e+00	1.202272e-17
1.111111e+01	2.828283e+00	1.243506e-18
1.111111e+01	2.878788e+00	2.307322e-18
1.111111e+01	2.929293e+00	2.196258e-18
1.111111e+01	2.979798e+00	2.290307e-18
1.111111e+01	3.030303e+00	2.340869e-18
1.111111e+01	3.080808e+00	2.384340e-18
1.111111e+01	3.131313e+00	2.415240e-18
1.111111e+01	3.181818e+00	2.434781e-18
1.111111e+01	3.232323e+00	2.442502e-18
1.111111e+01	3.282828e+00	2.439086e-18
1.111111e+01	3.333333e+00	2.424541e-18
1.111111e+01	3.383838e+00	2.399362e-18
1.111111e+01	3.434343e+00	2.364083e-18
1.111111e+01	3.484848e+00	2.318928e-18
1.111111e+01	3.535354e+00	2.264897e-18
1.111111e+01	3.585859e+00	2.202074e-18
1.111111e+01	3.636364e+00	2.131673e-18
1.111111e+01	3.686869e+00	2.053882e-18
1.111111e+01	3.737374e+00	1.969814e-18
1.111111e+01	3.787879e+00	1.880024e-18
1.111111e+01	3.838384e+00	1.785304e-18
1.111111e+01	3.888889e+00	1.686597e-18
1.111111e+01	3.939394e+00	1.584464e-18
1.111111e+01	3.989899e+00	1.480013e-18
1.111111e+01	4.040404e+00	1.373769e-18
1.111111e+01	4.090909e+00	1.266811e-18
1.111111e+01	4.141414e+00	1.159726e-18
1.111111e+01	4.191919e+00	1.053463e-18
1.111111e+01	4.242424e+00	9.486984e-19
1.111111e+01	4.292929e+00	8.462395e-19
1.111111e+01	4.343434e+00	7.467835e-19
1.111111e+01	4.393939e+00	6.510485e-19
1.111111e+01	4.444444e+00	5.596719e-19
1.111111e+01	4.494949e+00	4.733237e-19
1.111111e+01	4.545455e+00	3.925440e-19
1.111111e+01	4.595960e+00	3.179386e-19
1.111111e+01	4.646465e+00	2.499733e-19
1.111111e+01	4.696970e+00	1.891587e-19
1.111111e+01	4.747475e+00	1.359151e-19
1.111111e+01	4.797980e+00	9.067487e-20
1.111111e+01	4.848485e+00	5.385106e-20
1.111111e+01	4.898990e+00	2.590635e-20
1.111111e+01	4.949495e+00	7.479801e-21
1.111111e+01	5.000000e+00	3.880778e-31
1.212121e+01	0.000000e+00	0.000000e+00
1.212121e+01	5.050505e-02	4.956788e-07
1.212121e+01	1.010101e-01	2.829040e-06
1.212121e+01	1.515152e-01	1.061025e-05
1.212121e+01	2.020202e-01	3.452010e-05
1.212121e+01	2.525253e-01	1.033522e-04
1.212121e+01	3.030303e-01	2.887737e-04
1.212121e+01	3.535354e-01	7.542319e-04
1.212121e+01	4.040404e-01	1.837078e-03
1.212121e+01	4.545455e-01	4.154974e-03
1.212121e+01	5.050505e-01	8.676439e-03
1.212121e+01	5.555556e-01	1.660414e-02
1.212121e+01	6.060606e-01	2.883325e-02
1.212121e+01	6.565657e-01	4.480846e-02
1.212121e+01	7.070707e-01	6.103713e-02
1.212121e+01	7.575758e-01	7.041610e-02
1.212121e+01	8.080808e-01	6.443408e-02
1.212121e+01	8.585859e-01	3.992045e-02
1.212121e+01	9.090909e-01	8.867394e-03
1.212121e+01	9.595960e-01	4.422132e-03
1.212121e+01	1.010101e+00	7.288717e-02
1.212121e+01	1.060606e+00	2.472672e-01
1.212121e+01	1.111111e+00	5.142141e-01
1.212121e+01	1.161616e+00	8.018540e-01
1.212121e+01	1.212121e+00	1.011048e+00
1.212121e+01	1.262626e+00	1.079656e+00
1.212121e+01	1.313131e+00	1.032052e+00
1.212121e+01	1.363636e+00	9.656230e-01
1.212121e+01	1.414141e+00	9.757664e-01
1.212121e+01	1.464646e+00	1.079221e+00
1.212121e+01	1.515152e+00	1.201649e+00
1.212121e+01	1.565657e+00	1.238034e+00
1.212121e+01	1.616162e+00	1.130687e+00
1.212121e+01	1.666667e+00	9.018503e-01
1.212121e+01	1.717172e+00	6.263164e-01
1.212121e+01	1.767677e+00	3.790678e-01
1.212121e+01	1.818182e+00	2.002961e-01
1.212121e+01	1.868687e+00	9.254248e-02
1.212121e+01	1.919192e+00	3.742704e-02
1.212121e+01	1.969697e+00	1.325671e-02
1.212121e+01	2.020202e+00	4.112584e-03
1.212121e+01	2.070707e+00	1.117038e-03
1.212121e+01	2.121212e+00	2.654581e-04
1.212121e+01	2.171717e+00	5.514152e-05
1.212121e+01	2.222222e+00	9.999949e-06
1.212121e+01	2.272727e+00	1.581081e-06
1.212121e+01	2.323232e+00	2.176096e-07
1.212121e+01	2.373737e+00	2.602872e-08
1.212121e+01	2.424242e+00	2.700747e-09
1.212121e+01	2.474747e+00	2.426827e-10
1.212121e+01	2.525253e+00	1.883563e-11
1.212121e+01	2.575758e+00	1.263479e-12
1.212121e+01	2.626263e+00	7.230123e-14
1.212121e+01	2.676768e+00	3.698951e-15
1.212121e+01	2.727273e+00	1.325731e-16
1.212121e+01	2.777778e+00	1.048125e-17
1.212121e+01	2.828283e+00	3.085769e-19
1.212121e+01	2.878788e+00	1.043011e-18
1.212121e+01	2.929293e+00	9.299102e-19
1.212121e+01	2.979798e+00	9.792147e-19
1.212121e+01	3.030303e+00	9.993992e-19
1.212121e+01	3.080808e+00	1.017974e-18
1.212121e+01	3.131313e+00	1.031017e-18
1.212121e+01	3.181818e+00	1.039269e-18
1.212121e+01	3.232323e+00	1.042417e-18
1.212121e+01	3.282828e+00	1.040919e-18
1.212121e+01	3.333333e+00	1.034571e-18
1.212121e+01	3.383838e+00	1.023796e-18
1.212121e+01	3.434343e+00	1.008638e-18
1.212121e+01	3.484848e+00	9.893252e-19
1.212121e+01	3.535354e+00	9.662184e-19
1.212121e+01	3.585859e+00	9.393478e-19
1.212121e+01	3.636364e+00	9.093064e-19
1.212121e+01	3.686869e+00	8.760406e-19
1.212121e+01	3.737374e+00	8.401940e-19
1.212121e+01	3.787879e+00	8.018217e-19
1.212121e+01	3.838384e+00	7.614317e-19
1.212121e+01	3.888889e+00	7.192882e-19
1.212121e+01	3.939394e+00	6.757230e-19
1.212121e+01	3.989899e+00	6.311603e-19
1.212121e+01	4.040404e+00	5.858296e-19
1.212121e+01	4.090909e+00	5.402218e-19
1.212121e+01	4.141414e+00	4.945284e-19
1.212121e+01	4.191919e+00	4.492293e-19
1.212121e+01	4.242424e+00	4.045288e-19
1.212121e+01	4.292929e+00	3.608520e-19
1.212121e+01	4.343434e+00	3.184258e-19
1.212121e+01	4.393939e+00	2.776121e-19
1.212121e+01	4.444444e+00	2.386407e-19
1.212121e+01	4.494949e+00	2.018241e-19
1.212121e+01	4.545455e+00	1.673810e-19
1.212121e+01	4.595960e+00	1.355663e-19
1.212121e+01	4.646465e+00	1.065922e-19
1.212121e+01	4.696970e+00	8.065582e-20
1.212121e+01	4.747475e+00	5.795877e-20
1.212121e+01	4.797980e+00	3.866559e-20
1.212121e+01	4.848485e+00	2.296604e-20
1.212121e+01	4.898990e+00	1.104848e-20
1.212121e+01	4.949495e+00	3.190982e-21
1.212121e+01	5.000000e+00	3.006041e-31
1.313131e+01	0.000000e+00	0.000000e+00
1.313131e+01	5.050505e-02	5.470494e-07
1.313131e+01	1.010101e-01	3.125981e-06
1.313131e+01	1.515152e-01	1.175822e-05
1.313131e+01	2.020202e-01	3.844886e-05
1.313131e+01	2.525253e-01	1.159862e-04
1.313131e+01	3.030303e-01	3.274820e-04
1.313131e+01	3.535354e-01	8.673947e-04
1.313131e+01	4.040404e-01	2.152042e-03
1.313131e+01	4.545455e-01	4.986546e-03
1.313131e+01	5.050505e-01	1.075014e-02
1.313131e+01	5.555556e-01	2.146477e-02
1.313131e+01	6.060606e-01	3.948347e-02
1.313131e+01	6.565657e-01	6.648317e-02
1.313131e+01	7.070707e-01	1.016838e-01
1.313131e+01	7.575758e-01	1.399128e-01
1.313131e+01	8.080808e-01	1.710832e-01
1.313131e+01	8.585859e-01	1.829570e-01
1.313131e+01	9.090909e-01	1.675025e-01
1.313131e+01	9.595960e-01	1.276389e-01
1.313131e+01	1.010101e+00	7.836662e-02
1.313131e+01	1.060606e+00	3.867553e-02
1.313131e+01	1.111111e+00	1.943059e-02
1.313131e+01	1.161616e+00	2.046810e-02
1.313131e+01	1.212121e+00	4.538377e-02
1.313131e+01	1.262626e+00	1.227232e-01
1.313131e+01	1.313131e+00	3.056866e-01
1.313131e+01	1.363636e+00	6.339053e-01
1.313131e+01	1.414141e+00	1.079556e+00
1.313131e+01	1.464646e+00	1.528401e+00
1.313131e+01	1.515152e+00	1.826407e+00
1.313131e+01	1.565657e+00	1.865501e+00
1.313131e+01	1.616162e+00	1.644040e+00
1.313131e+01	1.666667e+00	1.258540e+00
1.313131e+01	1.717172e+00	8.407903e-01
1.313131e+01	1.767677e+00	4.917411e-01
1.313131e+01	1.818182e+00	2.522762e-01
1.313131e+01	1.868687e+00	1.136561e-01
1.313131e+01	1.919192e+00	4.498662e-02
1.313131e+01	1.969697e+00	1.564307e-02
1.313131e+01	2.020202e+00	4.776468e-03
1.313131e+01	2.070707e+00	1.279666e-03
1.313131e+01	2.121212e+00	3.004951e-04
1.313131e+01	2.171717e+00	6.177084e-05
1.313131e+01	2.222222e+00	1.109976e-05
1.313131e+01	2.272727e+00	1.740786e-06
1.313131e+01	2.323232e+00	2.378700e-07
1.313131e+01	2.373737e+00	2.826985e-08
1.313131e+01	2.424242e+00	2.916447e-09
1.313131e+01	2.474747e+00	2.607129e-10
1.313131e+01	2.525253e+00	2.014049e-11
1.313131e+01	2.575758e+00	1.345370e-12
1.313131e+01	2.626263e+00	7.667539e-14
1.313131e+01	2.676768e+00	3.912878e-15
1.313131e+01	2.727273e+00	1.389671e-16
1.313131e+01	2.777778e+00	1.112861e-17
1.313131e+01	2.828283e+00	2.801207e-19
1.313131e+01	2.878788e+00	1.077917e-18
1.313131e+01	2.929293e+00	9.543650e-19
1.313131e+01	2.979798e+00	1.006139e-18
1.313131e+01	3.030303e+00	1.026797e-18
1.313131e+01	3.080808e+00	1.045946e-18
1.313131e+01	3.131313e+00	1.059394e-18
1.313131e+01	3.181818e+00	1.067925e-18
1.313131e+01	3.232323e+00	1.071182e-18
1.313131e+01	3.282828e+00	1.069708e-18
1.313131e+01	3.333333e+00	1.063179e-18
1.313131e+01	3.383838e+00	1.052186e-18
1.313131e+01	3.434343e+00	1.036579e-18
1.313131e+01	3.484848e+00	1.016814e-18
1.313131e+01	3.535354e+00	9.930287e-19
1.313131e+01	3.585859e+00	9.654881e-19
1.313131e+01	3.636364e+00	9.345760e-19
1.313131e+01	3.686869e+00	9.004396e-19
1.313131e+01	3.737374e+00	8.635847e-19
1.313131e+01	3.787879e+00	8.241687e-19
1.313131e+01	3.838384e+00	7.826580e-19
1.313131e+01	3.888889e+00	7.393469e-19
1.313131e+01	3.939394e+00	6.945809e-19
1.313131e+01	3.989899e+00	6.487734e-19
1.313131e+01	4.040404e+00	6.021922e-19
1.313131e+01	4.090909e+00	5.553070e-19
1.313131e+01	4.141414e+00	5.083467e-19
1.313131e+01	4.191919e+00	4.617812e-19
1.313131e+01	4.242424e+00	4.158372e-19
1.313131e+01	4.292929e+00	3.709376e-19
1.313131e+01	4.343434e+00	3.273289e-19
1.313131e+01	4.393939e+00	2.853733e-19
1.313131e+01	4.444444e+00	2.453149e-19
1.313131e+01	4.494949e+00	2.074655e-19
1.313131e+01	4.545455e+00	1.720633e-19
1.313131e+01	4.595960e+00	1.393568e-19
1.313131e+01	4.646465e+00	1.095737e-19
1.313131e+01	4.696970e+00	8.290954e-20
1.313131e+01	4.747475e+00	5.957842e-20
1.313131e+01	4.797980e+00	3.974539e-20
1.313131e+01	4.848485e+00	2.360742e-20
1.313131e+01	4.898990e+00	1.135664e-20
1.313131e+01	4.949495e+00	3.279733e-21
1.313131e+01	5.000000e+00	1.386414e-31
1.414141e+01	0.000000e+00	0.000000e+00
1.414141e+01	5.050505e-02	7.049513e-07
1.414141e+01	1.010101e-01	4.026697e-06
1.414141e+01	1.515152e-01	1.513172e-05
1.414141e+01	2.020202e-01	4.939713e-05
1.414141e+01	2.525253e-01	1.486336e-04
1.414141e+01	3.030303e-01	4.181387e-04
1.414141e+01	3.535354e-01	1.101962e-03
1.414141e+01	4.040404e-01	2.715265e-03
1.414141e+01	4.545455e-01	6.232671e-03
1.414141e+01	5.050505e-01	1.326375e-02
1.414141e+01	5.555556e-01	2.601128e-02
1.414141e+01	6.060606e-01	4.664621e-02
1.414141e+01	6.565657e-01	7.572207e-02
1.414141e+01	7.070707e-01	1.097201e-01
1.414141e+01	7.575758e-01	1.390117e-01
1.414141e+01	8.080808e-01	1.490537e-01
1.414141e+01	8.585859e-01	1.279190e-01
1.414141e+01	9.090909e-01	8.006522e-02
1.414141e+01	9.595960e-01	3.911715e-02
1.414141e+01	1.010101e+00	6.591976e-02
1.414141e+01	1.060606e+00	2.212087e-01
1.414141e+01	1.111111e+00	5.202790e-01
1.414141e+01	1.161616e+00	9.004374e-01
1.414141e+01	1.212121e+00	1.236695e+00
1.414141e+01	1.262626e+00	1.410331e+00
1.414141e+01	1.313131e+00	1.386212e+00
1.414141e+01	1.363636e+00	1.235248e+00
1.414141e+01	1.414141e+00	1.078117e+00
1.414141e+01	1.464646e+00	9.952502e-01
1.414141e+01	1.515152e+00	9.781926e-01
1.414141e+01	1.565657e+00	9.567605e-01
1.414141e+01	1.616162e+00	8.674318e-01
1.414141e+01	1.666667e+00	7.005190e-01
1.414141e+01	1.717172e+00	4.958978e-01
1.414141e+01	1.767677e+00	3.062696e-01
1.414141e+01	1.818182e+00	1.649594e-01
1.414141e+01	1.868687e+00	7.755054e-02
1.414141e+01	1.919192e+00	3.185241e-02
1.414141e+01	1.969697e+00	1.143752e-02
1.414141e+01	2.020202e+00	3.591365e-03
1.414141e+01	2.070707e+00	9.859593e-04
1.414141e+01	2.121212e+00	2.365438e-04
1.414141e+01	2.171717e+00	4.955291e-05
1.414141e+01	2.222222e+00	9.054707e-06
1.414141e+01	2.272727e+00	1.441388e-06
1.414141e+01	2.323232e+00	1.996009e-07
1.414141e+01	2.373737e+00	2.400718e-08
1.414141e+01	2.424242e+00	2.503515e-09
1.414141e+01	2.474747e+00	2.259939e-10
1.414141e+01	2.525253e+00	1.761258e-11
1.414141e+01	2.575758e+00	1.186248e-12
1.414141e+01	2.626263e+00	6.804850e-14
1.414141e+01	2.676768e+00	3.509442e-15
1.414141e+01	2.727273e+00	1.231013e-16
1.414141e+01	2.777778e+00	1.086534e-17
1.414141e+01	2.828283e+00	5.462490e-19
1.414141e+01	2.878788e+00	1.380233e-18
1.414141e+01	2.929293e+00	1.265990e-18
1.414141e+01	2.979798e+00	1.327417e-18
1.414141e+01	3.030303e+00	1.355607e-18
1.414141e+01	3.080808e+00	1.380776e-18
1.414141e+01	3.131313e+00	1.398540e-18
1.414141e+01	3.181818e+00	1.409770e-18
1.414141e+01	3.232323e+00	1.414118e-18
1.414141e+01	3.282828e+00	1.412091e-18
1.414141e+01	3.333333e+00	1.403560e-18
1.414141e+01	3.383838e+00	1.388938e-18
1.414141e+01	3.434343e+00	1.368441e-18
1.414141e+01	3.484848e+00	1.342243e-18
1.414141e+01	3.535354e+00	1.310934e-18
1.414141e+01	3.585859e+00	1.274497e-18
1.414141e+01	3.636364e+00	1.233752e-18
1.414141e+01	3.686869e+00	1.188649e-18
1.414141e+01	3.737374e+00	1.140007e-18
1.414141e+01	3.787879e+00	1.087977e-18
1.414141e+01	3.838384e+00	1.033167e-18
1.414141e+01	3.888889e+00	9.760071e-19
1.414141e+01	3.939394e+00	9.168940e-19
1.414141e+01	3.989899e+00	8.564368e-19
1.414141e+01	4.040404e+00	7.949352e-19
1.414141e+01	4.090909e+00	7.330472e-19
1.414141e+01	4.141414e+00	6.710574e-19
1.414141e+01	4.191919e+00	6.095807e-19
1.414141e+01	4.242424e+00	5.489376e-19
1.414141e+01	4.292929e+00	4.896627e-19
1.414141e+01	4.343434e+00	4.321002e-19
1.414141e+01	4.393939e+00	3.767126e-19
1.414141e+01	4.444444e+00	3.238330e-19
1.414141e+01	4.494949e+00	2.738731e-19
1.414141e+01	4.545455e+00	2.271326e-19
1.414141e+01	4.595960e+00	1.839628e-19
1.414141e+01	4.646465e+00	1.446415e-19
1.414141e+01	4.696970e+00	1.094498e-19
1.414141e+01	4.747475e+00	7.864676e-20
1.414141e+01	4.797980e+00	5.246790e-20
1.414141e+01	4.848485e+00	3.116252e-20
1.414141e+01	4.898990e+00	1.499168e-20
1.414141e+01	4.949495e+00	4.329336e-21
1.414141e+01	5.000000e+00	3.457852e-31
1.515152e+01	0.000000e+00	0.000000e+00
1.515152e+01	5.050505e-02	1.787984e-06
1.515152e+01	1.010101e-01	1.023389e-05
1.515152e+01	1.515152e-01	3.864833e-05
1.515152e+01	2.020202e-01	1.272434e-04
1.515152e+01	2.525253e-01	3.876881e-04
1.515152e+01	3.030303e-01	1.109376e-03
1.515152e+01	3.535354e-01	2.989355e-03
1.515152e+01	4.040404e-01	7.577858e-03
1.515152e+01	4.545455e-01	1.802898e-02
1.515152e+01	5.050505e-01	4.013831e-02
1.515152e+01	5.555556e-01	8.333216e-02
1.515152e+01	6.060606e-01	1.607083e-01
1.515152e+01	6.565657e-01	2.866324e-01
1.515152e+01	7.070707e-01	4.704600e-01
1.515152e+01	7.575758e-01	7.066876e-01
1.515152e+01	8.080808e-01	9.656913e-01
1.515152e+01	8.585859e-01	1.193434e+00
1.515152e+01	9.090909e-01	1.328499e+00
1.515152e+01	9.595960e-01	1.335700e+00
1.515152e+01	1.010101e+00	1.238758e+00
1.515152e+01	1.060606e+00	1.122955e+00
1.515152e+01	1.111111e+00	1.089828e+00
1.515152e+01	1.161616e+00	1.183022e+00
1.515152e+01	1.212121e+00	1.340667e+00
1.515152e+01	1.262626e+00	1.424166e+00
1.515152e+01	1.313131e+00	1.314954e+00
1.515152e+01	1.363636e+00	1.006003e+00
1.515152e+01	1.414141e+00	6.106758e-01
1.515152e+01	1.464646e+00	2.813417e-01
1.515152e+01	1.515152e+00	1.084269e-01
1.515152e+01	1.565657e+00	8.004520e-02
1.515152e+01	1.616162e+00	1.195634e-01
1.515152e+01	1.666667e+00	1.528229e-01
1.515152e+01	1.717172e+00	1.483414e-01
1.515152e+01	1.767677e+00	1.140126e-01
1.515152e+01	1.818182e+00	7.189969e-02
1.515152e+01	1.868687e+00	3.804457e-02
1.515152e+01	1.919192e+00	1.712516e-02
1.515152e+01	1.969697e+00	6.614284e-03
1.515152e+01	2.020202e+00	2.203767e-03
1.515152e+01	2.070707e+00	6.354839e-04
1.515152e+01	2.121212e+00	1.588952e-04
1.515152e+01	2.171717e+00	3.448026e-05
1.515152e+01	2.222222e+00	6.494753e-06
1.515152e+01	2.272727e+00	1.061555e-06
1.515152e+01	2.323232e+00	1.504485e-07
1.515152e+01	2.373737e+00	1.846986e-08
1.515152e+01	2.424242e+00	1.961426e-09
1.515152e+01	2.474747e+00	1.799825e-10
1.515152e+01	2.525253e+00	1.422920e-11
1.515152e+01	2.575758e+00	9.723318e-13
1.515152e+01	2.626263e+00	5.615540e-14
1.515152e+01	2.676768e+00	2.997356e-15
1.515152e+01	2.727273e+00	9.382434e-17
1.515152e+01	2.777778e+00	1.316288e-17
1.515152e+01	2.828283e+00	1.687135e-18
1.515152e+01	2.878788e+00	2.964413e-18
1.515152e+01	2.929293e+00	2.846708e-18
1.515152e+01	2.979798e+00	2.964907e-18
1.515152e+01	3.030303e+00	3.030958e-18
1.515152e+01	3.080808e+00	3.087261e-18
1.515152e+01	3.131313e+00	3.127353e-18
1.515152e+01	3.181818e+00	3.152715e-18
1.515152e+01	3.232323e+00	3.162785e-18
1.515152e+01	3.282828e+00	3.158403e-18
1.515152e+01	3.333333e+00	3.139628e-18
1.515152e+01	3.383838e+00	3.107068e-18
1.515152e+01	3.434343e+00	3.061417e-18
1.515152e+01	3.484848e+00	3.002994e-18
1.515152e+01	3.535354e+00	2.933036e-18
1.515152e+01	3.585859e+00	2.851739e-18
1.515152e+01	3.636364e+00	2.760559e-18
1.515152e+01	3.686869e+00	2.659874e-18
1.515152e+01	3.737374e+00	2.550994e-18
1.515152e+01	3.787879e+00	2.434753e-18
1.515152e+01	3.838384e+00	2.312083e-18
1.515152e+01	3.888889e+00	2.184274e-18
1.515152e+01	3.939394e+00	2.052013e-18
1.515152e+01	3.989899e+00	1.916748e-18
1.515152e+01	4.040404e+00	1.779167e-18
1.515152e+01	4.090909e+00	1.640643e-18
1.515152e+01	4.141414e+00	1.501973e-18
1.515152e+01	4.191919e+00	1.364344e-18
1.515152e+01	4.242424e+00	1.228677e-18
1.515152e+01	4.292929e+00	1.095974e-18
1.515152e+01	4.343434e+00	9.671762e-19
1.515152e+01	4.393939e+00	8.431842e-19
1.515152e+01	4.444444e+00	7.248450e-19
1.515152e+01	4.494949e+00	6.130114e-19
1.515152e+01	4.545455e+00	5.083928e-19
1.515152e+01	4.595960e+00	4.117703e-19
1.515152e+01	4.646465e+00	3.237445e-19
1.515152e+01	4.696970e+00	2.449835e-19
1.515152e+01	4.747475e+00	1.760241e-19
1.515152e+01	4.797980e+00	1.174337e-19
1.515152e+01	4.848485e+00	6.974164e-20
1.515152e+01	4.898990e+00	3.355070e-20
1.515152e+01	4.949495e+00	9.686376e-21
1.515152e+01	5.000000e+00	3.535670e-31
1.616162e+01	0.000000e+00	0.000000e+00
1.616162e+01	5.050505e-02	2.880364e-06
1.616162e+01	1.010101e-01	1.649930e-05
1.616162e+01	1.515152e-01	6.242809e-05
1.616162e+01	2.020202e-01	2.061996e-04
1.616162e+01	2.525253e-01	6.312135e-04
1.616162e+01	3.030303e-01	1.817630e-03
1.616162e+01	3.535354e-01	4.937370e-03
1.616162e+01	4.040404e-01	1.264153e-02
1.616162e+01	4.545455e-01	3.044441e-02
1.616162e+01	5.050505e-01	6.877890e-02
1.616162e+01	5.555556e-01	1.453106e-01
1.616162e+01	6.060606e-01	2.860996e-01
1.616162e+01	6.565657e-01	5.228766e-01
1.616162e+01	7.070707e-01	8.830415e-01
1.616162e+01	7.575758e-01	1.370814e+00
1.616162e+01	8.080808e-01	1.943900e+00
1.616162e+01	8.585859e-01	2.498858e+00
1.616162e+01	9.090909e-01	2.883851e+00
1.616162e+01	9.595960e-01	2.949920e+00
1.616162e+01	1.010101e+00	2.627374e+00
1.616162e+01	1.060606e+00	1.984342e+00
1.616162e+01	1.111111e+00	1.217713e+00
1.616162e+01	1.161616e+00	5.628471e-01
1.616162e+01	1.212121e+00	1.712993e-01
1.616162e+01	1.262626e+00	4.177270e-02
1.616162e+01	1.313131e+00	5.510825e-02
1.616162e+01	1.363636e+00	8.011446e-02
1.616162e+01	1.414141e+00	6.071297e-02
1.616162e+01	1.464646e+00	2.169430e-02
1.616162e+01	1.515152e+00	1.029643e-02
1.616162e+01	1.565657e+00	4.096169e-02
1.616162e+01	1.616162e+00	8.855503e-02
1.616162e+01	1.666667e+00	1.188548e-01
1.616162e+01	1.717172e+00	1.169481e-01
1.616162e+01	1.767677e+00	9.094626e-02
1.616162e+01	1.818182e+00	5.808935e-02
1.616162e+01	1.868687e+00	3.114455e-02
1.616162e+01	1.919192e+00	1.420185e-02
1.616162e+01	1.969697e+00	5.553274e-03
1.616162e+01	2.020202e+00	1.871740e-03
1.616162e+01	2.070707e+00	5.455438e-04
1.616162e+01	2.121212e+00	1.377577e-04
1.616162e+01	2.171717e+00	3.016531e-05
1.616162e+01	2.222222e+00	5.729387e-06
1.616162e+01	2.272727e+00	9.436253e-07
1.616162e+01	2.323232e+00	1.346741e-07
1.616162e+01	2.373737e+00	1.664020e-08
1.616162e+01	2.424242e+00	1.777571e-09
1.616162e+01	2.474747e+00	1.640203e-10
1.616162e+01	2.525253e+00	1.302826e-11
1.616162e+01	2.575758e+00	8.956362e-13
1.616162e+01	2.626263e+00	5.165316e-14
1.616162e+01	2.676768e+00	2.838181e-15
1.616162e+01	2.727273e+00	7.692058e-17
1.616162e+01	2.777778e+00	1.612684e-17
1.616162e+01	2.828283e+00	2.729762e-18
1.616162e+01	2.878788e+00	4.484325e-18
1.616162e+01	2.929293e+00	4.352573e-18
1.616162e+01	2.979798e+00	4.526513e-18
1.616162e+01	3.030303e+00	4.628559e-18
1.616162e+01	3.080808e+00	4.714650e-18
1.616162e+01	3.131313e+00	4.776107e-18
1.616162e+01	3.181818e+00	4.815026e-18
1.616162e+01	3.232323e+00	4.830588e-18
1.616162e+01	3.282828e+00	4.824058e-18
1.616162e+01	3.333333e+00	4.795506e-18
1.616162e+01	3.383838e+00	4.745957e-18
1.616162e+01	3.434343e+00	4.676269e-18
1.616162e+01	3.484848e+00	4.587234e-18
1.616162e+01	3.535354e+00	4.480353e-18
1.616162e+01	3.585859e+00	4.356381e-18
1.616162e+01	3.636364e+00	4.217035e-18
1.616162e+01	3.686869e+00	4.063410e-18
1.616162e+01	3.737374e+00	3.897047e-18
1.616162e+01	3.787879e+00	3.719588e-18
1.616162e+01	3.838384e+00	3.532187e-18
1.616162e+01	3.888889e+00	3.336990e-18
1.616162e+01	3.939394e+00	3.134964e-18
1.616162e+01	3.989899e+00	2.928328e-18
1.616162e+01	4.040404e+00	2.718186e-18
1.616162e+01	4.090909e+00	2.506541e-18
1.616162e+01	4.141414e+00	2.294728e-18
1.616162e+01	4.191919e+00	2.084444e-18
1.616162e+01	4.242424e+00	1.877206e-18
1.616162e+01	4.292929e+00	1.674445e-18
1.616162e+01	4.343434e+00	1.477687e-18
1.616162e+01	4.393939e+00	1.288239e-18
1.616162e+01	4.444444e+00	1.107449e-18
1.616162e+01	4.494949e+00	9.365777e-19
1.616162e+01	4.545455e+00	7.767438e-19
1.616162e+01	4.595960e+00	6.291193e-19
1.616162e+01	4.646465e+00	4.946267e-19
1.616162e+01	4.696970e+00	3.742927e-19
1.616162e+01	4.747475e+00	2.689296e-19
1.616162e+01	4.797980e+00	1.794149e-19
1.616162e+01	4.848485e+00	1.065484e-19
1.616162e+01	4.898990e+00	5.125653e-20
1.616162e+01	4.949495e+00	1.479675e-20
1.616162e+01	5.000000e+00	1.379636e-31
1.717172e+01	0.000000e+00	0.000000e+00
1.717172e+01	5.050505e-02	2.025667e-06
1.717172e+01	1.010101e-01	1.159853e-05
1.717172e+01	1.515152e-01	4.384052e-05
1.717172e+01	2.020202e-01	1.445553e-04
1.717172e+01	2.525253e-01	4.414070e-04
1.717172e+01	3.030303e-01	1.266865e-03
1.717172e+01	3.535354e-01	3.426924e-03
1.717172e+01	4.040404e-01	8.729451e-03
1.717172e+01	4.545455e-01	2.089481e-02
1.717172e+01	5.050505e-01	4.686666e-02
1.717172e+01	5.555556e-01	9.819577e-02
1.717172e+01	6.060606e-01	1.915115e-01
1.717172e+01	6.565657e-01	3.463142e-01
1.717172e+01	7.070707e-01	5.781407e-01
1.717172e+01	7.575758e-01	8.867511e-01
1.717172e+01	8.080808e-01	1.243116e+00
1.717172e+01	8.585859e-01	1.584216e+00
1.717172e+01	9.090909e-01	1.826307e+00
1.717172e+01	9.595960e-01	1.899555e+00
1.717172e+01	1.010101e+00	1.789692e+00
1.717172e+01	1.060606e+00	1.556995e+00
1.717172e+01	1.111111e+00	1.308189e+00
1.717172e+01	1.161616e+00	1.129698e+00
1.717172e+01	1.212121e+00	1.029379e+00
1.717172e+01	1.262626e+00	9.382344e-01
1.717172e+01	1.313131e+00	7.770578e-01
1.717172e+01	1.363636e+00	5.322083e-01
1.717172e+01	1.414141e+00	2.722885e-01
1.717172e+01	1.464646e+00	9.205410e-02
1.717172e+01	1.515152e+00	3.779265e-02
1.717172e+01	1.565657e+00	7.998667e-02
1.717172e+01	1.616162e+00	1.475552e-01
1.717172e+01	1.666667e+00	1.827504e-01
1.717172e+01	1.717172e+00	1.698285e-01
1.717172e+01	1.767677e+00	1.262862e-01
1.717172e+01	1.818182e+00	7.777624e-02
1.717172e+01	1.868687e+00	4.045630e-02
1.717172e+01	1.919192e+00	1.798296e-02
1.717172e+01	1.969697e+00	6.880237e-03
1.717172e+01	2.020202e+00	2.275856e-03
1.717172e+01	2.070707e+00	6.525907e-04
1.717172e+01	2.121212e+00	1.624500e-04
1.717172e+01	2.171717e+00	3.512686e-05
1.717172e+01	2.222222e+00	6.597613e-06
1.717172e+01	2.272727e+00	1.075848e-06
1.717172e+01	2.323232e+00	1.521808e-07
1.717172e+01	2.373737e+00	1.865272e-08
1.717172e+01	2.424242e+00	1.978193e-09
1.717172e+01	2.474747e+00	1.813190e-10
1.717172e+01	2.525253e+00	1.432066e-11
1.717172e+01	2.575758e+00	9.779442e-13
1.717172e+01	2.626263e+00	5.640184e-14
1.717172e+01	2.676768e+00	3.018020e-15
1.717172e+01	2.727273e+00	9.283541e-17
1.717172e+01	2.777778e+00	1.378349e-17
1.717172e+01	2.828283e+00	1.909431e-18
1.717172e+01	2.878788e+00	3.269474e-18
1.717172e+01	2.929293e+00	3.150845e-18
1.717172e+01	2.979798e+00	3.280020e-18
1.717172e+01	3.030303e+00	3.353403e-18
1.717172e+01	3.080808e+00	3.415735e-18
1.717172e+01	3.131313e+00	3.460163e-18
1.717172e+01	3.181818e+00	3.488281e-18
1.717172e+01	3.232323e+00	3.499475e-18
1.717172e+01	3.282828e+00	3.494680e-18
1.717172e+01	3.333333e+00	3.473939e-18
1.717172e+01	3.383838e+00	3.437973e-18
1.717172e+01	3.434343e+00	3.387468e-18
1.717172e+01	3.484848e+00	3.322890e-18
1.717172e+01	3.535354e+00	3.245470e-18
1.717172e+01	3.585859e+00	3.155582e-18
1.717172e+01	3.636364e+00	3.054666e-18
1.717172e+01	3.686869e+00	2.943311e-18
1.717172e+01	3.737374e+00	2.822819e-18
1.717172e+01	3.787879e+00	2.694227e-18
1.717172e+01	3.838384e+00	2.558486e-18
1.717172e+01	3.888889e+00	2.417073e-18
1.717172e+01	3.939394e+00	2.270726e-18
1.717172e+01	3.989899e+00	2.121048e-18
1.717172e+01	4.040404e+00	1.968818e-18
1.717172e+01	4.090909e+00	1.815525e-18
1.717172e+01	4.141414e+00	1.662087e-18
1.717172e+01	4.191919e+00	1.509783e-18
1.717172e+01	4.242424e+00	1.359663e-18
1.717172e+01	4.292929e+00	1.212810e-18
1.717172e+01	4.343434e+00	1.070287e-18
1.717172e+01	4.393939e+00	9.330741e-19
1.717172e+01	4.444444e+00	8.021227e-19
1.717172e+01	4.494949e+00	6.783637e-19
1.717172e+01	4.545455e+00	5.625939e-19
1.717172e+01	4.595960e+00	4.556698e-19
1.717172e+01	4.646465e+00	3.582588e-19
1.717172e+01	4.696970e+00	2.711005e-19
1.717172e+01	4.747475e+00	1.947883e-19
1.717172e+01	4.797980e+00	1.299519e-19
1.717172e+01	4.848485e+00	7.717527e-20
1.717172e+01	4.898990e+00	3.712652e-20
1.717172e+01	4.949495e+00	1.071832e-20
1.717172e+01	5.000000e+00	2.875622e-31
1.818182e+01	0.000000e+00	0.000000e+00
1.818182e+01	5.050505e-02	6.663567e-07
1.818182e+01	1.010101e-01	3.805910e-06
1.818182e+01	1.515152e-01	1.429905e-05
1.818182e+01	2.020202e-01	4.666289e-05
1.818182e+01	2.525253e-01	1.403400e-04
1.818182e+01	3.030303e-01	3.945772e-04
1.818182e+01	3.535354e-01	1.039193e-03
1.818182e+01	4.040404e-01	2.558965e-03
1.818182e+01	4.545455e-01	5.871022e-03
1.818182e+01	5.050505e-01	1.249312e-02
1.818182e+01	5.555556e-01	2.452000e-02
1.818182e+01	6.060606e-01	4.408886e-02
1.818182e+01	6.565657e-01	7.203105e-02
1.818182e+01	7.070707e-01	1.058729e-01
1.818182e+01	7.575758e-01	1.384517e-01
1.818182e+01	8.080808e-01	1.597038e-01
1.818182e+01	8.585859e-01	1.641188e-01
1.818182e+01	9.090909e-01	1.629156e-01
1.818182e+01	9.595960e-01	1.931833e-01
1.818182e+01	1.010101e+00	3.109164e-01
1.818182e+01	1.060606e+00	5.598015e-01
1.818182e+01	1.111111e+00	9.268404e-01
1.818182e+01	1.161616e+00	1.318111e+00
1.818182e+01	1.212121e+00	1.588447e+00
1.818182e+01	1.262626e+00	1.622920e+00
1.818182e+01	1.313131e+00	1.417418e+00
1.818182e+01	1.363636e+00	1.090562e+00
1.818182e+01	1.414141e+00	8.075481e-01
1.818182e+01	1.464646e+00	6.720186e-01
1.818182e+01	1.515152e+00	6.711254e-01
1.818182e+01	1.565657e+00	7.101949e-01
1.818182e+01	1.616162e+00	6.958506e-01
1.818182e+01	1.666667e+00	5.957849e-01
1.818182e+01	1.717172e+00	4.394697e-01
1.818182e+01	1.767677e+00	2.793492e-01
1.818182e+01	1.818182e+00	1.535706e-01
1.818182e+01	1.868687e+00	7.327648e-02
1.818182e+01	1.919192e+00	3.043000e-02
1.818182e+01	1.969697e+00	1.101808e-02
1.818182e+01	2.020202e+00	3.481904e-03
1.818182e+01	2.070707e+00	9.607143e-04
1.818182e+01	2.121212e+00	2.314068e-04
1.818182e+01	2.171717e+00	4.863225e-05
1.818182e+01	2.222222e+00	8.909659e-06
1.818182e+01	2.272727e+00	1.421339e-06
1.818182e+01	2.323232e+00	1.971747e-07
1.818182e+01	2.373737e+00	2.375065e-08
1.818182e+01	2.424242e+00	2.479878e-09
1.818182e+01	2.474747e+00	2.240972e-10
1.818182e+01	2.525253e+00	1.748113e-11
1.818182e+01	2.575758e+00	1.178195e-12
1.818182e+01	2.626263e+00	6.766269e-14
1.818182e+01	2.676768e+00	3.484535e-15
1.818182e+01	2.727273e+00	1.236756e-16
1.818182e+01	2.777778e+00	1.052676e-17
1.818182e+01	2.828283e+00	5.361254e-19
1.818182e+01	2.878788e+00	1.313682e-18
1.818182e+01	2.929293e+00	1.206245e-18
1.818182e+01	2.979798e+00	1.264516e-18
1.818182e+01	3.030303e+00	1.291391e-18
1.818182e+01	3.080808e+00	1.315356e-18
1.818182e+01	3.131313e+00	1.332269e-18
1.818182e+01	3.181818e+00	1.342957e-18
1.818182e+01	3.232323e+00	1.347096e-18
1.818182e+01	3.282828e+00	1.345153e-18
1.818182e+01	3.333333e+00	1.337028e-18
1.818182e+01	3.383838e+00	1.323084e-18
1.818182e+01	3.434343e+00	1.303564e-18
1.818182e+01	3.484848e+00	1.278593e-18
1.818182e+01	3.535354e+00	1.248776e-18
1.818182e+01	3.585859e+00	1.214052e-18
1.818182e+01	3.636364e+00	1.175246e-18
1.818182e+01	3.686869e+00	1.132272e-18
1.818182e+01	3.737374e+00	1.085939e-18
1.818182e+01	3.787879e+00	1.036373e-18
1.818182e+01	3.838384e+00	9.841614e-19
1.818182e+01	3.888889e+00	9.297117e-19
1.818182e+01	3.939394e+00	8.733999e-19
1.818182e+01	3.989899e+00	8.158109e-19
1.818182e+01	4.040404e+00	7.572240e-19
1.818182e+01	4.090909e+00	6.982726e-19
1.818182e+01	4.141414e+00	6.392219e-19
1.818182e+01	4.191919e+00	5.806617e-19
1.818182e+01	4.242424e+00	5.228947e-19
1.818182e+01	4.292929e+00	4.664322e-19
1.818182e+01	4.343434e+00	4.116001e-19
1.818182e+01	4.393939e+00	3.588403e-19
1.818182e+01	4.444444e+00	3.084690e-19
1.818182e+01	4.494949e+00	2.608800e-19
1.818182e+01	4.545455e+00	2.163563e-19
1.818182e+01	4.595960e+00	1.752350e-19
1.818182e+01	4.646465e+00	1.377790e-19
1.818182e+01	4.696970e+00	1.042575e-19
1.818182e+01	4.747475e+00	7.491566e-20
1.818182e+01	4.797980e+00	4.997890e-20
1.818182e+01	4.848485e+00	2.968420e-20
1.818182e+01	4.898990e+00	1.428056e-20
1.818182e+01	4.949495e+00	4.124021e-21
1.818182e+01	5.000000e+00	3.947380e-31
1.919192e+01	0.000000e+00	0.000000e+00
1.919192e+01	5.050505e-02	4.922920e-07
1.919192e+01	1.010101e-01	2.811921e-06
1.919192e+01	1.515152e-01	1.056630e-05
1.919192e+01	2.020202e-01	3.449186e-05
1.919192e+01	2.525253e-01	1.037854e-04
1.919192e+01	3.030303e-01	2.920193e-04
1.919192e+01	3.535354e-01	7.699622e-04
1.919192e+01	4.040404e-01	1.899240e-03
1.919192e+01	4.545455e-01	4.368542e-03
1.919192e+01	5.050505e-01	9.331092e-03
1.919192e+01	5.555556e-01	1.841575e-02
1.919192e+01	6.060606e-01	3.338121e-02
1.919192e+01	6.565657e-01	5.517284e-02
1.919192e+01	7.070707e-01	8.241755e-02
1.919192e+01	7.575758e-01	1.100753e-01
1.919192e+01	8.080808e-01	1.297731e-01
1.919192e+01	8.585859e-01	1.333414e-01
1.919192e+01	9.090909e-01	1.191448e-01
1.919192e+01	9.595960e-01	9.718332e-02
1.919192e+01	1.010101e+00	8.672211e-02
1.919192e+01	1.060606e+00	1.039552e-01
1.919192e+01	1.111111e+00	1.474653e-01
1.919192e+01	1.161616e+00	1.974726e-01
1.919192e+01	1.212121e+00	2.380245e-01
1.919192e+01	1.262626e+00	2.878278e-01
1.919192e+01	1.313131e+00	4.061865e-01
1.919192e+01	1.363636e+00	6.530722e-01
1.919192e+01	1.414141e+00	1.025926e+00
1.919192e+01	1.464646e+00	1.429258e+00
1.919192e+01	1.515152e+00	1.714444e+00
1.919192e+01	1.565657e+00	1.766398e+00
1.919192e+01	1.616162e+00	1.570541e+00
1.919192e+01	1.666667e+00	1.211608e+00
1.919192e+01	1.717172e+00	8.146455e-01
1.919192e+01	1.767677e+00	4.789463e-01
1.919192e+01	1.818182e+00	2.467554e-01
1.919192e+01	1.868687e+00	1.115520e-01
1.919192e+01	1.919192e+00	4.427789e-02
1.919192e+01	1.969697e+00	1.543212e-02
1.919192e+01	2.020202e+00	4.721020e-03
1.919192e+01	2.070707e+00	1.266810e-03
1.919192e+01	2.121212e+00	2.978690e-04
1.919192e+01	2.171717e+00	6.129902e-05
1.919192e+01	2.222222e+00	1.102533e-05
1.919192e+01	2.272727e+00	1.730494e-06
1.919192e+01	2.323232e+00	2.366251e-07
1.919192e+01	2.373737e+00	2.813839e-08
1.919192e+01	2.424242e+00	2.904358e-09
1.919192e+01	2.474747e+00	2.597451e-10
1.919192e+01	2.525253e+00	2.007368e-11
1.919192e+01	2.575758e+00	1.341277e-12
1.919192e+01	2.626263e+00	7.648353e-14
1.919192e+01	2.676768e+00	3.899630e-15
1.919192e+01	2.727273e+00	1.393700e-16
1.919192e+01	2.777778e+00	1.088994e-17
1.919192e+01	2.828283e+00	2.393366e-19
1.919192e+01	2.878788e+00	1.000713e-18
1.919192e+01	2.929293e+00	8.800569e-19
1.919192e+01	2.979798e+00	9.287459e-19
1.919192e+01	3.030303e+00	9.476633e-19
1.919192e+01	3.080808e+00	9.653312e-19
1.919192e+01	3.131313e+00	9.777209e-19
1.919192e+01	3.181818e+00	9.855778e-19
1.919192e+01	3.232323e+00	9.885654e-19
1.919192e+01	3.282828e+00	9.871932e-19
1.919192e+01	3.333333e+00	9.811527e-19
1.919192e+01	3.383838e+00	9.709948e-19
1.919192e+01	3.434343e+00	9.565840e-19
1.919192e+01	3.484848e+00	9.383295e-19
1.919192e+01	3.535354e+00	9.163782e-19
1.919192e+01	3.585859e+00	8.909473e-19
1.919192e+01	3.636364e+00	8.624244e-19
1.919192e+01	3.686869e+00	8.309083e-19
1.919192e+01	3.737374e+00	7.969016e-19
1.919192e+01	3.787879e+00	7.605182e-19
1.919192e+01	3.838384e+00	7.222137e-19
1.919192e+01	3.888889e+00	6.822416e-19
1.919192e+01	3.939394e+00	6.409307e-19
1.919192e+01	3.989899e+00	5.986596e-19
1.919192e+01	4.040404e+00	5.556724e-19
1.919192e+01	4.090909e+00	5.124099e-19
1.919192e+01	4.141414e+00	4.690731e-19
1.919192e+01	4.191919e+00	4.261068e-19
1.919192e+01	4.242424e+00	3.837086e-19
1.919192e+01	4.292929e+00	3.422797e-19
1.919192e+01	4.343434e+00	3.020379e-19
1.919192e+01	4.393939e+00	2.633249e-19
1.919192e+01	4.444444e+00	2.263603e-19
1.919192e+01	4.494949e+00	1.914359e-19
1.919192e+01	4.545455e+00	1.587688e-19
1.919192e+01	4.595960e+00	1.285892e-19
1.919192e+01	4.646465e+00	1.011078e-19
1.919192e+01	4.696970e+00	7.650360e-20
1.919192e+01	4.747475e+00	5.497577e-20
1.919192e+01	4.797980e+00	3.667484e-20
1.919192e+01	4.848485e+00	2.178394e-20
1.919192e+01	4.898990e+00	1.047949e-20
1.919192e+01	4.949495e+00	3.026558e-21
1.919192e+01	5.000000e+00	1.691598e-31
2.020202e+01	0.000000e+00	0.000000e+00
2.020202e+01	5.050505e-02	6.139118e-07
2.020202e+01	1.010101e-01	3.507071e-06
2.020202e+01	1.515152e-01	1.318267e-05
2.020202e+01	2.020202e-01	4.305536e-05
2.020202e+01	2.525253e-01	1.296475e-04
2.020202e+01	3.030303e-01	3.651153e-04
2.020202e+01	3.535354e-01	9.636595e-04
2.020202e+01	4.040404e-01	2.379399e-03
2.020202e+01	4.545455e-01	5.477397e-03
2.020202e+01	5.050505e-01	1.170311e-02
2.020202e+01	5.555556e-01	2.308008e-02
2.020202e+01	6.060606e-01	4.172271e-02
2.020202e+01	6.565657e-01	6.852210e-02
2.020202e+01	7.070707e-01	1.010177e-01
2.020202e+01	7.575758e-01	1.314113e-01
2.020202e+01	8.080808e-01	1.469160e-01
2.020202e+01	8.585859e-01	1.349318e-01
2.020202e+01	9.090909e-01	9.318737e-02
2.020202e+01	9.595960e-01	3.971431e-02
2.020202e+01	1.010101e+00	1.287721e-02
2.020202e+01	1.060606e+00	5.430072e-02
2.020202e+01	1.111111e+00	1.806585e-01
2.020202e+01	1.161616e+00	3.657059e-01
2.020202e+01	1.212121e+00	5.539767e-01
2.020202e+01	1.262626e+00	7.030189e-01
2.020202e+01	1.313131e+00	8.194692e-01
2.020202e+01	1.363636e+00	9.507761e-01
2.020202e+01	1.414141e+00	1.132690e+00
2.020202e+01	1.464646e+00	1.339253e+00
2.020202e+01	1.515152e+00	1.485592e+00
2.020202e+01	1.565657e+00	1.485228e+00
2.020202e+01	1.616162e+00	1.312227e+00
2.020202e+01	1.666667e+00	1.017039e+00
2.020202e+01	1.717172e+00	6.902123e-01
2.020202e+01	1.767677e+00	4.102462e-01
2.020202e+01	1.818182e+00	2.137228e-01
2.020202e+01	1.868687e+00	9.765324e-02
2.020202e+01	1.919192e+00	3.914730e-02
2.020202e+01	1.969697e+00	1.376861e-02
2.020202e+01	2.020202e+00	4.247143e-03
2.020202e+01	2.070707e+00	1.148249e-03
2.020202e+01	2.121212e+00	2.718372e-04
2.020202e+01	2.171717e+00	5.628857e-05
2.020202e+01	2.222222e+00	1.018109e-05
2.020202e+01	2.272727e+00	1.606157e-06
2.020202e+01	2.323232e+00	2.206467e-07
2.020202e+01	2.373737e+00	2.634991e-08
2.020202e+01	2.424242e+00	2.730330e-09
2.020202e+01	2.474747e+00	2.450548e-10
2.020202e+01	2.525253e+00	1.899973e-11
2.020202e+01	2.575758e+00	1.273539e-12
2.020202e+01	2.626263e+00	7.277643e-14
2.020202e+01	2.676768e+00	3.731104e-15
2.020202e+01	2.727273e+00	1.316795e-16
2.020202e+01	2.777778e+00	1.102824e-17
2.020202e+01	2.828283e+00	3.930971e-19
2.020202e+01	2.878788e+00	1.211693e-18
2.020202e+01	2.929293e+00	1.091470e-18
2.020202e+01	2.979798e+00	1.147606e-18
2.020202e+01	3.030303e+00	1.171561e-18
2.020202e+01	3.080808e+00	1.193359e-18
2.020202e+01	3.131313e+00	1.208703e-18
2.020202e+01	3.181818e+00	1.218419e-18
2.020202e+01	3.232323e+00	1.222154e-18
2.020202e+01	3.282828e+00	1.220434e-18
2.020202e+01	3.333333e+00	1.213022e-18
2.020202e+01	3.383838e+00	1.200428e-18
2.020202e+01	3.434343e+00	1.182668e-18
2.020202e+01	3.484848e+00	1.160067e-18
2.020202e+01	3.535354e+00	1.132971e-18
2.020202e+01	3.585859e+00	1.101510e-18
2.020202e+01	3.636364e+00	1.066271e-18
2.020202e+01	3.686869e+00	1.027304e-18
2.020202e+01	3.737374e+00	9.852614e-19
2.020202e+01	3.787879e+00	9.402910e-19
2.020202e+01	3.838384e+00	8.929262e-19
2.020202e+01	3.888889e+00	8.435184e-19
2.020202e+01	3.939394e+00	7.924366e-19
2.020202e+01	3.989899e+00	7.401805e-19
2.020202e+01	4.040404e+00	6.870310e-19
2.020202e+01	4.090909e+00	6.335423e-19
2.020202e+01	4.141414e+00	5.799658e-19
2.020202e+01	4.191919e+00	5.268372e-19
2.020202e+01	4.242424e+00	4.744226e-19
2.020202e+01	4.292929e+00	4.231958e-19
2.020202e+01	4.343434e+00	3.734449e-19
2.020202e+01	4.393939e+00	3.255772e-19
2.020202e+01	4.444444e+00	2.798752e-19
2.020202e+01	4.494949e+00	2.366954e-19
2.020202e+01	4.545455e+00	1.963025e-19
2.020202e+01	4.595960e+00	1.589905e-19
2.020202e+01	4.646465e+00	1.250091e-19
2.020202e+01	4.696970e+00	9.459150e-20
2.020202e+01	4.747475e+00	6.797161e-20
2.020202e+01	4.797980e+00	4.534538e-20
2.020202e+01	4.848485e+00	2.693295e-20
2.020202e+01	4.898990e+00	1.295669e-20
2.020202e+01	4.949495e+00	3.741763e-21
2.020202e+01	5.000000e+00	2.293485e-31
2.121212e+01	0.000000e+00	0.000000e+00
2.121212e+01	5.050505e-02	1.202536e-06
2.121212e+01	1.010101e-01	6.877039e-06
2.121212e+01	1.515152e-01	2.591713e-05
2.121212e+01	2.020202e-01	8.502422e-05
2.121212e+01	2.525253e-01	2.577029e-04
2.121212e+01	3.030303e-01	7.322196e-04
2.121212e+01	3.535354e-01	1.955033e-03
2.121212e+01	4.040404e-01	4.898707e-03
2.121212e+01	4.545455e-01	1.148725e-02
2.121212e+01	5.050505e-01	2.511946e-02
2.121212e+01	5.555556e-01	5.100652e-02
2.121212e+01	6.060606e-01	9.569999e-02
2.121212e+01	6.565657e-01	1.649472e-01
2.121212e+01	7.070707e-01	2.593917e-01
2.121212e+01	7.575758e-01	3.692308e-01
2.121212e+01	8.080808e-01	4.716399e-01
2.121212e+01	8.585859e-01	5.367088e-01
2.121212e+01	9.090909e-01	5.452235e-01
2.121212e+01	9.595960e-01	5.124525e-01
2.121212e+01	1.010101e+00	5.000180e-01
2.121212e+01	1.060606e+00	5.950021e-01
2.121212e+01	1.111111e+00	8.535403e-01
2.121212e+01	1.161616e+00	1.240341e+00
2.121212e+01	1.212121e+00	1.616812e+00
2.121212e+01	1.262626e+00	1.807087e+00
2.121212e+01	1.313131e+00	1.708278e+00
2.121212e+01	1.363636e+00	1.362584e+00
2.121212e+01	1.414141e+00	9.297330e-01
2.121212e+01	1.464646e+00	5.798706e-01
2.121212e+01	1.515152e+00	3.932988e-01
2.121212e+01	1.565657e+00	3.397608e-01
2.121212e+01	1.616162e+00	3.346511e-01
2.121212e+01	1.666667e+00	3.106370e-01
2.121212e+01	1.717172e+00	2.499704e-01
2.121212e+01	1.767677e+00	1.713159e-01
2.121212e+01	1.818182e+00	1.001924e-01
2.121212e+01	1.868687e+00	5.028570e-02
2.121212e+01	1.919192e+00	2.176921e-02
2.121212e+01	1.969697e+00	8.159655e-03
2.121212e+01	2.020202e+00	2.654786e-03
2.121212e+01	2.070707e+00	7.508812e-04
2.121212e+01	2.121212e+00	1.847601e-04
2.121212e+01	2.171717e+00	3.955366e-05
2.121212e+01	2.222222e+00	7.364570e-06
2.121212e+01	2.272727e+00	1.191715e-06
2.121212e+01	2.323232e+00	1.674222e-07
2.121212e+01	2.373737e+00	2.039546e-08
2.121212e+01	2.424242e+00	2.151149e-09
2.121212e+01	2.474747e+00	1.961774e-10
2.121212e+01	2.525253e+00	1.542709e-11
2.121212e+01	2.575758e+00	1.048262e-12
2.121212e+01	2.626263e+00	6.043971e-14
2.121212e+01	2.676768e+00	3.172577e-15
2.121212e+01	2.727273e+00	1.059039e-16
2.121212e+01	2.777778e+00	1.176360e-17
2.121212e+01	2.828283e+00	1.098555e-18
2.121212e+01	2.878788e+00	2.133120e-18
2.121212e+01	2.929293e+00	2.019485e-18
2.121212e+01	2.979798e+00	2.107623e-18
2.121212e+01	3.030303e+00	2.153865e-18
2.121212e+01	3.080808e+00	2.193841e-18
2.121212e+01	3.131313e+00	2.222221e-18
2.121212e+01	3.181818e+00	2.240159e-18
2.121212e+01	3.232323e+00	2.247221e-18
2.121212e+01	3.282828e+00	2.244044e-18
2.121212e+01	3.333333e+00	2.230633e-18
2.121212e+01	3.383838e+00	2.207429e-18
2.121212e+01	3.434343e+00	2.174960e-18
2.121212e+01	3.484848e+00	2.133374e-18
2.121212e+01	3.535354e+00	2.083669e-18
2.121212e+01	3.585859e+00	2.025827e-18
2.121212e+01	3.636364e+00	1.961072e-18
2.121212e+01	3.686869e+00	1.889467e-18
2.121212e+01	3.737374e+00	1.812135e-18
2.121212e+01	3.787879e+00	1.729506e-18
2.121212e+01	3.838384e+00	1.642369e-18
2.121212e+01	3.888889e+00	1.551553e-18
2.121212e+01	3.939394e+00	1.457590e-18
2.121212e+01	3.989899e+00	1.361499e-18
2.121212e+01	4.040404e+00	1.263752e-18
2.121212e+01	4.090909e+00	1.165362e-18
2.121212e+01	4.141414e+00	1.066842e-18
2.121212e+01	4.191919e+00	9.690932e-19
2.121212e+01	4.242424e+00	8.727114e-19
2.121212e+01	4.292929e+00	7.784624e-19
2.121212e+01	4.343434e+00	6.869671e-19
2.121212e+01	4.393939e+00	5.989023e-19
2.121212e+01	4.444444e+00	5.148418e-19
2.121212e+01	4.494949e+00	4.354118e-19
2.121212e+01	4.545455e+00	3.611012e-19
2.121212e+01	4.595960e+00	2.924718e-19
2.121212e+01	4.646465e+00	2.299512e-19
2.121212e+01	4.696970e+00	1.740077e-19
2.121212e+01	4.747475e+00	1.250299e-19
2.121212e+01	4.797980e+00	8.341292e-20
2.121212e+01	4.848485e+00	4.953888e-20
2.121212e+01	4.898990e+00	2.383205e-20
2.121212e+01	4.949495e+00	6.881225e-21
2.121212e+01	5.000000e+00	4.095877e-31
2.222222e+01	0.000000e+00	0.000000e+00
2.222222e+01	5.050505e-02	2.573908e-06
2.222222e+01	1.010101e-01	1.474102e-05
2.222222e+01	1.515152e-01	5.574939e-05
2.222222e+01	2.020202e-01	1.839943e-04
2.222222e+01	2.525253e-01	5.625917e-04
2.222222e+01	3.030303e-01	1.617538e-03
2.222222e+01	3.535354e-01	4.385230e-03
2.222222e+01	4.040404e-01	1.120055e-02
2.222222e+01	4.545455e-01	2.689440e-02
2.222222e+01	5.050505e-01	6.054313e-02
2.222222e+01	5.555556e-01	1.273701e-01
2.222222e+01	6.060606e-01	2.495236e-01
2.222222e+01	6.565657e-01	4.533506e-01
2.222222e+01	7.070707e-01	7.603686e-01
2.222222e+01	7.575758e-01	1.170998e+00
2.222222e+01	8.080808e-01	1.645520e+00
2.222222e+01	8.585859e-01	2.094239e+00
2.222222e+01	9.090909e-01	2.392524e+00
2.222222e+01	9.595960e-01	2.428003e+00
2.222222e+01	1.010101e+00	2.164407e+00
2.222222e+01	1.060606e+00	1.682131e+00
2.222222e+01	1.111111e+00	1.154879e+00
2.222222e+01	1.161616e+00	7.598625e-01
2.222222e+01	1.212121e+00	5.755706e-01
2.222222e+01	1.262626e+00	5.444363e-01
2.222222e+01	1.313131e+00	5.333507e-01
2.222222e+01	1.363636e+00	4.429582e-01
2.222222e+01	1.414141e+00	2.745774e-01
2.222222e+01	1.464646e+00	1.060977e-01
2.222222e+01	1.515152e+00	1.265469e-02
2.222222e+01	1.565657e+00	8.834319e-03
2.222222e+01	1.616162e+00	5.336083e-02
2.222222e+01	1.666667e+00	9.375572e-02
2.222222e+01	1.717172e+00	1.030749e-01
2.222222e+01	1.767677e+00	8.473226e-02
2.222222e+01	1.818182e+00	5.582143e-02
2.222222e+01	1.868687e+00	3.048660e-02
2.222222e+01	1.919192e+00	1.406311e-02
2.222222e+01	1.969697e+00	5.539995e-03
2.222222e+01	2.020202e+00	1.876372e-03
2.222222e+01	2.070707e+00	5.486570e-04
2.222222e+01	2.121212e+00	1.388387e-04
2.222222e+01	2.171717e+00	3.044416e-05
2.222222e+01	2.222222e+00	5.787412e-06
2.222222e+01	2.272727e+00	9.536765e-07
2.222222e+01	2.323232e+00	1.361452e-07
2.222222e+01	2.373737e+00	1.682345e-08
2.222222e+01	2.424242e+00	1.797095e-09
2.222222e+01	2.474747e+00	1.657971e-10
2.222222e+01	2.525253e+00	1.316810e-11
2.222222e+01	2.575758e+00	9.047297e-13
2.222222e+01	2.626263e+00	5.224061e-14
2.222222e+01	2.676768e+00	2.851427e-15
2.222222e+01	2.727273e+00	8.036548e-17
2.222222e+01	2.777778e+00	1.527021e-17
2.222222e+01	2.828283e+00	2.443663e-18
2.222222e+01	2.878788e+00	4.068244e-18
2.222222e+01	2.929293e+00	3.940400e-18
2.222222e+01	2.979798e+00	4.099070e-18
2.222222e+01	3.030303e+00	4.191252e-18
2.222222e+01	3.080808e+00	4.269180e-18
2.222222e+01	3.131313e+00	4.324780e-18
2.222222e+01	3.181818e+00	4.359978e-18
2.222222e+01	3.232323e+00	4.374031e-18
2.222222e+01	3.282828e+00	4.368079e-18
2.222222e+01	3.333333e+00	4.342201e-18
2.222222e+01	3.383838e+00	4.297290e-18
2.222222e+01	3.434343e+00	4.234186e-18
2.222222e+01	3.484848e+00	4.153518e-18
2.222222e+01	3.535354e+00	4.056750e-18
2.222222e+01	3.585859e+00	3.944448e-18
2.222222e+01	3.636364e+00	3.818294e-18
2.222222e+01	3.686869e+00	3.679153e-18
2.222222e+01	3.737374e+00	3.528529e-18
2.222222e+01	3.787879e+00	3.367825e-18
2.222222e+01	3.838384e+00	3.198146e-18
2.222222e+01	3.888889e+00	3.021397e-18
2.222222e+01	3.939394e+00	2.838469e-18
2.222222e+01	3.989899e+00	2.651373e-18
2.222222e+01	4.040404e+00	2.461094e-18
2.222222e+01	4.090909e+00	2.269470e-18
2.222222e+01	4.141414e+00	2.077680e-18
2.222222e+01	4.191919e+00	1.887289e-18
2.222222e+01	4.242424e+00	1.699645e-18
2.222222e+01	4.292929e+00	1.516066e-18
2.222222e+01	4.343434e+00	1.337914e-18
2.222222e+01	4.393939e+00	1.166387e-18
2.222222e+01	4.444444e+00	1.002695e-18
2.222222e+01	4.494949e+00	8.479884e-19
2.222222e+01	4.545455e+00	7.032714e-19
2.222222e+01	4.595960e+00	5.696110e-19
2.222222e+01	4.646465e+00	4.478406e-19
2.222222e+01	4.696970e+00	3.388892e-19
2.222222e+01	4.747475e+00	2.434931e-19
2.222222e+01	4.797980e+00	1.624452e-19
2.222222e+01	4.848485e+00	9.647124e-20
2.222222e+01	4.898990e+00	4.640898e-20
2.222222e+01	4.949495e+00	1.339767e-20
2.222222e+01	5.000000e+00	2.141410e-31
2.323232e+01	0.000000e+00	0.000000e+00
2.323232e+01	5.050505e-02	2.619591e-06
2.323232e+01	1.010101e-01	1.500448e-05
2.323232e+01	1.515152e-01	5.676256e-05
2.323232e+01	2.020202e-01	1.874329e-04
2.323232e+01	2.525253e-01	5.735305e-04
2.323232e+01	3.030303e-01	1.650642e-03
2.323232e+01	3.535354e-01	4.480789e-03
2.323232e+01	4.040404e-01	1.146340e-02
2.323232e+01	4.545455e-01	2.758173e-02
2.323232e+01	5.050505e-01	6.224689e-02
2.323232e+01	5.555556e-01	1.313605e-01
2.323232e+01	6.060606e-01	2.583218e-01
2.323232e+01	6.565657e-01	4.715398e-01
2.323232e+01	7.070707e-01	7.954676e-01
2.323232e+01	7.575758e-01	1.233885e+00
2.323232e+01	8.080808e-01	1.749480e+00
2.323232e+01	8.585859e-01	2.251534e+00
2.323232e+01	9.090909e-01	2.607962e+00
2.323232e+01	9.595960e-01	2.690714e+00
2.323232e+01	1.010101e+00	2.441526e+00
2.323232e+01	1.060606e+00	1.919860e+00
2.323232e+01	1.111111e+00	1.291006e+00
2.323232e+01	1.161616e+00	7.462484e-01
2.323232e+01	1.212121e+00	4.014934e-01
2.323232e+01	1.262626e+00	2.475136e-01
2.323232e+01	1.313131e+00	1.890575e-01
2.323232e+01	1.363636e+00	1.357208e-01
2.323232e+01	1.414141e+00	6.526718e-02
2.323232e+01	1.464646e+00	1.322469e-02
2.323232e+01	1.515152e+00	1.534500e-02
2.323232e+01	1.565657e+00	6.594242e-02
2.323232e+01	1.616162e+00	1.251655e-01
2.323232e+01	1.666667e+00	1.550379e-01
2.323232e+01	1.717172e+00	1.447971e-01
2.323232e+01	1.767677e+00	1.085753e-01
2.323232e+01	1.818182e+00	6.751406e-02
2.323232e+01	1.868687e+00	3.546192e-02
2.323232e+01	1.919192e+00	1.591082e-02
2.323232e+01	1.969697e+00	6.140731e-03
2.323232e+01	2.020202e+00	2.047605e-03
2.323232e+01	2.070707e+00	5.914637e-04
2.323232e+01	2.121212e+00	1.482212e-04
2.323232e+01	2.171717e+00	3.224582e-05
2.323232e+01	2.222222e+00	6.090155e-06
2.323232e+01	2.272727e+00	9.981310e-07
2.323232e+01	2.323232e+00	1.418403e-07
2.323232e+01	2.373737e+00	1.745890e-08
2.323232e+01	2.424242e+00	1.858731e-09
2.323232e+01	2.474747e+00	1.709844e-10
2.323232e+01	2.525253e+00	1.354598e-11
2.323232e+01	2.575758e+00	9.285402e-13
2.323232e+01	2.626263e+00	5.352843e-14
2.323232e+01	2.676768e+00	2.912531e-15
2.323232e+01	2.727273e+00	8.266288e-17
2.323232e+01	2.777778e+00	1.541358e-17
2.323232e+01	2.828283e+00	2.476862e-18
2.323232e+01	2.878788e+00	4.105754e-18
2.323232e+01	2.929293e+00	3.978445e-18
2.323232e+01	2.979798e+00	4.138397e-18
2.323232e+01	3.030303e+00	4.231535e-18
2.323232e+01	3.080808e+00	4.310234e-18
2.323232e+01	3.131313e+00	4.366397e-18
2.323232e+01	3.181818e+00	4.401959e-18
2.323232e+01	3.232323e+00	4.416166e-18
2.323232e+01	3.282828e+00	4.410183e-18
2.323232e+01	3.333333e+00	4.384065e-18
2.323232e+01	3.383838e+00	4.338752e-18
2.323232e+01	3.434343e+00	4.275036e-18
2.323232e+01	3.484848e+00	4.193623e-18
2.323232e+01	3.535354e+00	4.095911e-18
2.323232e+01	3.585859e+00	3.982558e-18
2.323232e+01	3.636364e+00	3.855173e-18
2.323232e+01	3.686869e+00	3.714714e-18
2.323232e+01	3.737374e+00	3.562630e-18
2.323232e+01	3.787879e+00	3.400387e-18
2.323232e+01	3.838384e+00	3.229068e-18
2.323232e+01	3.888889e+00	3.050616e-18
2.323232e+01	3.939394e+00	2.865925e-18
2.323232e+01	3.989899e+00	2.677020e-18
2.323232e+01	4.040404e+00	2.484908e-18
2.323232e+01	4.090909e+00	2.291427e-18
2.323232e+01	4.141414e+00	2.097788e-18
2.323232e+01	4.191919e+00	1.905553e-18
2.323232e+01	4.242424e+00	1.716097e-18
2.323232e+01	4.292929e+00	1.530739e-18
2.323232e+01	4.343434e+00	1.350865e-18
2.323232e+01	4.393939e+00	1.177677e-18
2.323232e+01	4.444444e+00	1.012403e-18
2.323232e+01	4.494949e+00	8.561965e-19
2.323232e+01	4.545455e+00	7.100799e-19
2.323232e+01	4.595960e+00	5.751251e-19
2.323232e+01	4.646465e+00	4.521759e-19
2.323232e+01	4.696970e+00	3.421692e-19
2.323232e+01	4.747475e+00	2.458495e-19
2.323232e+01	4.797980e+00	1.640171e-19
2.323232e+01	4.848485e+00	9.740453e-20
2.323232e+01	4.898990e+00	4.685780e-20
2.323232e+01	4.949495e+00	1.352708e-20
2.323232e+01	5.000000e+00	1.756028e-31
2.424242e+01	0.000000e+00	0.000000e+00
2.424242e+01	5.050505e-02	1.121299e-06
2.424242e+01	1.010101e-01	6.413574e-06
2.424242e+01	1.515152e-01	2.418079e-05
2.424242e+01	2.020202e-01	7.938717e-05
2.424242e+01	2.525253e-01	2.408907e-04
2.424242e+01	3.030303e-01	6.855576e-04
2.424242e+01	3.535354e-01	1.834532e-03
2.424242e+01	4.040404e-01	4.610762e-03
2.424242e+01	4.545455e-01	1.085685e-02
2.424242e+01	5.050505e-01	2.387560e-02
2.424242e+01	5.555556e-01	4.886096e-02
2.424242e+01	6.060606e-01	9.268258e-02
2.424242e+01	6.565657e-01	1.622547e-01
2.424242e+01	7.070707e-01	2.610008e-01
2.424242e+01	7.575758e-01	3.842245e-01
2.424242e+01	8.080808e-01	5.164231e-01
2.424242e+01	8.585859e-01	6.351501e-01
2.424242e+01	9.090909e-01	7.239893e-01
2.424242e+01	9.595960e-01	7.897313e-01
2.424242e+01	1.010101e+00	8.694992e-01
2.424242e+01	1.060606e+00	1.012480e+00
2.424242e+01	1.111111e+00	1.237060e+00
2.424242e+01	1.161616e+00	1.491433e+00
2.424242e+01	1.212121e+00	1.658691e+00
2.424242e+01	1.262626e+00	1.621855e+00
2.424242e+01	1.313131e+00	1.350503e+00
2.424242e+01	1.363636e+00	9.380394e-01
2.424242e+01	1.414141e+00	5.497726e-01
2.424242e+01	1.464646e+00	3.176067e-01
2.424242e+01	1.515152e+00	2.648988e-01
2.424242e+01	1.565657e+00	3.157216e-01
2.424242e+01	1.616162e+00	3.673393e-01
2.424242e+01	1.666667e+00	3.590640e-01
2.424242e+01	1.717172e+00	2.909436e-01
2.424242e+01	1.767677e+00	1.978597e-01
2.424242e+01	1.818182e+00	1.143661e-01
2.424242e+01	1.868687e+00	5.671027e-02
2.424242e+01	1.919192e+00	2.427657e-02
2.424242e+01	1.969697e+00	9.008538e-03
2.424242e+01	2.020202e+00	2.905098e-03
2.424242e+01	2.070707e+00	8.152972e-04
2.424242e+01	2.121212e+00	1.992387e-04
2.424242e+01	2.171717e+00	4.239595e-05
2.424242e+01	2.222222e+00	7.851616e-06
2.424242e+01	2.272727e+00	1.264495e-06
2.424242e+01	2.323232e+00	1.768940e-07
2.424242e+01	2.373737e+00	2.146744e-08
2.424242e+01	2.424242e+00	2.256488e-09
2.424242e+01	2.474747e+00	2.051459e-10
2.424242e+01	2.525253e+00	1.608823e-11
2.424242e+01	2.575758e+00	1.090152e-12
2.424242e+01	2.626263e+00	6.277185e-14
2.424242e+01	2.676768e+00	3.273506e-15
2.424242e+01	2.727273e+00	1.117370e-16
2.424242e+01	2.777778e+00	1.146282e-17
2.424242e+01	2.828283e+00	1.017701e-18
2.424242e+01	2.878788e+00	1.974268e-18
2.424242e+01	2.929293e+00	1.866359e-18
2.424242e+01	2.979798e+00	1.948193e-18
2.424242e+01	3.030303e+00	1.990899e-18
2.424242e+01	3.080808e+00	2.027864e-18
2.424242e+01	3.131313e+00	2.054105e-18
2.424242e+01	3.181818e+00	2.070696e-18
2.424242e+01	3.232323e+00	2.077227e-18
2.424242e+01	3.282828e+00	2.074303e-18
2.424242e+01	3.333333e+00	2.061903e-18
2.424242e+01	3.383838e+00	2.040472e-18
2.424242e+01	3.434343e+00	2.010451e-18
2.424242e+01	3.484848e+00	1.972027e-18
2.424242e+01	3.535354e+00	1.926073e-18
2.424242e+01	3.585859e+00	1.872621e-18
2.424242e+01	3.636364e+00	1.812756e-18
2.424242e+01	3.686869e+00	1.746577e-18
2.424242e+01	3.737374e+00	1.675091e-18
2.424242e+01	3.787879e+00	1.598715e-18
2.424242e+01	3.838384e+00	1.518169e-18
2.424242e+01	3.888889e+00	1.434221e-18
2.424242e+01	3.939394e+00	1.347367e-18
2.424242e+01	3.989899e+00	1.258542e-18
2.424242e+01	4.040404e+00	1.168189e-18
2.424242e+01	4.090909e+00	1.077238e-18
2.424242e+01	4.141414e+00	9.861707e-19
2.424242e+01	4.191919e+00	8.958131e-19
2.424242e+01	4.242424e+00	8.067202e-19
2.424242e+01	4.292929e+00	7.195978e-19
2.424242e+01	4.343434e+00	6.350215e-19
2.424242e+01	4.393939e+00	5.536158e-19
2.424242e+01	4.444444e+00	4.759120e-19
2.424242e+01	4.494949e+00	4.024875e-19
2.424242e+01	4.545455e+00	3.337968e-19
2.424242e+01	4.595960e+00	2.703563e-19
2.424242e+01	4.646465e+00	2.125636e-19
2.424242e+01	4.696970e+00	1.608496e-19
2.424242e+01	4.747475e+00	1.155756e-19
2.424242e+01	4.797980e+00	7.710534e-20
2.424242e+01	4.848485e+00	4.579285e-20
2.424242e+01	4.898990e+00	2.202984e-20
2.424242e+01	4.949495e+00	6.360817e-21
2.424242e+01	5.000000e+00	3.999931e-31
2.525253e+01	0.000000e+00	0.000000e+00
2.525253e+01	5.050505e-02	4.327362e-07
2.525253e+01	1.010101e-01	2.469108e-06
2.525253e+01	1.515152e-01	9.254030e-06
2.525253e+01	2.020202e-01	3.007251e-05
2.525253e+01	2.525253e-01	8.988138e-05
2.525253e+01	3.030303e-01	2.505473e-04
2.525253e+01	3.535354e-01	6.523920e-04
2.525253e+01	4.040404e-01	1.582840e-03
2.525253e+01	4.545455e-01	3.562384e-03
2.525253e+01	5.050505e-01	7.393105e-03
2.525253e+01	5.555556e-01	1.403819e-02
2.525253e+01	6.060606e-01	2.413615e-02
2.525253e+01	6.565657e-01	3.702892e-02
2.525253e+01	7.070707e-01	4.958750e-02
2.525253e+01	7.575758e-01	5.590061e-02
2.525253e+01	8.080808e-01	4.958603e-02
2.525253e+01	8.585859e-01	2.991794e-02
2.525253e+01	9.090909e-01	9.961775e-03
2.525253e+01	9.595960e-01	2.020848e-02
2.525253e+01	1.010101e+00	9.909800e-02
2.525253e+01	1.060606e+00	2.681881e-01
2.525253e+01	1.111111e+00	5.049186e-01
2.525253e+01	1.161616e+00	7.383473e-01
2.525253e+01	1.212121e+00	8.849710e-01
2.525253e+01	1.262626e+00	9.088649e-01
2.525253e+01	1.313131e+00	8.583141e-01
2.525253e+01	1.363636e+00	8.379683e-01
2.525253e+01	1.414141e+00	9.281751e-01
2.525253e+01	1.464646e+00	1.116090e+00
2.525253e+01	1.515152e+00	1.299286e+00
2.525253e+01	1.565657e+00	1.359445e+00
2.525253e+01	1.616162e+00	1.243060e+00
2.525253e+01	1.666667e+00	9.869599e-01
2.525253e+01	1.717172e+00	6.809870e-01
2.525253e+01	1.767677e+00	4.093619e-01
2.525253e+01	1.818182e+00	2.149073e-01
2.525253e+01	1.868687e+00	9.870674e-02
2.525253e+01	1.919192e+00	3.970781e-02
2.525253e+01	1.969697e+00	1.399773e-02
2.525253e+01	2.020202e+00	4.324058e-03
2.525253e+01	2.070707e+00	1.170033e-03
2.525253e+01	2.121212e+00	2.771109e-04
2.525253e+01	2.171717e+00	5.738733e-05
2.525253e+01	2.222222e+00	1.037881e-05
2.525253e+01	2.272727e+00	1.636938e-06
2.525253e+01	2.323232e+00	2.247948e-07
2.525253e+01	2.373737e+00	2.683369e-08
2.525253e+01	2.424242e+00	2.779139e-09
2.525253e+01	2.474747e+00	2.493050e-10
2.525253e+01	2.525253e+00	1.932013e-11
2.525253e+01	2.575758e+00	1.294049e-12
2.525253e+01	2.626263e+00	7.397742e-14
2.525253e+01	2.676768e+00	3.774691e-15
2.525253e+01	2.727273e+00	1.361293e-16
2.525253e+01	2.777778e+00	1.039200e-17
2.525253e+01	2.828283e+00	2.321703e-19
2.525253e+01	2.878788e+00	9.366626e-19
2.525253e+01	2.929293e+00	8.235833e-19
2.525253e+01	2.979798e+00	8.691057e-19
2.525253e+01	3.030303e+00	8.867576e-19
2.525253e+01	3.080808e+00	9.032520e-19
2.525253e+01	3.131313e+00	9.148065e-19
2.525253e+01	3.181818e+00	9.221203e-19
2.525253e+01	3.232323e+00	9.248918e-19
2.525253e+01	3.282828e+00	9.235661e-19
2.525253e+01	3.333333e+00	9.179083e-19
2.525253e+01	3.383838e+00	9.083548e-19
2.525253e+01	3.434343e+00	8.948839e-19
2.525253e+01	3.484848e+00	8.777537e-19
2.525253e+01	3.535354e+00	8.572373e-19
2.525253e+01	3.585859e+00	8.333973e-19
2.525253e+01	3.636364e+00	8.067370e-19
2.525253e+01	3.686869e+00	7.772177e-19
2.525253e+01	3.737374e+00	7.454151e-19
2.525253e+01	3.787879e+00	7.113625e-19
2.525253e+01	3.838384e+00	6.755313e-19
2.525253e+01	3.888889e+00	6.381354e-19
2.525253e+01	3.939394e+00	5.994862e-19
2.525253e+01	3.989899e+00	5.599479e-19
2.525253e+01	4.040404e+00	5.197302e-19
2.525253e+01	4.090909e+00	4.792684e-19
2.525253e+01	4.141414e+00	4.387271e-19
2.525253e+01	4.191919e+00	3.985417e-19
2.525253e+01	4.242424e+00	3.588813e-19
2.525253e+01	4.292929e+00	3.201348e-19
2.525253e+01	4.343434e+00	2.824935e-19
2.525253e+01	4.393939e+00	2.462865e-19
2.525253e+01	4.444444e+00	2.117117e-19
2.525253e+01	4.494949e+00	1.790494e-19
2.525253e+01	4.545455e+00	1.484938e-19
2.525253e+01	4.595960e+00	1.202683e-19
2.525253e+01	4.646465e+00	9.456490e-20
2.525253e+01	4.696970e+00	7.155398e-20
2.525253e+01	4.747475e+00	5.141925e-20
2.525253e+01	4.797980e+00	3.430260e-20
2.525253e+01	4.848485e+00	2.037508e-20
2.525253e+01	4.898990e+00	9.801980e-21
2.525253e+01	4.949495e+00	2.831109e-21
2.525253e+01	5.000000e+00	2.762468e-31
2.626263e+01	0.000000e+00	0.000000e+00
2.626263e+01	5.050505e-02	5.870964e-07
2.626263e+01	1.010101e-01	3.355236e-06
2.626263e+01	1.515152e-01	1.262435e-05
2.626263e+01	2.020202e-01	4.130224e-05
2.626263e+01	2.525253e-01	1.246870e-04
2.626263e+01	3.030303e-01	3.524018e-04
2.626263e+01	3.535354e-01	9.345990e-04
2.626263e+01	4.040404e-01	2.322484e-03
2.626263e+01	4.545455e-01	5.391965e-03
2.626263e+01	5.050505e-01	1.165139e-02
2.626263e+01	5.555556e-01	2.332921e-02
2.626263e+01	6.060606e-01	4.305416e-02
2.626263e+01	6.565657e-01	7.277355e-02
2.626263e+01	7.070707e-01	1.117942e-01
2.626263e+01	7.575758e-01	1.545768e-01
2.626263e+01	8.080808e-01	1.899787e-01
2.626263e+01	8.585859e-01	2.040752e-01
2.626263e+01	9.090909e-01	1.871474e-01
2.626263e+01	9.595960e-01	1.416343e-01
2.626263e+01	1.010101e+00	8.447546e-02
2.626263e+01	1.060606e+00	3.914586e-02
2.626263e+01	1.111111e+00	2.168797e-02
2.626263e+01	1.161616e+00	3.436366e-02
2.626263e+01	1.212121e+00	7.751282e-02
2.626263e+01	1.262626e+00	1.709908e-01
2.626263e+01	1.313131e+00	3.581793e-01
2.626263e+01	1.363636e+00	6.737775e-01
2.626263e+01	1.414141e+00	1.093379e+00
2.626263e+01	1.464646e+00	1.512704e+00
2.626263e+01	1.515152e+00	1.788419e+00
2.626263e+01	1.565657e+00	1.818315e+00
2.626263e+01	1.616162e+00	1.599994e+00
2.626263e+01	1.666667e+00	1.224844e+00
2.626263e+01	1.717172e+00	8.189335e-01
2.626263e+01	1.767677e+00	4.795204e-01
2.626263e+01	1.818182e+00	2.463337e-01
2.626263e+01	1.868687e+00	1.111306e-01
2.626263e+01	1.919192e+00	4.404602e-02
2.626263e+01	1.969697e+00	1.533566e-02
2.626263e+01	2.020202e+00	4.688269e-03
2.626263e+01	2.070707e+00	1.257457e-03
2.626263e+01	2.121212e+00	2.955902e-04
2.626263e+01	2.171717e+00	6.082178e-05
2.626263e+01	2.222222e+00	1.093908e-05
2.626263e+01	2.272727e+00	1.717018e-06
2.626263e+01	2.323232e+00	2.348033e-07
2.626263e+01	2.373737e+00	2.792533e-08
2.626263e+01	2.424242e+00	2.882810e-09
2.626263e+01	2.474747e+00	2.578648e-10
2.626263e+01	2.525253e+00	1.993162e-11
2.626263e+01	2.575758e+00	1.332177e-12
2.626263e+01	2.626263e+00	7.594762e-14
2.626263e+01	2.676768e+00	3.880641e-15
2.626263e+01	2.727273e+00	1.373142e-16
2.626263e+01	2.777778e+00	1.120646e-17
2.626263e+01	2.828283e+00	3.246710e-19
2.626263e+01	2.878788e+00	1.141249e-18
2.626263e+01	2.929293e+00	1.017449e-18
2.626263e+01	2.979798e+00	1.071503e-18
2.626263e+01	3.030303e+00	1.093665e-18
2.626263e+01	3.080808e+00	1.114053e-18
2.626263e+01	3.131313e+00	1.128388e-18
2.626263e+01	3.181818e+00	1.137479e-18
2.626263e+01	3.232323e+00	1.140962e-18
2.626263e+01	3.282828e+00	1.139390e-18
2.626263e+01	3.333333e+00	1.132451e-18
2.626263e+01	3.383838e+00	1.120737e-18
2.626263e+01	3.434343e+00	1.104127e-18
2.626263e+01	3.484848e+00	1.083071e-18
2.626263e+01	3.535354e+00	1.057746e-18
2.626263e+01	3.585859e+00	1.028410e-18
2.626263e+01	3.636364e+00	9.954882e-19
2.626263e+01	3.686869e+00	9.591304e-19
2.626263e+01	3.737374e+00	9.198731e-19
2.626263e+01	3.787879e+00	8.778934e-19
2.626263e+01	3.838384e+00	8.336755e-19
2.626263e+01	3.888889e+00	7.875454e-19
2.626263e+01	3.939394e+00	7.398605e-19
2.626263e+01	3.989899e+00	6.910688e-19
2.626263e+01	4.040404e+00	6.414518e-19
2.626263e+01	4.090909e+00	5.915099e-19
2.626263e+01	4.141414e+00	5.414901e-19
2.626263e+01	4.191919e+00	4.918873e-19
2.626263e+01	4.242424e+00	4.429501e-19
2.626263e+01	4.292929e+00	3.951220e-19
2.626263e+01	4.343434e+00	3.486715e-19
2.626263e+01	4.393939e+00	3.039796e-19
2.626263e+01	4.444444e+00	2.613099e-19
2.626263e+01	4.494949e+00	2.209928e-19
2.626263e+01	4.545455e+00	1.832818e-19
2.626263e+01	4.595960e+00	1.484434e-19
2.626263e+01	4.646465e+00	1.167175e-19
2.626263e+01	4.696970e+00	8.831564e-20
2.626263e+01	4.747475e+00	6.346261e-20
2.626263e+01	4.797980e+00	4.233677e-20
2.626263e+01	4.848485e+00	2.514630e-20
2.626263e+01	4.898990e+00	1.209697e-20
2.626263e+01	4.949495e+00	3.493451e-21
2.626263e+01	5.000000e+00	1.451340e-31
2.727273e+01	0.000000e+00	0.000000e+00
2.727273e+01	5.050505e-02	8.428066e-07
2.727273e+01	1.010101e-01	4.815911e-06
2.727273e+01	1.515152e-01	1.811371e-05
2.727273e+01	2.020202e-01	5.922297e-05
2.727273e+01	2.525253e-01	1.786042e-04
2.727273e+01	3.030303e-01	5.040095e-04
2.727273e+01	3.535354e-01	1.333652e-03
2.727273e+01	4.040404e-01	3.303228e-03
2.727273e+01	4.545455e-01	7.632251e-03
2.727273e+01	5.050505e-01	1.637780e-02
2.727273e+01	5.555556e-01	3.246009e-02
2.727273e+01	6.060606e-01	5.901188e-02
2.727273e+01	6.565657e-01	9.753749e-02
2.727273e+01	7.070707e-01	1.448404e-01
2.727273e+01	7.575758e-01	1.900393e-01
2.727273e+01	8.080808e-01	2.149146e-01
2.727273e+01	8.585859e-01	2.015830e-01
2.727273e+01	9.090909e-01	1.483886e-01
2.727273e+01	9.595960e-01	8.685859e-02
2.727273e+01	1.010101e+00	8.407884e-02
2.727273e+01	1.060606e+00	2.160940e-01
2.727273e+01	1.111111e+00	5.165288e-01
2.727273e+01	1.161616e+00	9.323173e-01
2.727273e+01	1.212121e+00	1.329008e+00
2.727273e+01	1.262626e+00	1.559431e+00
2.727273e+01	1.313131e+00	1.554982e+00
2.727273e+01	1.363636e+00	1.368396e+00
2.727273e+01	1.414141e+00	1.129803e+00
2.727273e+01	1.464646e+00	9.515487e-01
2.727273e+01	1.515152e+00	8.606458e-01
2.727273e+01	1.565657e+00	8.071696e-01
2.727273e+01	1.616162e+00	7.261310e-01
2.727273e+01	1.666667e+00	5.916218e-01
2.727273e+01	1.717172e+00	4.248975e-01
2.727273e+01	1.767677e+00	2.664185e-01
2.727273e+01	1.818182e+00	1.455233e-01
2.727273e+01	1.868687e+00	6.927049e-02
2.727273e+01	1.919192e+00	2.876242e-02
2.727273e+01	1.969697e+00	1.042595e-02
2.727273e+01	2.020202e+00	3.300723e-03
2.727273e+01	2.070707e+00	9.126838e-04
2.727273e+01	2.121212e+00	2.203440e-04
2.727273e+01	2.171717e+00	4.641546e-05
2.727273e+01	2.222222e+00	8.523084e-06
2.727273e+01	2.272727e+00	1.362692e-06
2.727273e+01	2.323232e+00	1.894405e-07
2.727273e+01	2.373737e+00	2.286508e-08
2.727273e+01	2.424242e+00	2.391948e-09
2.727273e+01	2.474747e+00	2.165430e-10
2.727273e+01	2.525253e+00	1.691916e-11
2.727273e+01	2.575758e+00	1.142438e-12
2.727273e+01	2.626263e+00	6.562914e-14
2.727273e+01	2.676768e+00	3.402644e-15
2.727273e+01	2.727273e+00	1.175411e-16
2.727273e+01	2.777778e+00	1.114391e-17
2.727273e+01	2.828283e+00	6.980482e-19
2.727273e+01	2.878788e+00	1.597665e-18
2.727273e+01	2.929293e+00	1.482351e-18
2.727273e+01	2.979798e+00	1.551634e-18
2.727273e+01	3.030303e+00	1.584978e-18
2.727273e+01	3.080808e+00	1.614398e-18
2.727273e+01	3.131313e+00	1.635205e-18
2.727273e+01	3.181818e+00	1.648357e-18
2.727273e+01	3.232323e+00	1.653479e-18
2.727273e+01	3.282828e+00	1.651117e-18
2.727273e+01	3.333333e+00	1.641180e-18
2.727273e+01	3.383838e+00	1.624087e-18
2.727273e+01	3.434343e+00	1.600149e-18
2.727273e+01	3.484848e+00	1.569524e-18
2.727273e+01	3.535354e+00	1.532931e-18
2.727273e+01	3.585859e+00	1.490338e-18
2.727273e+01	3.636364e+00	1.442697e-18
2.727273e+01	3.686869e+00	1.389975e-18
2.727273e+01	3.737374e+00	1.333092e-18
2.727273e+01	3.787879e+00	1.272268e-18
2.727273e+01	3.838384e+00	1.208172e-18
2.727273e+01	3.888889e+00	1.141342e-18
2.727273e+01	3.939394e+00	1.072216e-18
2.727273e+01	3.989899e+00	1.001522e-18
2.727273e+01	4.040404e+00	9.296073e-19
2.727273e+01	4.090909e+00	8.572340e-19
2.727273e+01	4.141414e+00	7.847494e-19
2.727273e+01	4.191919e+00	7.128536e-19
2.727273e+01	4.242424e+00	6.419432e-19
2.727273e+01	4.292929e+00	5.726222e-19
2.727273e+01	4.343434e+00	5.053118e-19
2.727273e+01	4.393939e+00	4.405377e-19
2.727273e+01	4.444444e+00	3.787009e-19
2.727273e+01	4.494949e+00	3.202758e-19
2.727273e+01	4.545455e+00	2.656155e-19
2.727273e+01	4.595960e+00	2.151324e-19
2.727273e+01	4.646465e+00	1.691471e-19
2.727273e+01	4.696970e+00	1.279944e-19
2.727273e+01	4.747475e+00	9.197070e-20
2.727273e+01	4.797980e+00	6.135712e-20
2.727273e+01	4.848485e+00	3.644136e-20
2.727273e+01	4.898990e+00	1.753121e-20
2.727273e+01	4.949495e+00	5.062450e-21
2.727273e+01	5.000000e+00	3.651498e-31
2.828283e+01	0.000000e+00	0.000000e+00
2.828283e+01	5.050505e-02	1.992017e-06
2.828283e+01	1.010101e-01	1.140324e-05
2.828283e+01	1.515152e-01	4.307833e-05
2.828283e+01	2.020202e-01	1.419063e-04
2.828283e+01	2.525253e-01	4.327074e-04
2.828283e+01	3.030303e-01	1.239510e-03
2.828283e+01	3.535354e-01	3.344500e-03
2.828283e+01	4.040404e-01	8.492106e-03
2.828283e+01	4.545455e-01	2.024416e-02
2.828283e+01	5.050505e-01	4.517555e-02
2.828283e+01	5.555556e-01	9.404592e-02
2.828283e+01	6.060606e-01	1.819375e-01
2.828283e+01	6.565657e-01	3.256382e-01
2.828283e+01	7.070707e-01	5.365345e-01
2.828283e+01	7.575758e-01	8.091320e-01
2.828283e+01	8.080808e-01	1.109656e+00
2.828283e+01	8.585859e-01	1.374242e+00
2.828283e+01	9.090909e-01	1.526905e+00
2.828283e+01	9.595960e-01	1.517997e+00
2.828283e+01	1.010101e+00	1.364956e+00
2.828283e+01	1.060606e+00	1.162248e+00
2.828283e+01	1.111111e+00	1.036675e+00
2.828283e+01	1.161616e+00	1.063665e+00
2.828283e+01	1.212121e+00	1.203360e+00
2.828283e+01	1.262626e+00	1.316402e+00
2.828283e+01	1.313131e+00	1.260878e+00
2.828283e+01	1.363636e+00	9.982241e-01
2.828283e+01	1.414141e+00	6.208018e-01
2.828283e+01	1.464646e+00	2.803776e-01
2.828283e+01	1.515152e+00	8.262175e-02
2.828283e+01	1.565657e+00	3.361269e-02
2.828283e+01	1.616162e+00	6.649598e-02
2.828283e+01	1.666667e+00	1.063692e-01
2.828283e+01	1.717172e+00	1.151083e-01
2.828283e+01	1.767677e+00	9.398395e-02
2.828283e+01	1.818182e+00	6.156400e-02
2.828283e+01	1.868687e+00	3.343444e-02
2.828283e+01	1.919192e+00	1.533789e-02
2.828283e+01	1.969697e+00	6.010079e-03
2.828283e+01	2.020202e+00	2.025341e-03
2.828283e+01	2.070707e+00	5.894228e-04
2.828283e+01	2.121212e+00	1.485000e-04
2.828283e+01	2.171717e+00	3.243024e-05
2.828283e+01	2.222222e+00	6.141787e-06
2.828283e+01	2.272727e+00	1.008557e-06
2.828283e+01	2.323232e+00	1.435183e-07
2.828283e+01	2.373737e+00	1.768192e-08
2.828283e+01	2.424242e+00	1.883652e-09
2.828283e+01	2.474747e+00	1.733337e-10
2.828283e+01	2.525253e+00	1.373679e-11
2.828283e+01	2.575758e+00	9.410892e-13
2.828283e+01	2.626263e+00	5.439066e-14
2.828283e+01	2.676768e+00	2.925159e-15
2.828283e+01	2.727273e+00	8.879819e-17
2.828283e+01	2.777778e+00	1.370196e-17
2.828283e+01	2.828283e+00	1.888626e-18
2.828283e+01	2.878788e+00	3.264370e-18
2.828283e+01	2.929293e+00	3.143409e-18
2.828283e+01	2.979798e+00	3.272660e-18
2.828283e+01	3.030303e+00	3.345775e-18
2.828283e+01	3.080808e+00	3.407935e-18
2.828283e+01	3.131313e+00	3.452223e-18
2.828283e+01	3.181818e+00	3.480242e-18
2.828283e+01	3.232323e+00	3.491385e-18
2.828283e+01	3.282828e+00	3.486565e-18
2.828283e+01	3.333333e+00	3.465860e-18
2.828283e+01	3.383838e+00	3.429935e-18
2.828283e+01	3.434343e+00	3.379552e-18
2.828283e+01	3.484848e+00	3.315080e-18
2.828283e+01	3.535354e+00	3.237853e-18
2.828283e+01	3.585859e+00	3.148132e-18
2.828283e+01	3.636364e+00	3.047471e-18
2.828283e+01	3.686869e+00	2.936343e-18
2.828283e+01	3.737374e+00	2.816142e-18
2.828283e+01	3.787879e+00	2.687835e-18
2.828283e+01	3.838384e+00	2.552414e-18
2.828283e+01	3.888889e+00	2.411329e-18
2.828283e+01	3.939394e+00	2.265322e-18
2.828283e+01	3.989899e+00	2.115998e-18
2.828283e+01	4.040404e+00	1.964122e-18
2.828283e+01	4.090909e+00	1.811196e-18
2.828283e+01	4.141414e+00	1.658117e-18
2.828283e+01	4.191919e+00	1.506178e-18
2.828283e+01	4.242424e+00	1.356412e-18
2.828283e+01	4.292929e+00	1.209911e-18
2.828283e+01	4.343434e+00	1.067726e-18
2.828283e+01	4.393939e+00	9.308427e-19
2.828283e+01	4.444444e+00	8.002024e-19
2.828283e+01	4.494949e+00	6.767414e-19
2.828283e+01	4.545455e+00	5.612468e-19
2.828283e+01	4.595960e+00	4.545793e-19
2.828283e+01	4.646465e+00	3.574014e-19
2.828283e+01	4.696970e+00	2.704525e-19
2.828283e+01	4.747475e+00	1.943232e-19
2.828283e+01	4.797980e+00	1.296418e-19
2.828283e+01	4.848485e+00	7.699140e-20
2.828283e+01	4.898990e+00	3.703827e-20
2.828283e+01	4.949495e+00	1.069307e-20
2.828283e+01	5.000000e+00	3.320917e-31
2.929293e+01	0.000000e+00	0.000000e+00
2.929293e+01	5.050505e-02	2.872038e-06
2.929293e+01	1.010101e-01	1.645170e-05
2.929293e+01	1.515152e-01	6.224881e-05
2.929293e+01	2.020202e-01	2.056121e-04
2.929293e+01	2.525253e-01	6.294360e-04
2.929293e+01	3.030303e-01	1.812593e-03
2.929293e+01	3.535354e-01	4.923977e-03
2.929293e+01	4.040404e-01	1.260817e-02
2.929293e+01	4.545455e-01	3.036688e-02
2.929293e+01	5.050505e-01	6.861158e-02
2.929293e+01	5.555556e-01	1.449774e-01
2.929293e+01	6.060606e-01	2.854927e-01
2.929293e+01	6.565657e-01	5.218772e-01
2.929293e+01	7.070707e-01	8.815797e-01
2.929293e+01	7.575758e-01	1.368971e+00
2.929293e+01	8.080808e-01	1.942013e+00
2.929293e+01	8.585859e-01	2.497531e+00
2.929293e+01	9.090909e-01	2.883732e+00
2.929293e+01	9.595960e-01	2.951185e+00
2.929293e+01	1.010101e+00	2.629063e+00
2.929293e+01	1.060606e+00	1.984005e+00
2.929293e+01	1.111111e+00	1.211905e+00
2.929293e+01	1.161616e+00	5.486833e-01
2.929293e+01	1.212121e+00	1.484926e-01
2.929293e+01	1.262626e+00	1.388249e-02
2.929293e+01	1.313131e+00	2.884607e-02
2.929293e+01	1.363636e+00	6.267404e-02
2.929293e+01	1.414141e+00	5.652557e-02
2.929293e+01	1.464646e+00	3.055675e-02
2.929293e+01	1.515152e+00	2.793024e-02
2.929293e+01	1.565657e+00	6.142522e-02
2.929293e+01	1.616162e+00	1.068703e-01
2.929293e+01	1.666667e+00	1.324430e-01
2.929293e+01	1.717172e+00	1.255525e-01
2.929293e+01	1.767677e+00	9.566368e-02
2.929293e+01	1.818182e+00	6.034586e-02
2.929293e+01	1.868687e+00	3.209021e-02
2.929293e+01	1.919192e+00	1.454983e-02
2.929293e+01	1.969697e+00	5.665815e-03
2.929293e+01	2.020202e+00	1.903731e-03
2.929293e+01	2.070707e+00	5.535339e-04
2.929293e+01	2.121212e+00	1.395095e-04
2.929293e+01	2.171717e+00	3.050205e-05
2.929293e+01	2.222222e+00	5.786065e-06
2.929293e+01	2.272727e+00	9.519648e-07
2.929293e+01	2.323232e+00	1.357449e-07
2.929293e+01	2.373737e+00	1.675997e-08
2.929293e+01	2.424242e+00	1.789218e-09
2.929293e+01	2.474747e+00	1.650029e-10
2.929293e+01	2.525253e+00	1.310006e-11
2.929293e+01	2.575758e+00	9.001630e-13
2.929293e+01	2.626263e+00	5.190063e-14
2.929293e+01	2.676768e+00	2.849464e-15
2.929293e+01	2.727273e+00	7.742717e-17
2.929293e+01	2.777778e+00	1.611876e-17
2.929293e+01	2.828283e+00	2.719132e-18
2.929293e+01	2.878788e+00	4.470139e-18
2.929293e+01	2.929293e+00	4.338308e-18
2.929293e+01	2.979798e+00	4.511753e-18
2.929293e+01	3.030303e+00	4.613459e-18
2.929293e+01	3.080808e+00	4.699271e-18
2.929293e+01	3.131313e+00	4.760529e-18
2.929293e+01	3.181818e+00	4.799322e-18
2.929293e+01	3.232323e+00	4.814833e-18
2.929293e+01	3.282828e+00	4.808327e-18
2.929293e+01	3.333333e+00	4.779868e-18
2.929293e+01	3.383838e+00	4.730482e-18
2.929293e+01	3.434343e+00	4.661021e-18
2.929293e+01	3.484848e+00	4.572279e-18
2.929293e+01	3.535354e+00	4.465745e-18
2.929293e+01	3.585859e+00	4.342179e-18
2.929293e+01	3.636364e+00	4.203286e-18
2.929293e+01	3.686869e+00	4.050163e-18
2.929293e+01	3.737374e+00	3.884343e-18
2.929293e+01	3.787879e+00	3.707463e-18
2.929293e+01	3.838384e+00	3.520673e-18
2.929293e+01	3.888889e+00	3.326112e-18
2.929293e+01	3.939394e+00	3.124745e-18
2.929293e+01	3.989899e+00	2.918782e-18
2.929293e+01	4.040404e+00	2.709326e-18
2.929293e+01	4.090909e+00	2.498371e-18
2.929293e+01	4.141414e+00	2.287248e-18
2.929293e+01	4.191919e+00	2.077650e-18
2.929293e+01	4.242424e+00	1.871087e-18
2.929293e+01	4.292929e+00	1.668987e-18
2.929293e+01	4.343434e+00	1.472870e-18
2.929293e+01	4.393939e+00	1.284040e-18
2.929293e+01	4.444444e+00	1.103840e-18
2.929293e+01	4.494949e+00	9.335250e-19
2.929293e+01	4.545455e+00	7.742122e-19
2.929293e+01	4.595960e+00	6.270687e-19
2.929293e+01	4.646465e+00	4.930146e-19
2.929293e+01	4.696970e+00	3.730726e-19
2.929293e+01	4.747475e+00	2.680530e-19
2.929293e+01	4.797980e+00	1.788301e-19
2.929293e+01	4.848485e+00	1.062011e-19
2.929293e+01	4.898990e+00	5.108944e-20
2.929293e+01	4.949495e+00	1.474851e-20
2.929293e+01	5.000000e+00	1.337721e-31
3.030303e+01	0.000000e+00	0.000000e+00
3.030303e+01	5.050505e-02	1.792926e-06
3.030303e+01	1.010101e-01	1.026463e-05
3.030303e+01	1.515152e-01	3.878693e-05
3.030303e+01	2.020202e-01	1.278273e-04
3.030303e+01	2.525253e-01	3.900422e-04
3.030303e+01	3.030303e-01	1.118369e-03
3.030303e+01	3.535354e-01	3.021598e-03
3.030303e+01	4.040404e-01	7.685794e-03
3.030303e+01	4.545455e-01	1.836539e-02
3.030303e+01	5.050505e-01	4.111292e-02
3.030303e+01	5.555556e-01	8.595296e-02
3.030303e+01	6.060606e-01	1.672398e-01
3.030303e+01	6.565657e-01	3.016889e-01
3.030303e+01	7.070707e-01	5.024831e-01
3.030303e+01	7.575758e-01	7.693186e-01
3.030303e+01	8.080808e-01	1.077840e+00
3.030303e+01	8.585859e-01	1.376199e+00
3.030303e+01	9.090909e-01	1.597293e+00
3.030303e+01	9.595960e-01	1.687926e+00
3.030303e+01	1.010101e+00	1.641270e+00
3.030303e+01	1.060606e+00	1.507483e+00
3.030303e+01	1.111111e+00	1.364771e+00
3.030303e+01	1.161616e+00	1.263371e+00
3.030303e+01	1.212121e+00	1.185750e+00
3.030303e+01	1.262626e+00	1.063193e+00
3.030303e+01	1.313131e+00	8.424715e-01
3.030303e+01	1.363636e+00	5.454851e-01
3.030303e+01	1.414141e+00	2.647722e-01
3.030303e+01	1.464646e+00	9.613130e-02
3.030303e+01	1.515152e+00	6.896576e-02
3.030303e+01	1.565657e+00	1.336718e-01
3.030303e+01	1.616162e+00	2.081873e-01
3.030303e+01	1.666667e+00	2.355767e-01
3.030303e+01	1.717172e+00	2.075365e-01
3.030303e+01	1.767677e+00	1.489851e-01
3.030303e+01	1.818182e+00	8.948224e-02
3.030303e+01	1.868687e+00	4.567569e-02
3.030303e+01	1.919192e+00	2.000600e-02
3.030303e+01	1.969697e+00	7.564059e-03
3.030303e+01	2.020202e+00	2.477780e-03
3.030303e+01	2.070707e+00	7.047163e-04
3.030303e+01	2.121212e+00	1.742139e-04
3.030303e+01	2.171717e+00	3.744680e-05
3.030303e+01	2.222222e+00	6.997061e-06
3.030303e+01	2.272727e+00	1.135827e-06
3.030303e+01	2.323232e+00	1.600240e-07
3.030303e+01	2.373737e+00	1.954449e-08
3.030303e+01	2.424242e+00	2.066220e-09
3.030303e+01	2.474747e+00	1.888445e-10
3.030303e+01	2.525253e+00	1.487801e-11
3.030303e+01	2.575758e+00	1.013307e-12
3.030303e+01	2.626263e+00	5.839960e-14
3.030303e+01	2.676768e+00	3.099705e-15
3.030303e+01	2.727273e+00	9.853126e-17
3.030303e+01	2.777778e+00	1.316969e-17
3.030303e+01	2.828283e+00	1.679564e-18
3.030303e+01	2.878788e+00	2.927714e-18
3.030303e+01	2.929293e+00	2.812748e-18
3.030303e+01	2.979798e+00	2.929337e-18
3.030303e+01	3.030303e+00	2.994669e-18
3.030303e+01	3.080808e+00	3.050327e-18
3.030303e+01	3.131313e+00	3.089973e-18
3.030303e+01	3.181818e+00	3.115063e-18
3.030303e+01	3.232323e+00	3.125034e-18
3.030303e+01	3.282828e+00	3.120738e-18
3.030303e+01	3.333333e+00	3.102196e-18
3.030303e+01	3.383838e+00	3.070063e-18
3.030303e+01	3.434343e+00	3.024951e-18
3.030303e+01	3.484848e+00	2.967266e-18
3.030303e+01	3.535354e+00	2.898128e-18
3.030303e+01	3.585859e+00	2.817840e-18
3.030303e+01	3.636364e+00	2.727728e-18
3.030303e+01	3.686869e+00	2.628272e-18
3.030303e+01	3.737374e+00	2.520680e-18
3.030303e+01	3.787879e+00	2.405837e-18
3.030303e+01	3.838384e+00	2.284626e-18
3.030303e+01	3.888889e+00	2.158342e-18
3.030303e+01	3.939394e+00	2.027658e-18
3.030303e+01	3.989899e+00	1.893999e-18
3.030303e+01	4.040404e+00	1.758060e-18
3.030303e+01	4.090909e+00	1.621177e-18
3.030303e+01	4.141414e+00	1.484159e-18
3.030303e+01	4.191919e+00	1.348161e-18
3.030303e+01	4.242424e+00	1.214108e-18
3.030303e+01	4.292929e+00	1.082977e-18
3.030303e+01	4.343434e+00	9.557090e-19
3.030303e+01	4.393939e+00	8.331863e-19
3.030303e+01	4.444444e+00	7.162520e-19
3.030303e+01	4.494949e+00	6.057426e-19
3.030303e+01	4.545455e+00	5.023661e-19
3.030303e+01	4.595960e+00	4.068884e-19
3.030303e+01	4.646465e+00	3.199063e-19
3.030303e+01	4.696970e+00	2.420783e-19
3.030303e+01	4.747475e+00	1.739363e-19
3.030303e+01	4.797980e+00	1.160406e-19
3.030303e+01	4.848485e+00	6.891409e-20
3.030303e+01	4.898990e+00	3.315240e-20
3.030303e+01	4.949495e+00	9.571186e-21
3.030303e+01	5.000000e+00	3.121862e-31
3.131313e+01	0.000000e+00	0.000000e+00
3.131313e+01	5.050505e-02	5.275158e-07
3.131313e+01	1.010101e-01	3.010903e-06
3.131313e+01	1.515152e-01	1.129379e-05
3.131313e+01	2.020202e-01	3.675260e-05
3.131313e+01	2.525253e-01	1.100771e-04
3.131313e+01	3.030303e-01	3.077334e-04
3.131313e+01	3.535354e-01	8.044023e-04
3.131313e+01	4.040404e-01	1.961606e-03
3.131313e+01	4.545455e-01	4.444505e-03
3.131313e+01	5.050505e-01	9.306417e-03
3.131313e+01	5.555556e-01	1.788775e-02
3.131313e+01	6.060606e-01	3.129160e-02
3.131313e+01	6.565657e-01	4.927409e-02
3.131313e+01	7.070707e-01	6.885870e-02
3.131313e+01	7.575758e-01	8.393455e-02
3.131313e+01	8.080808e-01	8.800745e-02
3.131313e+01	8.585859e-01	8.171342e-02
3.131313e+01	9.090909e-01	8.311506e-02
3.131313e+01	9.595960e-01	1.327823e-01
3.131313e+01	1.010101e+00	2.822536e-01
3.131313e+01	1.060606e+00	5.613266e-01
3.131313e+01	1.111111e+00	9.386305e-01
3.131313e+01	1.161616e+00	1.308294e+00
3.131313e+01	1.212121e+00	1.530264e+00
3.131313e+01	1.262626e+00	1.513318e+00
3.131313e+01	1.313131e+00	1.284063e+00
3.131313e+01	1.363636e+00	9.802219e-01
3.131313e+01	1.414141e+00	7.619103e-01
3.131313e+01	1.464646e+00	7.065070e-01
3.131313e+01	1.515152e+00	7.699089e-01
3.131313e+01	1.565657e+00	8.383602e-01
3.131313e+01	1.616162e+00	8.183640e-01
3.131313e+01	1.666667e+00	6.910236e-01
3.131313e+01	1.717172e+00	5.019840e-01
3.131313e+01	1.767677e+00	3.146285e-01
3.131313e+01	1.818182e+00	1.708546e-01
3.131313e+01	1.868687e+00	8.066766e-02
3.131313e+01	1.919192e+00	3.319723e-02
3.131313e+01	1.969697e+00	1.192654e-02
3.131313e+01	2.020202e+00	3.743557e-03
3.131313e+01	2.070707e+00	1.026823e-03
3.131313e+01	2.121212e+00	2.460499e-04
3.131313e+01	2.171717e+00	5.147301e-05
3.131313e+01	2.222222e+00	9.391742e-06
3.131313e+01	2.272727e+00	1.492798e-06
3.131313e+01	2.323232e+00	2.064122e-07
3.131313e+01	2.373737e+00	2.479017e-08
3.131313e+01	2.424242e+00	2.581529e-09
3.131313e+01	2.474747e+00	2.327159e-10
3.131313e+01	2.525253e+00	1.811408e-11
3.131313e+01	2.575758e+00	1.218201e-12
3.131313e+01	2.626263e+00	6.987704e-14
3.131313e+01	2.676768e+00	3.581558e-15
3.131313e+01	2.727273e+00	1.288886e-16
3.131313e+01	2.777778e+00	1.022960e-17
3.131313e+01	2.828283e+00	3.861874e-19
3.131313e+01	2.878788e+00	1.097264e-18
3.131313e+01	2.929293e+00	9.911422e-19
3.131313e+01	2.979798e+00	1.041564e-18
3.131313e+01	3.030303e+00	1.063316e-18
3.131313e+01	3.080808e+00	1.083051e-18
3.131313e+01	3.131313e+00	1.096936e-18
3.131313e+01	3.181818e+00	1.105711e-18
3.131313e+01	3.232323e+00	1.109078e-18
3.131313e+01	3.282828e+00	1.107466e-18
3.131313e+01	3.333333e+00	1.100739e-18
3.131313e+01	3.383838e+00	1.089249e-18
3.131313e+01	3.434343e+00	1.073152e-18
3.131313e+01	3.484848e+00	1.052580e-18
3.131313e+01	3.535354e+00	1.028019e-18
3.131313e+01	3.585859e+00	9.994133e-19
3.131313e+01	3.636364e+00	9.674660e-19
3.131313e+01	3.686869e+00	9.320664e-19
3.131313e+01	3.737374e+00	8.939291e-19
3.131313e+01	3.787879e+00	8.531062e-19
3.131313e+01	3.838384e+00	8.101296e-19
3.131313e+01	3.888889e+00	7.652959e-19
3.131313e+01	3.939394e+00	7.189402e-19
3.131313e+01	3.989899e+00	6.715309e-19
3.131313e+01	4.040404e+00	6.232992e-19
3.131313e+01	4.090909e+00	5.747751e-19
3.131313e+01	4.141414e+00	5.261604e-19
3.131313e+01	4.191919e+00	4.779616e-19
3.131313e+01	4.242424e+00	4.304046e-19
3.131313e+01	4.292929e+00	3.839326e-19
3.131313e+01	4.343434e+00	3.387944e-19
3.131313e+01	4.393939e+00	2.953689e-19
3.131313e+01	4.444444e+00	2.539052e-19
3.131313e+01	4.494949e+00	2.147345e-19
3.131313e+01	4.545455e+00	1.780866e-19
3.131313e+01	4.595960e+00	1.442382e-19
3.131313e+01	4.646465e+00	1.134092e-19
3.131313e+01	4.696970e+00	8.581575e-20
3.131313e+01	4.747475e+00	6.166562e-20
3.131313e+01	4.797980e+00	4.113900e-20
3.131313e+01	4.848485e+00	2.443466e-20
3.131313e+01	4.898990e+00	1.175513e-20
3.131313e+01	4.949495e+00	3.394993e-21
3.131313e+01	5.000000e+00	3.815170e-31
3.232323e+01	0.000000e+00	0.000000e+00
3.232323e+01	5.050505e-02	5.082426e-07
3.232323e+01	1.010101e-01	2.903676e-06
3.232323e+01	1.515152e-01	1.091701e-05
3.232323e+01	2.020202e-01	3.567019e-05
3.232323e+01	2.525253e-01	1.074812e-04
3.232323e+01	3.030303e-01	3.030042e-04
3.232323e+01	3.535354e-01	8.009922e-04
3.232323e+01	4.040404e-01	1.982482e-03
3.232323e+01	4.545455e-01	4.580173e-03
3.232323e+01	5.050505e-01	9.839634e-03
3.232323e+01	5.555556e-01	1.956708e-02
3.232323e+01	6.060606e-01	3.582808e-02
3.232323e+01	6.565657e-01	6.003337e-02
3.232323e+01	7.070707e-01	9.139559e-02
3.232323e+01	7.575758e-01	1.253974e-01
3.232323e+01	8.080808e-01	1.537299e-01
3.232323e+01	8.585859e-01	1.672522e-01
3.232323e+01	9.090909e-01	1.617977e-01
3.232323e+01	9.595960e-01	1.432686e-01
3.232323e+01	1.010101e+00	1.262882e-01
3.232323e+01	1.060606e+00	1.240284e-01
3.232323e+01	1.111111e+00	1.362371e-01
3.232323e+01	1.161616e+00	1.498723e-01
3.232323e+01	1.212121e+00	1.599243e-01
3.232323e+01	1.262626e+00	1.959290e-01
3.232323e+01	1.313131e+00	3.225923e-01
3.232323e+01	1.363636e+00	5.967752e-01
3.232323e+01	1.414141e+00	1.005657e+00
3.232323e+01	1.464646e+00	1.441476e+00
3.232323e+01	1.515152e+00	1.747014e+00
3.232323e+01	1.565657e+00	1.805153e+00
3.232323e+01	1.616162e+00	1.604826e+00
3.232323e+01	1.666667e+00	1.236500e+00
3.232323e+01	1.717172e+00	8.300270e-01
3.232323e+01	1.767677e+00	4.871728e-01
3.232323e+01	1.818182e+00	2.505968e-01
3.232323e+01	1.868687e+00	1.131254e-01
3.232323e+01	1.919192e+00	4.484449e-02
3.232323e+01	1.969697e+00	1.561168e-02
3.232323e+01	2.020202e+00	4.771108e-03
3.232323e+01	2.070707e+00	1.279100e-03
3.232323e+01	2.121212e+00	3.005196e-04
3.232323e+01	2.171717e+00	6.180077e-05
3.232323e+01	2.222222e+00	1.110858e-05
3.232323e+01	2.272727e+00	1.742580e-06
3.232323e+01	2.323232e+00	2.381577e-07
3.232323e+01	2.373737e+00	2.830781e-08
3.232323e+01	2.424242e+00	2.920652e-09
3.232323e+01	2.474747e+00	2.611061e-10
3.232323e+01	2.525253e+00	2.017207e-11
3.232323e+01	2.575758e+00	1.347451e-12
3.232323e+01	2.626263e+00	7.681180e-14
3.232323e+01	2.676768e+00	3.915970e-15
3.232323e+01	2.727273e+00	1.398116e-16
3.232323e+01	2.777778e+00	1.096209e-17
3.232323e+01	2.828283e+00	2.493937e-19
3.232323e+01	2.878788e+00	1.018300e-18
3.232323e+01	2.929293e+00	8.970360e-19
3.232323e+01	2.979798e+00	9.464233e-19
3.232323e+01	3.030303e+00	9.657456e-19
3.232323e+01	3.080808e+00	9.837560e-19
3.232323e+01	3.131313e+00	9.963920e-19
3.232323e+01	3.181818e+00	1.004407e-18
3.232323e+01	3.232323e+00	1.007459e-18
3.232323e+01	3.282828e+00	1.006068e-18
3.232323e+01	3.333333e+00	9.999171e-19
3.232323e+01	3.383838e+00	9.895736e-19
3.232323e+01	3.434343e+00	9.748881e-19
3.232323e+01	3.484848e+00	9.562938e-19
3.232323e+01	3.535354e+00	9.339209e-19
3.232323e+01	3.585859e+00	9.080128e-19
3.232323e+01	3.636364e+00	8.789407e-19
3.232323e+01	3.686869e+00	8.468290e-19
3.232323e+01	3.737374e+00	8.121694e-19
3.232323e+01	3.787879e+00	7.750939e-19
3.232323e+01	3.838384e+00	7.360555e-19
3.232323e+01	3.888889e+00	6.953196e-19
3.232323e+01	3.939394e+00	6.532185e-19
3.232323e+01	3.989899e+00	6.101374e-19
3.232323e+01	4.040404e+00	5.663283e-19
3.232323e+01	4.090909e+00	5.222357e-19
3.232323e+01	4.141414e+00	4.780698e-19
3.232323e+01	4.191919e+00	4.342788e-19
3.232323e+01	4.242424e+00	3.910689e-19
3.232323e+01	4.292929e+00	3.488447e-19
3.232323e+01	4.343434e+00	3.078320e-19
3.232323e+01	4.393939e+00	2.683760e-19
3.232323e+01	4.444444e+00	2.307028e-19
3.232323e+01	4.494949e+00	1.951082e-19
3.232323e+01	4.545455e+00	1.618146e-19
3.232323e+01	4.595960e+00	1.310561e-19
3.232323e+01	4.646465e+00	1.030474e-19
3.232323e+01	4.696970e+00	7.797109e-20
3.232323e+01	4.747475e+00	5.603012e-20
3.232323e+01	4.797980e+00	3.737819e-20
3.232323e+01	4.848485e+00	2.220161e-20
3.232323e+01	4.898990e+00	1.068037e-20
3.232323e+01	4.949495e+00	3.084514e-21
3.232323e+01	5.000000e+00	1.549506e-31
3.333333e+01	0.000000e+00	0.000000e+00
3.333333e+01	5.050505e-02	7.049647e-07
3.333333e+01	1.010101e-01	4.028071e-06
3.333333e+01	1.515152e-01	1.514875e-05
3.333333e+01	2.020202e-01	4.951962e-05
3.333333e+01	2.525253e-01	1.493017e-04
3.333333e+01	3.030303e-01	4.211834e-04
3.333333e+01	3.535354e-01	1.114080e-03
3.333333e+01	4.040404e-01	2.758351e-03
3.333333e+01	4.545455e-01	6.371160e-03
3.333333e+01	5.050505e-01	1.366863e-02
3.333333e+01	5.555556e-01	2.709042e-02
3.333333e+01	6.060606e-01	4.926704e-02
3.333333e+01	6.565657e-01	8.150251e-02
3.333333e+01	7.070707e-01	1.212209e-01
3.333333e+01	7.575758e-01	1.594066e-01
3.333333e+01	8.080808e-01	1.805822e-01
3.333333e+01	8.585859e-01	1.684503e-01
3.333333e+01	9.090909e-01	1.179045e-01
3.333333e+01	9.595960e-01	4.803501e-02
3.333333e+01	1.010101e+00	4.639537e-03
3.333333e+01	1.060606e+00	4.228623e-02
3.333333e+01	1.111111e+00	1.900592e-01
3.333333e+01	1.161616e+00	4.241984e-01
3.333333e+01	1.212121e+00	6.751811e-01
3.333333e+01	1.262626e+00	8.728909e-01
3.333333e+01	1.313131e+00	9.963405e-01
3.333333e+01	1.363636e+00	1.082142e+00
3.333333e+01	1.414141e+00	1.179978e+00
3.333333e+01	1.464646e+00	1.295351e+00
3.333333e+01	1.515152e+00	1.374810e+00
3.333333e+01	1.565657e+00	1.347756e+00
3.333333e+01	1.616162e+00	1.184600e+00
3.333333e+01	1.666667e+00	9.199843e-01
3.333333e+01	1.717172e+00	6.276129e-01
3.333333e+01	1.767677e+00	3.754247e-01
3.333333e+01	1.818182e+00	1.968684e-01
3.333333e+01	1.868687e+00	9.051977e-02
3.333333e+01	1.919192e+00	3.650023e-02
3.333333e+01	1.969697e+00	1.290632e-02
3.333333e+01	2.020202e+00	4.000472e-03
3.333333e+01	2.070707e+00	1.086300e-03
3.333333e+01	2.121212e+00	2.581886e-04
3.333333e+01	2.171717e+00	5.365341e-05
3.333333e+01	2.222222e+00	9.735822e-06
3.333333e+01	2.272727e+00	1.540411e-06
3.333333e+01	2.323232e+00	2.121776e-07
3.333333e+01	2.373737e+00	2.539991e-08
3.333333e+01	2.424242e+00	2.637706e-09
3.333333e+01	2.474747e+00	2.372219e-10
3.333333e+01	2.525253e+00	1.842604e-11
3.333333e+01	2.575758e+00	1.237323e-12
3.333333e+01	2.626263e+00	7.078514e-14
3.333333e+01	2.676768e+00	3.641948e-15
3.333333e+01	2.727273e+00	1.273170e-16
3.333333e+01	2.777778e+00	1.118400e-17
3.333333e+01	2.828283e+00	4.984584e-19
3.333333e+01	2.878788e+00	1.359963e-18
3.333333e+01	2.929293e+00	1.239417e-18
3.333333e+01	2.979798e+00	1.300861e-18
3.333333e+01	3.030303e+00	1.328341e-18
3.333333e+01	3.080808e+00	1.353040e-18
3.333333e+01	3.131313e+00	1.370461e-18
3.333333e+01	3.181818e+00	1.381486e-18
3.333333e+01	3.232323e+00	1.385748e-18
3.333333e+01	3.282828e+00	1.383794e-18
3.333333e+01	3.333333e+00	1.375421e-18
3.333333e+01	3.383838e+00	1.361132e-18
3.333333e+01	3.434343e+00	1.341022e-18
3.333333e+01	3.484848e+00	1.315390e-18
3.333333e+01	3.535354e+00	1.284685e-18
3.333333e+01	3.585859e+00	1.249012e-18
3.333333e+01	3.636364e+00	1.209062e-18
3.333333e+01	3.686869e+00	1.164884e-18
3.333333e+01	3.737374e+00	1.117211e-18
3.333333e+01	3.787879e+00	1.066229e-18
3.333333e+01	3.838384e+00	1.012518e-18
3.333333e+01	3.888889e+00	9.565009e-19
3.333333e+01	3.939394e+00	8.985761e-19
3.333333e+01	3.989899e+00	8.393249e-19
3.333333e+01	4.040404e+00	7.790581e-19
3.333333e+01	4.090909e+00	7.184046e-19
3.333333e+01	4.141414e+00	6.576558e-19
3.333333e+01	4.191919e+00	5.974075e-19
3.333333e+01	4.242424e+00	5.379764e-19
3.333333e+01	4.292929e+00	4.798851e-19
3.333333e+01	4.343434e+00	4.234726e-19
3.333333e+01	4.393939e+00	3.691910e-19
3.333333e+01	4.444444e+00	3.173680e-19
3.333333e+01	4.494949e+00	2.684040e-19
3.333333e+01	4.545455e+00	2.225989e-19
3.333333e+01	4.595960e+00	1.802896e-19
3.333333e+01	4.646465e+00	1.417545e-19
3.333333e+01	4.696970e+00	1.072637e-19
3.333333e+01	4.747475e+00	7.707635e-20
3.333333e+01	4.797980e+00	5.141976e-20
3.333333e+01	4.848485e+00	3.054021e-20
3.333333e+01	4.898990e+00	1.469209e-20
3.333333e+01	4.949495e+00	4.242762e-21
3.333333e+01	5.000000e+00	2.531012e-31
3.434343e+01	0.000000e+00	0.000000e+00
3.434343e+01	5.050505e-02	1.398467e-06
3.434343e+01	1.010101e-01	7.999529e-06
3.434343e+01	1.515152e-01	3.016569e-05
3.434343e+01	2.020202e-01	9.906465e-05
3.434343e+01	2.525253e-01	3.007131e-04
3.434343e+01	3.030303e-01	8.561688e-04
3.434343e+01	3.535354e-01	2.291984e-03
3.434343e+01	4.040404e-01	5.761921e-03
3.434343e+01	4.545455e-01	1.356639e-02
3.434343e+01	5.050505e-01	2.981342e-02
3.434343e+01	5.555556e-01	6.090377e-02
3.434343e+01	6.060606e-01	1.151071e-01
3.434343e+01	6.565657e-01	2.001571e-01
3.434343e+01	7.070707e-01	3.181283e-01
3.434343e+01	7.575758e-01	4.586035e-01
3.434343e+01	8.080808e-01	5.943406e-01
3.434343e+01	8.585859e-01	6.863313e-01
3.434343e+01	9.090909e-01	7.032183e-01
3.434343e+01	9.595960e-01	6.501815e-01
3.434343e+01	1.010101e+00	5.879999e-01
3.434343e+01	1.060606e+00	6.170822e-01
3.434343e+01	1.111111e+00	8.184458e-01
3.434343e+01	1.161616e+00	1.181455e+00
3.434343e+01	1.212121e+00	1.576606e+00
3.434343e+01	1.262626e+00	1.813473e+00
3.434343e+01	1.313131e+00	1.757988e+00
3.434343e+01	1.363636e+00	1.423621e+00
3.434343e+01	1.414141e+00	9.616396e-01
3.434343e+01	1.464646e+00	5.576117e-01
3.434343e+01	1.515152e+00	3.189378e-01
3.434343e+01	1.565657e+00	2.366312e-01
3.434343e+01	1.616162e+00	2.314782e-01
3.434343e+01	1.666667e+00	2.276489e-01
3.434343e+01	1.717172e+00	1.940200e-01
3.434343e+01	1.767677e+00	1.390514e-01
3.434343e+01	1.818182e+00	8.410149e-02
3.434343e+01	1.868687e+00	4.330126e-02
3.434343e+01	1.919192e+00	1.912090e-02
3.434343e+01	1.969697e+00	7.280724e-03
3.434343e+01	2.020202e+00	2.399234e-03
3.434343e+01	2.070707e+00	6.857786e-04
3.434343e+01	2.121212e+00	1.702345e-04
3.434343e+01	2.171717e+00	3.671746e-05
3.434343e+01	2.222222e+00	6.880487e-06
3.434343e+01	2.272727e+00	1.119589e-06
3.434343e+01	2.323232e+00	1.580551e-07
3.434343e+01	2.373737e+00	1.933694e-08
3.434343e+01	2.424242e+00	2.047243e-09
3.434343e+01	2.474747e+00	1.873377e-10
3.434343e+01	2.525253e+00	1.477565e-11
3.434343e+01	2.575758e+00	1.007022e-12
3.434343e+01	2.626263e+00	5.813757e-14
3.434343e+01	2.676768e+00	3.074523e-15
3.434343e+01	2.727273e+00	1.000059e-16
3.434343e+01	2.777778e+00	1.223885e-17
3.434343e+01	2.828283e+00	1.299799e-18
3.434343e+01	2.878788e+00	2.428474e-18
3.434343e+01	2.929293e+00	2.312272e-18
3.434343e+01	2.979798e+00	2.411215e-18
3.434343e+01	3.030303e+00	2.464429e-18
3.434343e+01	3.080808e+00	2.510175e-18
3.434343e+01	3.131313e+00	2.542687e-18
3.434343e+01	3.181818e+00	2.563240e-18
3.434343e+01	3.232323e+00	2.571357e-18
3.434343e+01	3.282828e+00	2.567739e-18
3.434343e+01	3.333333e+00	2.552424e-18
3.434343e+01	3.383838e+00	2.525892e-18
3.434343e+01	3.434343e+00	2.488758e-18
3.434343e+01	3.484848e+00	2.441194e-18
3.434343e+01	3.535354e+00	2.384325e-18
3.434343e+01	3.585859e+00	2.318163e-18
3.434343e+01	3.636364e+00	2.244061e-18
3.434343e+01	3.686869e+00	2.162149e-18
3.434343e+01	3.737374e+00	2.073653e-18
3.434343e+01	3.787879e+00	1.979120e-18
3.434343e+01	3.838384e+00	1.879406e-18
3.434343e+01	3.888889e+00	1.775493e-18
3.434343e+01	3.939394e+00	1.667972e-18
3.434343e+01	3.989899e+00	1.558016e-18
3.434343e+01	4.040404e+00	1.446167e-18
3.434343e+01	4.090909e+00	1.333573e-18
3.434343e+01	4.141414e+00	1.220841e-18
3.434343e+01	4.191919e+00	1.108979e-18
3.434343e+01	4.242424e+00	9.986911e-19
3.434343e+01	4.292929e+00	8.908339e-19
3.434343e+01	4.343434e+00	7.861353e-19
3.434343e+01	4.393939e+00	6.853561e-19
3.434343e+01	4.444444e+00	5.891632e-19
3.434343e+01	4.494949e+00	4.982660e-19
3.434343e+01	4.545455e+00	4.132285e-19
3.434343e+01	4.595960e+00	3.346924e-19
3.434343e+01	4.646465e+00	2.631454e-19
3.434343e+01	4.696970e+00	1.991268e-19
3.434343e+01	4.747475e+00	1.430775e-19
3.434343e+01	4.797980e+00	9.545346e-20
3.434343e+01	4.848485e+00	5.668911e-20
3.434343e+01	4.898990e+00	2.727179e-20
3.434343e+01	4.949495e+00	7.874145e-21
3.434343e+01	5.000000e+00	4.057377e-31
3.535354e+01	0.000000e+00	0.000000e+00
3.535354e+01	5.050505e-02	2.684761e-06
3.535354e+01	1.010101e-01	1.537659e-05
3.535354e+01	1.515152e-01	5.815942e-05
3.535354e+01	2.020202e-01	1.919839e-04
3.535354e+01	2.525253e-01	5.871781e-04
3.535354e+01	3.030303e-01	1.688825e-03
3.535354e+01	3.535354e-01	4.580531e-03
3.535354e+01	4.040404e-01	1.170572e-02
3.535354e+01	4.545455e-01	2.812548e-02
3.535354e+01	5.050505e-01	6.336193e-02
3.535354e+01	5.555556e-01	1.334147e-01
3.535354e+01	6.060606e-01	2.616170e-01
3.535354e+01	6.565657e-01	4.758243e-01
3.535354e+01	7.070707e-01	7.989506e-01
3.535354e+01	7.575758e-01	1.231767e+00
3.535354e+01	8.080808e-01	1.732529e+00
3.535354e+01	8.585859e-01	2.205977e+00
3.535354e+01	9.090909e-01	2.518466e+00
3.535354e+01	9.595960e-01	2.547561e+00
3.535354e+01	1.010101e+00	2.250601e+00
3.535354e+01	1.060606e+00	1.710451e+00
3.535354e+01	1.111111e+00	1.114323e+00
3.535354e+01	1.161616e+00	6.602563e-01
3.535354e+01	1.212121e+00	4.457888e-01
3.535354e+01	1.262626e+00	4.209451e-01
3.535354e+01	1.313131e+00	4.448511e-01
3.535354e+01	1.363636e+00	3.998621e-01
3.535354e+01	1.414141e+00	2.688446e-01
3.535354e+01	1.464646e+00	1.199305e-01
3.535354e+01	1.515152e+00	2.931612e-02
3.535354e+01	1.565657e+00	1.914367e-02
3.535354e+01	1.616162e+00	5.594235e-02
3.535354e+01	1.666667e+00	9.148557e-02
3.535354e+01	1.717172e+00	9.935311e-02
3.535354e+01	1.767677e+00	8.160132e-02
3.535354e+01	1.818182e+00	5.386599e-02
3.535354e+01	1.868687e+00	2.949760e-02
3.535354e+01	1.919192e+00	1.364376e-02
3.535354e+01	1.969697e+00	5.388362e-03
3.535354e+01	2.020202e+00	1.829184e-03
3.535354e+01	2.070707e+00	5.359524e-04
3.535354e+01	2.121212e+00	1.358711e-04
3.535354e+01	2.171717e+00	2.984190e-05
3.535354e+01	2.222222e+00	5.681172e-06
3.535354e+01	2.272727e+00	9.373900e-07
3.535354e+01	2.323232e+00	1.339769e-07
3.535354e+01	2.373737e+00	1.657303e-08
3.535354e+01	2.424242e+00	1.772033e-09
3.535354e+01	2.474747e+00	1.636289e-10
3.535354e+01	2.525253e+00	1.300559e-11
3.535354e+01	2.575758e+00	8.943638e-13
3.535354e+01	2.626263e+00	5.163878e-14
3.535354e+01	2.676768e+00	2.829109e-15
3.535354e+01	2.727273e+00	7.825889e-17
3.535354e+01	2.777778e+00	1.558916e-17
3.535354e+01	2.828283e+00	2.548463e-18
3.535354e+01	2.878788e+00	4.227032e-18
3.535354e+01	2.929293e+00	4.097056e-18
3.535354e+01	2.979798e+00	4.261625e-18
3.535354e+01	3.030303e+00	4.357536e-18
3.535354e+01	3.080808e+00	4.438562e-18
3.535354e+01	3.131313e+00	4.496381e-18
3.535354e+01	3.181818e+00	4.532987e-18
3.535354e+01	3.232323e+00	4.547609e-18
3.535354e+01	3.282828e+00	4.541430e-18
3.535354e+01	3.333333e+00	4.514534e-18
3.535354e+01	3.383838e+00	4.467851e-18
3.535354e+01	3.434343e+00	4.402245e-18
3.535354e+01	3.484848e+00	4.318388e-18
3.535354e+01	3.535354e+00	4.217777e-18
3.535354e+01	3.585859e+00	4.101031e-18
3.535354e+01	3.636364e+00	3.969865e-18
3.535354e+01	3.686869e+00	3.825212e-18
3.535354e+01	3.737374e+00	3.668607e-18
3.535354e+01	3.787879e+00	3.501530e-18
3.535354e+01	3.838384e+00	3.325114e-18
3.535354e+01	3.888889e+00	3.141352e-18
3.535354e+01	3.939394e+00	2.951163e-18
3.535354e+01	3.989899e+00	2.756639e-18
3.535354e+01	4.040404e+00	2.558810e-18
3.535354e+01	4.090909e+00	2.359576e-18
3.535354e+01	4.141414e+00	2.160175e-18
3.535354e+01	4.191919e+00	1.962223e-18
3.535354e+01	4.242424e+00	1.767131e-18
3.535354e+01	4.292929e+00	1.576261e-18
3.535354e+01	4.343434e+00	1.391037e-18
3.535354e+01	4.393939e+00	1.212700e-18
3.535354e+01	4.444444e+00	1.042509e-18
3.535354e+01	4.494949e+00	8.816586e-19
3.535354e+01	4.545455e+00	7.311958e-19
3.535354e+01	4.595960e+00	5.922282e-19
3.535354e+01	4.646465e+00	4.656226e-19
3.535354e+01	4.696970e+00	3.523450e-19
3.535354e+01	4.747475e+00	2.531609e-19
3.535354e+01	4.797980e+00	1.688950e-19
3.535354e+01	4.848485e+00	1.003014e-19
3.535354e+01	4.898990e+00	4.825149e-20
3.535354e+01	4.949495e+00	1.392950e-20
3.535354e+01	5.000000e+00	1.924643e-31
3.636364e+01	0.000000e+00	0.000000e+00
3.636364e+01	5.050505e-02	2.447775e-06
3.636364e+01	1.010101e-01	1.401971e-05
3.636364e+01	1.515152e-01	5.303128e-05
3.636364e+01	2.020202e-01	1.750795e-04
3.636364e+01	2.525253e-01	5.355879e-04
3.636364e+01	3.030303e-01	1.540909e-03
3.636364e+01	3.535354e-01	4.181124e-03
3.636364e+01	4.040404e-01	1.069135e-02
3.636364e+01	4.545455e-01	2.570921e-02
3.636364e+01	5.050505e-01	5.798363e-02
3.636364e+01	5.555556e-01	1.222794e-01
3.636364e+01	6.060606e-01	2.402950e-01
3.636364e+01	6.565657e-01	4.383441e-01
3.636364e+01	7.070707e-01	7.390797e-01
3.636364e+01	7.575758e-01	1.146154e+00
3.636364e+01	8.080808e-01	1.625637e+00
3.636364e+01	8.585859e-01	2.095056e+00
3.636364e+01	9.090909e-01	2.434772e+00
3.636364e+01	9.595960e-01	2.529389e+00
3.636364e+01	1.010101e+00	2.326706e+00
3.636364e+01	1.060606e+00	1.879273e+00
3.636364e+01	1.111111e+00	1.331558e+00
3.636364e+01	1.161616e+00	8.477206e-01
3.636364e+01	1.212121e+00	5.238253e-01
3.636364e+01	1.262626e+00	3.494382e-01
3.636364e+01	1.313131e+00	2.474154e-01
3.636364e+01	1.363636e+00	1.534486e-01
3.636364e+01	1.414141e+00	6.385996e-02
3.636364e+01	1.464646e+00	1.639142e-02
3.636364e+01	1.515152e+00	3.559354e-02
3.636364e+01	1.565657e+00	1.015065e-01
3.636364e+01	1.616162e+00	1.659695e-01
3.636364e+01	1.666667e+00	1.909856e-01
3.636364e+01	1.717172e+00	1.706641e-01
3.636364e+01	1.767677e+00	1.242408e-01
3.636364e+01	1.818182e+00	7.563090e-02
3.636364e+01	1.868687e+00	3.909456e-02
3.636364e+01	1.919192e+00	1.732312e-02
3.636364e+01	1.969697e+00	6.619316e-03
3.636364e+01	2.020202e+00	2.189224e-03
3.636364e+01	2.070707e+00	6.280878e-04
3.636364e+01	2.121212e+00	1.564995e-04
3.636364e+01	2.171717e+00	3.388057e-05
3.636364e+01	2.222222e+00	6.371956e-06
3.636364e+01	2.272727e+00	1.040488e-06
3.636364e+01	2.323232e+00	1.473843e-07
3.636364e+01	2.373737e+00	1.808978e-08
3.636364e+01	2.424242e+00	1.921050e-09
3.636364e+01	2.474747e+00	1.763156e-10
3.636364e+01	2.525253e+00	1.394108e-11
3.636364e+01	2.575758e+00	9.536159e-13
3.636364e+01	2.626263e+00	5.494728e-14
3.636364e+01	2.676768e+00	2.970220e-15
3.636364e+01	2.727273e+00	8.676269e-17
3.636364e+01	2.777778e+00	1.495787e-17
3.636364e+01	2.828283e+00	2.307749e-18
3.636364e+01	2.878788e+00	3.854262e-18
3.636364e+01	2.929293e+00	3.729670e-18
3.636364e+01	2.979798e+00	3.880357e-18
3.636364e+01	3.030303e+00	3.967571e-18
3.636364e+01	3.080808e+00	4.041358e-18
3.636364e+01	3.131313e+00	4.094001e-18
3.636364e+01	3.181818e+00	4.127334e-18
3.636364e+01	3.232323e+00	4.140641e-18
3.636364e+01	3.282828e+00	4.135024e-18
3.636364e+01	3.333333e+00	4.110524e-18
3.636364e+01	3.383838e+00	4.068031e-18
3.636364e+01	3.434343e+00	4.008283e-18
3.636364e+01	3.484848e+00	3.931942e-18
3.636364e+01	3.535354e+00	3.840325e-18
3.636364e+01	3.585859e+00	3.734035e-18
3.636364e+01	3.636364e+00	3.614600e-18
3.636364e+01	3.686869e+00	3.482896e-18
3.636364e+01	3.737374e+00	3.340304e-18
3.636364e+01	3.787879e+00	3.188178e-18
3.636364e+01	3.838384e+00	3.027552e-18
3.636364e+01	3.888889e+00	2.860232e-18
3.636364e+01	3.939394e+00	2.687065e-18
3.636364e+01	3.989899e+00	2.509948e-18
3.636364e+01	4.040404e+00	2.329823e-18
3.636364e+01	4.090909e+00	2.148418e-18
3.636364e+01	4.141414e+00	1.966861e-18
3.636364e+01	4.191919e+00	1.786625e-18
3.636364e+01	4.242424e+00	1.608990e-18
3.636364e+01	4.292929e+00	1.435202e-18
3.636364e+01	4.343434e+00	1.266553e-18
3.636364e+01	4.393939e+00	1.104175e-18
3.636364e+01	4.444444e+00	9.492152e-19
3.636364e+01	4.494949e+00	8.027588e-19
3.636364e+01	4.545455e+00	6.657616e-19
3.636364e+01	4.595960e+00	5.392296e-19
3.636364e+01	4.646465e+00	4.239545e-19
3.636364e+01	4.696970e+00	3.208134e-19
3.636364e+01	4.747475e+00	2.305058e-19
3.636364e+01	4.797980e+00	1.537805e-19
3.636364e+01	4.848485e+00	9.132561e-20
3.636364e+01	4.898990e+00	4.393348e-20
3.636364e+01	4.949495e+00	1.268298e-20
3.636364e+01	5.000000e+00	1.951475e-31
3.737374e+01	0.000000e+00	0.000000e+00
3.737374e+01	5.050505e-02	9.081199e-07
3.737374e+01	1.010101e-01	5.192170e-06
3.737374e+01	1.515152e-01	1.955695e-05
3.737374e+01	2.020202e-01	6.410152e-05
3.737374e+01	2.525253e-01	1.940436e-04
3.737374e+01	3.030303e-01	5.504639e-04
3.737374e+01	3.535354e-01	1.466981e-03
3.737374e+01	4.040404e-01	3.668180e-03
3.737374e+01	4.545455e-01	8.583646e-03
3.737374e+01	5.050505e-01	1.873551e-02
3.737374e+01	5.555556e-01	3.800243e-02
3.737374e+01	6.060606e-01	7.134125e-02
3.737374e+01	6.565657e-01	1.234258e-01
3.737374e+01	7.070707e-01	1.960006e-01
3.737374e+01	7.575758e-01	2.848881e-01
3.737374e+01	8.080808e-01	3.792816e-01
3.737374e+01	8.585859e-01	4.666930e-01
3.737374e+01	9.090909e-01	5.443195e-01
3.737374e+01	9.595960e-01	6.307803e-01
3.737374e+01	1.010101e+00	7.653067e-01
3.737374e+01	1.060606e+00	9.836567e-01
3.737374e+01	1.111111e+00	1.277371e+00
3.737374e+01	1.161616e+00	1.566590e+00
3.737374e+01	1.212121e+00	1.721863e+00
3.737374e+01	1.262626e+00	1.638928e+00
3.737374e+01	1.313131e+00	1.319216e+00
3.737374e+01	1.363636e+00	8.875876e-01
3.737374e+01	1.414141e+00	5.210410e-01
3.737374e+01	1.464646e+00	3.382162e-01
3.737374e+01	1.515152e+00	3.357969e-01
3.737374e+01	1.565657e+00	4.156953e-01
3.737374e+01	1.616162e+00	4.685126e-01
3.737374e+01	1.666667e+00	4.411381e-01
3.737374e+01	1.717172e+00	3.466406e-01
3.737374e+01	1.767677e+00	2.301447e-01
3.737374e+01	1.818182e+00	1.305350e-01
3.737374e+01	1.868687e+00	6.375294e-02
3.737374e+01	1.919192e+00	2.695473e-02
3.737374e+01	1.969697e+00	9.899577e-03
3.737374e+01	2.020202e+00	3.164721e-03
3.737374e+01	2.070707e+00	8.815586e-04
3.737374e+01	2.121212e+00	2.140466e-04
3.737374e+01	2.171717e+00	4.529137e-05
3.737374e+01	2.222222e+00	8.346428e-06
3.737374e+01	2.272727e+00	1.338303e-06
3.737374e+01	2.323232e+00	1.864890e-07
3.737374e+01	2.373737e+00	2.255270e-08
3.737374e+01	2.424242e+00	2.363106e-09
3.737374e+01	2.474747e+00	2.142229e-10
3.737374e+01	2.525253e+00	1.675765e-11
3.737374e+01	2.575758e+00	1.132546e-12
3.737374e+01	2.626263e+00	6.514257e-14
3.737374e+01	2.676768e+00	3.373869e-15
3.737374e+01	2.727273e+00	1.179144e-16
3.737374e+01	2.777778e+00	1.093705e-17
3.737374e+01	2.828283e+00	8.003825e-19
3.737374e+01	2.878788e+00	1.654594e-18
3.737374e+01	2.929293e+00	1.549582e-18
3.737374e+01	2.979798e+00	1.619706e-18
3.737374e+01	3.030303e+00	1.654869e-18
3.737374e+01	3.080808e+00	1.685590e-18
3.737374e+01	3.131313e+00	1.707357e-18
3.737374e+01	3.181818e+00	1.721119e-18
3.737374e+01	3.232323e+00	1.726507e-18
3.737374e+01	3.282828e+00	1.724058e-18
3.737374e+01	3.333333e+00	1.713718e-18
3.737374e+01	3.383838e+00	1.695886e-18
3.737374e+01	3.434343e+00	1.670913e-18
3.737374e+01	3.484848e+00	1.638955e-18
3.737374e+01	3.535354e+00	1.600754e-18
3.737374e+01	3.585859e+00	1.556302e-18
3.737374e+01	3.636364e+00	1.506552e-18
3.737374e+01	3.686869e+00	1.451523e-18
3.737374e+01	3.737374e+00	1.392118e-18
3.737374e+01	3.787879e+00	1.328622e-18
3.737374e+01	3.838384e+00	1.261685e-18
3.737374e+01	3.888889e+00	1.191908e-18
3.737374e+01	3.939394e+00	1.119723e-18
3.737374e+01	3.989899e+00	1.045902e-18
3.737374e+01	4.040404e+00	9.708072e-19
3.737374e+01	4.090909e+00	8.952251e-19
3.737374e+01	4.141414e+00	8.195363e-19
3.737374e+01	4.191919e+00	7.444499e-19
3.737374e+01	4.242424e+00	6.704037e-19
3.737374e+01	4.292929e+00	5.980061e-19
3.737374e+01	4.343434e+00	5.277163e-19
3.737374e+01	4.393939e+00	4.600684e-19
3.737374e+01	4.444444e+00	3.954924e-19
3.737374e+01	4.494949e+00	3.344760e-19
3.737374e+01	4.545455e+00	2.773923e-19
3.737374e+01	4.595960e+00	2.246714e-19
3.737374e+01	4.646465e+00	1.766458e-19
3.737374e+01	4.696970e+00	1.336695e-19
3.737374e+01	4.747475e+00	9.604712e-20
3.737374e+01	4.797980e+00	6.407688e-20
3.737374e+01	4.848485e+00	3.805596e-20
3.737374e+01	4.898990e+00	1.830789e-20
3.737374e+01	4.949495e+00	5.286442e-21
3.737374e+01	5.000000e+00	4.077916e-31
3.838384e+01	0.000000e+00	0.000000e+00
3.838384e+01	5.050505e-02	4.015547e-07
3.838384e+01	1.010101e-01	2.291130e-06
3.838384e+01	1.515152e-01	8.586450e-06
3.838384e+01	2.020202e-01	2.790043e-05
3.838384e+01	2.525253e-01	8.338000e-05
3.838384e+01	3.030303e-01	2.324015e-04
3.838384e+01	3.535354e-01	6.051260e-04
3.838384e+01	4.040404e-01	1.468367e-03
3.838384e+01	4.545455e-01	3.306304e-03
3.838384e+01	5.050505e-01	6.869165e-03
3.838384e+01	5.555556e-01	1.307266e-02
3.838384e+01	6.060606e-01	2.257567e-02
3.838384e+01	6.565657e-01	3.493721e-02
3.838384e+01	7.070707e-01	4.762195e-02
3.838384e+01	7.575758e-01	5.581216e-02
3.838384e+01	8.080808e-01	5.454875e-02
3.838384e+01	8.585859e-01	4.410267e-02
3.838384e+01	9.090909e-01	3.669325e-02
3.838384e+01	9.595960e-01	5.858581e-02
3.838384e+01	1.010101e+00	1.402784e-01
3.838384e+01	1.060606e+00	2.940448e-01
3.838384e+01	1.111111e+00	4.920470e-01
3.838384e+01	1.161616e+00	6.680566e-01
3.838384e+01	1.212121e+00	7.554068e-01
3.838384e+01	1.262626e+00	7.418160e-01
3.838384e+01	1.313131e+00	6.944074e-01
3.838384e+01	1.363636e+00	7.206547e-01
3.838384e+01	1.414141e+00	8.848680e-01
3.838384e+01	1.464646e+00	1.147490e+00
3.838384e+01	1.515152e+00	1.382598e+00
3.838384e+01	1.565657e+00	1.461982e+00
3.838384e+01	1.616162e+00	1.337000e+00
3.838384e+01	1.666667e+00	1.057455e+00
3.838384e+01	1.717172e+00	7.258991e-01
3.838384e+01	1.767677e+00	4.340679e-01
3.838384e+01	1.818182e+00	2.267464e-01
3.838384e+01	1.868687e+00	1.036726e-01
3.838384e+01	1.919192e+00	4.153571e-02
3.838384e+01	1.969697e+00	1.458886e-02
3.838384e+01	2.020202e+00	4.492051e-03
3.838384e+01	2.070707e+00	1.211973e-03
3.838384e+01	2.121212e+00	2.863011e-04
3.838384e+01	2.171717e+00	5.915298e-05
3.838384e+01	2.222222e+00	1.067581e-05
3.838384e+01	2.272727e+00	1.680613e-06
3.838384e+01	2.323232e+00	2.303995e-07
3.838384e+01	2.373737e+00	2.746021e-08
3.838384e+01	2.424242e+00	2.840027e-09
3.838384e+01	2.474747e+00	2.544392e-10
3.838384e+01	2.525253e+00	1.969504e-11
3.838384e+01	2.575758e+00	1.317683e-12
3.838384e+01	2.626263e+00	7.526705e-14
3.838384e+01	2.676768e+00	3.833882e-15
3.838384e+01	2.727273e+00	1.387100e-16
3.838384e+01	2.777778e+00	1.037798e-17
3.838384e+01	2.828283e+00	1.886443e-19
3.838384e+01	2.878788e+00	8.782668e-19
3.838384e+01	2.929293e+00	7.648308e-19
3.838384e+01	2.979798e+00	8.083208e-19
3.838384e+01	3.030303e+00	8.245734e-19
3.838384e+01	3.080808e+00	8.399245e-19
3.838384e+01	3.131313e+00	8.506617e-19
3.838384e+01	3.181818e+00	8.574626e-19
3.838384e+01	3.232323e+00	8.600284e-19
3.838384e+01	3.282828e+00	8.588033e-19
3.838384e+01	3.333333e+00	8.535265e-19
3.838384e+01	3.383838e+00	8.446542e-19
3.838384e+01	3.434343e+00	8.321118e-19
3.838384e+01	3.484848e+00	8.161932e-19
3.838384e+01	3.535354e+00	7.971033e-19
3.838384e+01	3.585859e+00	7.749420e-19
3.838384e+01	3.636364e+00	7.501443e-19
3.838384e+01	3.686869e+00	7.226969e-19
3.838384e+01	3.737374e+00	6.931246e-19
3.838384e+01	3.787879e+00	6.614575e-19
3.838384e+01	3.838384e+00	6.281417e-19
3.838384e+01	3.888889e+00	5.933657e-19
3.838384e+01	3.939394e+00	5.574297e-19
3.838384e+01	3.989899e+00	5.206631e-19
3.838384e+01	4.040404e+00	4.832673e-19
3.838384e+01	4.090909e+00	4.456439e-19
3.838384e+01	4.141414e+00	4.079456e-19
3.838384e+01	4.191919e+00	3.705810e-19
3.838384e+01	4.242424e+00	3.337013e-19
3.838384e+01	4.292929e+00	2.976744e-19
3.838384e+01	4.343434e+00	2.626728e-19
3.838384e+01	4.393939e+00	2.290068e-19
3.838384e+01	4.444444e+00	1.968574e-19
3.838384e+01	4.494949e+00	1.664864e-19
3.838384e+01	4.545455e+00	1.380756e-19
3.838384e+01	4.595960e+00	1.118297e-19
3.838384e+01	4.646465e+00	8.793059e-20
3.838384e+01	4.696970e+00	6.653317e-20
3.838384e+01	4.747475e+00	4.781187e-20
3.838384e+01	4.797980e+00	3.189580e-20
3.838384e+01	4.848485e+00	1.894579e-20
3.838384e+01	4.898990e+00	9.114325e-21
3.838384e+01	4.949495e+00	2.632555e-21
3.838384e+01	5.000000e+00	2.517513e-31
3.939394e+01	0.000000e+00	0.000000e+00
3.939394e+01	5.050505e-02	6.520950e-07
3.939394e+01	1.010101e-01	3.727330e-06
3.939394e+01	1.515152e-01	1.403011e-05
3.939394e+01	2.020202e-01	4.593332e-05
3.939394e+01	2.525253e-01	1.388083e-04
3.939394e+01	3.030303e-01	3.928452e-04
3.939394e+01	3.535354e-01	1.043664e-03
3.939394e+01	4.040404e-01	2.599078e-03
3.939394e+01	4.545455e-01	6.049846e-03
3.939394e+01	5.050505e-01	1.311378e-02
3.939394e+01	5.555556e-01	2.635418e-02
3.939394e+01	6.060606e-01	4.884679e-02
3.939394e+01	6.565657e-01	8.297680e-02
3.939394e+01	7.070707e-01	1.281904e-01
3.939394e+01	7.575758e-01	1.783517e-01
3.939394e+01	8.080808e-01	2.206032e-01
3.939394e+01	8.585859e-01	2.382838e-01
3.939394e+01	9.090909e-01	2.189415e-01
3.939394e+01	9.595960e-01	1.642469e-01
3.939394e+01	1.010101e+00	9.430218e-02
3.939394e+01	1.060606e+00	3.987428e-02
3.939394e+01	1.111111e+00	2.541017e-02
3.939394e+01	1.161616e+00	5.709077e-02
3.939394e+01	1.212121e+00	1.299361e-01
3.939394e+01	1.262626e+00	2.496569e-01
3.939394e+01	1.313131e+00	4.436738e-01
3.939394e+01	1.363636e+00	7.386868e-01
3.939394e+01	1.414141e+00	1.115871e+00
3.939394e+01	1.464646e+00	1.487156e+00
3.939394e+01	1.515152e+00	1.726608e+00
3.939394e+01	1.565657e+00	1.741551e+00
3.939394e+01	1.616162e+00	1.528348e+00
3.939394e+01	1.666667e+00	1.170039e+00
3.939394e+01	1.717172e+00	7.833870e-01
3.939394e+01	1.767677e+00	4.596466e-01
3.939394e+01	1.818182e+00	2.366705e-01
3.939394e+01	1.868687e+00	1.070241e-01
3.939394e+01	1.919192e+00	4.251663e-02
3.939394e+01	1.969697e+00	1.483583e-02
3.939394e+01	2.020202e+00	4.544867e-03
3.939394e+01	2.070707e+00	1.221348e-03
3.939394e+01	2.121212e+00	2.876159e-04
3.939394e+01	2.171717e+00	5.927885e-05
3.939394e+01	2.222222e+00	1.067786e-05
3.939394e+01	2.272727e+00	1.678378e-06
3.939394e+01	2.323232e+00	2.298179e-07
3.939394e+01	2.373737e+00	2.736527e-08
3.939394e+01	2.424242e+00	2.828129e-09
3.939394e+01	2.474747e+00	2.532351e-10
3.939394e+01	2.525253e+00	1.959210e-11
3.939394e+01	2.575758e+00	1.310731e-12
3.939394e+01	2.626263e+00	7.476463e-14
3.939394e+01	2.676768e+00	3.828235e-15
3.939394e+01	2.727273e+00	1.346284e-16
3.939394e+01	2.777778e+00	1.133270e-17
3.939394e+01	2.828283e+00	3.970019e-19
3.939394e+01	2.878788e+00	1.244063e-18
3.939394e+01	2.929293e+00	1.119860e-18
3.939394e+01	2.979798e+00	1.177617e-18
3.939394e+01	3.030303e+00	1.202220e-18
3.939394e+01	3.080808e+00	1.224619e-18
3.939394e+01	3.131313e+00	1.240394e-18
3.939394e+01	3.181818e+00	1.250394e-18
3.939394e+01	3.232323e+00	1.254244e-18
3.939394e+01	3.282828e+00	1.252512e-18
3.939394e+01	3.333333e+00	1.244909e-18
3.939394e+01	3.383838e+00	1.232024e-18
3.939394e+01	3.434343e+00	1.213787e-18
3.939394e+01	3.484848e+00	1.190634e-18
3.939394e+01	3.535354e+00	1.162808e-18
3.939394e+01	3.585859e+00	1.130559e-18
3.939394e+01	3.636364e+00	1.094374e-18
3.939394e+01	3.686869e+00	1.054410e-18
3.939394e+01	3.737374e+00	1.011252e-18
3.939394e+01	3.787879e+00	9.651108e-19
3.939394e+01	3.838384e+00	9.164979e-19
3.939394e+01	3.888889e+00	8.657912e-19
3.939394e+01	3.939394e+00	8.133678e-19
3.939394e+01	3.989899e+00	7.597316e-19
3.939394e+01	4.040404e+00	7.051862e-19
3.939394e+01	4.090909e+00	6.502821e-19
3.939394e+01	4.141414e+00	5.952956e-19
3.939394e+01	4.191919e+00	5.407619e-19
3.939394e+01	4.242424e+00	4.869656e-19
3.939394e+01	4.292929e+00	4.343831e-19
3.939394e+01	4.343434e+00	3.833193e-19
3.939394e+01	4.393939e+00	3.341852e-19
3.939394e+01	4.444444e+00	2.872764e-19
3.939394e+01	4.494949e+00	2.429532e-19
3.939394e+01	4.545455e+00	2.014940e-19
3.939394e+01	4.595960e+00	1.631945e-19
3.939394e+01	4.646465e+00	1.283149e-19
3.939394e+01	4.696970e+00	9.709198e-20
3.939394e+01	4.747475e+00	6.976824e-20
3.939394e+01	4.797980e+00	4.654365e-20
3.939394e+01	4.848485e+00	2.764455e-20
3.939394e+01	4.898990e+00	1.329882e-20
3.939394e+01	4.949495e+00	3.840404e-21
3.939394e+01	5.000000e+00	1.557219e-31
4.040404e+01	0.000000e+00	0.000000e+00
4.040404e+01	5.050505e-02	9.958074e-07
4.040404e+01	1.010101e-01	5.691965e-06
4.040404e+01	1.515152e-01	2.142505e-05
4.040404e+01	2.020202e-01	7.014092e-05
4.040404e+01	2.525253e-01	2.119367e-04
4.040404e+01	3.030303e-01	5.996333e-04
4.040404e+01	3.535354e-01	1.592081e-03
4.040404e+01	4.040404e-01	3.960407e-03
4.040404e+01	4.545455e-01	9.200681e-03
4.040404e+01	5.050505e-01	1.987895e-02
4.040404e+01	5.555556e-01	3.974026e-02
4.040404e+01	6.060606e-01	7.304394e-02
4.040404e+01	6.565657e-01	1.224567e-01
4.040404e+01	7.070707e-01	1.853044e-01
4.040404e+01	7.575758e-01	2.495144e-01
4.040404e+01	8.080808e-01	2.929282e-01
4.040404e+01	8.585859e-01	2.909555e-01
4.040404e+01	9.090909e-01	2.345876e-01
4.040404e+01	9.595960e-01	1.518417e-01
4.040404e+01	1.010101e+00	1.151015e-01
4.040404e+01	1.060606e+00	2.159692e-01
4.040404e+01	1.111111e+00	5.081731e-01
4.040404e+01	1.161616e+00	9.511107e-01
4.040404e+01	1.212121e+00	1.403551e+00
4.040404e+01	1.262626e+00	1.691062e+00
4.040404e+01	1.313131e+00	1.710674e+00
4.040404e+01	1.363636e+00	1.494545e+00
4.040404e+01	1.414141e+00	1.179732e+00
4.040404e+01	1.464646e+00	9.090596e-01
4.040404e+01	1.515152e+00	7.450203e-01
4.040404e+01	1.565657e+00	6.588812e-01
4.040404e+01	1.616162e+00	5.852164e-01
4.040404e+01	1.666667e+00	4.824943e-01
4.040404e+01	1.717172e+00	3.534619e-01
4.040404e+01	1.767677e+00	2.261884e-01
4.040404e+01	1.818182e+00	1.258464e-01
4.040404e+01	1.868687e+00	6.086734e-02
4.040404e+01	1.919192e+00	2.561984e-02
4.040404e+01	1.969697e+00	9.395248e-03
4.040404e+01	2.020202e+00	3.004102e-03
4.040404e+01	2.070707e+00	8.377930e-04
4.040404e+01	2.121212e+00	2.037657e-04
4.040404e+01	2.171717e+00	4.320103e-05
4.040404e+01	2.222222e+00	7.977851e-06
4.040404e+01	2.272727e+00	1.281906e-06
4.040404e+01	2.323232e+00	1.790014e-07
4.040404e+01	2.373737e+00	2.169076e-08
4.040404e+01	2.424242e+00	2.277150e-09
4.040404e+01	2.474747e+00	2.068124e-10
4.040404e+01	2.525253e+00	1.620475e-11
4.040404e+01	2.575758e+00	1.097289e-12
4.040404e+01	2.626263e+00	6.313182e-14
4.040404e+01	2.676768e+00	3.292985e-15
4.040404e+01	2.727273e+00	1.117031e-16
4.040404e+01	2.777778e+00	1.146584e-17
4.040404e+01	2.828283e+00	8.641636e-19
4.040404e+01	2.878788e+00	1.836689e-18
4.040404e+01	2.929293e+00	1.720024e-18
4.040404e+01	2.979798e+00	1.797965e-18
4.040404e+01	3.030303e+00	1.836970e-18
4.040404e+01	3.080808e+00	1.871063e-18
4.040404e+01	3.131313e+00	1.895215e-18
4.040404e+01	3.181818e+00	1.910480e-18
4.040404e+01	3.232323e+00	1.916455e-18
4.040404e+01	3.282828e+00	1.913726e-18
4.040404e+01	3.333333e+00	1.902245e-18
4.040404e+01	3.383838e+00	1.882439e-18
4.040404e+01	3.434343e+00	1.854721e-18
4.040404e+01	3.484848e+00	1.819234e-18
4.040404e+01	3.535354e+00	1.776834e-18
4.040404e+01	3.585859e+00	1.727480e-18
4.040404e+01	3.636364e+00	1.672262e-18
4.040404e+01	3.686869e+00	1.611171e-18
4.040404e+01	3.737374e+00	1.545233e-18
4.040404e+01	3.787879e+00	1.474749e-18
4.040404e+01	3.838384e+00	1.400449e-18
4.040404e+01	3.888889e+00	1.322995e-18
4.040404e+01	3.939394e+00	1.242870e-18
4.040404e+01	3.989899e+00	1.160929e-18
4.040404e+01	4.040404e+00	1.077573e-18
4.040404e+01	4.090909e+00	9.936791e-19
4.040404e+01	4.141414e+00	9.096642e-19
4.040404e+01	4.191919e+00	8.263207e-19
4.040404e+01	4.242424e+00	7.441298e-19
4.040404e+01	4.292929e+00	6.637710e-19
4.040404e+01	4.343434e+00	5.857503e-19
4.040404e+01	4.393939e+00	5.106633e-19
4.040404e+01	4.444444e+00	4.389851e-19
4.040404e+01	4.494949e+00	3.712592e-19
4.040404e+01	4.545455e+00	3.078973e-19
4.040404e+01	4.595960e+00	2.493789e-19
4.040404e+01	4.646465e+00	1.960718e-19
4.040404e+01	4.696970e+00	1.483695e-19
4.040404e+01	4.747475e+00	1.066099e-19
4.040404e+01	4.797980e+00	7.112379e-20
4.040404e+01	4.848485e+00	4.224127e-20
4.040404e+01	4.898990e+00	2.032141e-20
4.040404e+01	4.949495e+00	5.867913e-21
4.040404e+01	5.000000e+00	3.815048e-31
4.141414e+01	0.000000e+00	0.000000e+00
4.141414e+01	5.050505e-02	2.174172e-06
4.141414e+01	1.010101e-01	1.244730e-05
4.141414e+01	1.515152e-01	4.703460e-05
4.141414e+01	2.020202e-01	1.550065e-04
4.141414e+01	2.525253e-01	4.729518e-04
4.141414e+01	3.030303e-01	1.355932e-03
4.141414e+01	3.535354e-01	3.662536e-03
4.141414e+01	4.040404e-01	9.311824e-03
4.141414e+01	4.545455e-01	2.223323e-02
4.141414e+01	5.050505e-01	4.970667e-02
4.141414e+01	5.555556e-01	1.037036e-01
4.141414e+01	6.060606e-01	2.011222e-01
4.141414e+01	6.565657e-01	3.609923e-01
4.141414e+01	7.070707e-01	5.966346e-01
4.141414e+01	7.575758e-01	9.027050e-01
4.141414e+01	8.080808e-01	1.241814e+00
4.141414e+01	8.585859e-01	1.541227e+00
4.141414e+01	9.090909e-01	1.711492e+00
4.141414e+01	9.595960e-01	1.689127e+00
4.141414e+01	1.010101e+00	1.484724e+00
4.141414e+01	1.060606e+00	1.199915e+00
4.141414e+01	1.111111e+00	9.839842e-01
4.141414e+01	1.161616e+00	9.422458e-01
4.141414e+01	1.212121e+00	1.057462e+00
4.141414e+01	1.262626e+00	1.192933e+00
4.141414e+01	1.313131e+00	1.187926e+00
4.141414e+01	1.363636e+00	9.752038e-01
4.141414e+01	1.414141e+00	6.254053e-01
4.141414e+01	1.464646e+00	2.858037e-01
4.141414e+01	1.515152e+00	7.266833e-02
4.141414e+01	1.565657e+00	7.216162e-03
4.141414e+01	1.616162e+00	3.238829e-02
4.141414e+01	1.666667e+00	7.458098e-02
4.141414e+01	1.717172e+00	9.147489e-02
4.141414e+01	1.767677e+00	7.936391e-02
4.141414e+01	1.818182e+00	5.387541e-02
4.141414e+01	1.868687e+00	2.995556e-02
4.141414e+01	1.919192e+00	1.397398e-02
4.141414e+01	1.969697e+00	5.544825e-03
4.141414e+01	2.020202e+00	1.886931e-03
4.141414e+01	2.070707e+00	5.534709e-04
4.141414e+01	2.121212e+00	1.403438e-04
4.141414e+01	2.171717e+00	3.081459e-05
4.141414e+01	2.222222e+00	5.862536e-06
4.141414e+01	2.272727e+00	9.664864e-07
4.141414e+01	2.323232e+00	1.380008e-07
4.141414e+01	2.373737e+00	1.705295e-08
4.141414e+01	2.424242e+00	1.821423e-09
4.141414e+01	2.474747e+00	1.680031e-10
4.141414e+01	2.525253e+00	1.334120e-11
4.141414e+01	2.575758e+00	9.159659e-13
4.141414e+01	2.626263e+00	5.296470e-14
4.141414e+01	2.676768e+00	2.867792e-15
4.141414e+01	2.727273e+00	8.457167e-17
4.141414e+01	2.777778e+00	1.419432e-17
4.141414e+01	2.828283e+00	2.066535e-18
4.141414e+01	2.878788e+00	3.530427e-18
4.141414e+01	2.929293e+00	3.406402e-18
4.141414e+01	2.979798e+00	3.545476e-18
4.141414e+01	3.030303e+00	3.624852e-18
4.141414e+01	3.080808e+00	3.692207e-18
4.141414e+01	3.131313e+00	3.740215e-18
4.141414e+01	3.181818e+00	3.770592e-18
4.141414e+01	3.232323e+00	3.782686e-18
4.141414e+01	3.282828e+00	3.777480e-18
4.141414e+01	3.333333e+00	3.755065e-18
4.141414e+01	3.383838e+00	3.716160e-18
4.141414e+01	3.434343e+00	3.661580e-18
4.141414e+01	3.484848e+00	3.591748e-18
4.141414e+01	3.535354e+00	3.508077e-18
4.141414e+01	3.585859e+00	3.410889e-18
4.141414e+01	3.636364e+00	3.301822e-18
4.141414e+01	3.686869e+00	3.181439e-18
4.141414e+01	3.737374e+00	3.051202e-18
4.141414e+01	3.787879e+00	2.912198e-18
4.141414e+01	3.838384e+00	2.765473e-18
4.141414e+01	3.888889e+00	2.612618e-18
4.141414e+01	3.939394e+00	2.454426e-18
4.141414e+01	3.989899e+00	2.292640e-18
4.141414e+01	4.040404e+00	2.128089e-18
4.141414e+01	4.090909e+00	1.962396e-18
4.141414e+01	4.141414e+00	1.796543e-18
4.141414e+01	4.191919e+00	1.631918e-18
4.141414e+01	4.242424e+00	1.469653e-18
4.141414e+01	4.292929e+00	1.310920e-18
4.141414e+01	4.343434e+00	1.156867e-18
4.141414e+01	4.393939e+00	1.008555e-18
4.141414e+01	4.444444e+00	8.670093e-19
4.141414e+01	4.494949e+00	7.332401e-19
4.141414e+01	4.545455e+00	6.081037e-19
4.141414e+01	4.595960e+00	4.925309e-19
4.141414e+01	4.646465e+00	3.872394e-19
4.141414e+01	4.696970e+00	2.930316e-19
4.141414e+01	4.747475e+00	2.105458e-19
4.141414e+01	4.797980e+00	1.404647e-19
4.141414e+01	4.848485e+00	8.341852e-20
4.141414e+01	4.898990e+00	4.013008e-20
4.141414e+01	4.949495e+00	1.158551e-20
4.141414e+01	5.000000e+00	3.087034e-31
4.242424e+01	0.000000e+00	0.000000e+00
4.242424e+01	5.050505e-02	2.815192e-06
4.242424e+01	1.010101e-01	1.612603e-05
4.242424e+01	1.515152e-01	6.101612e-05
4.242424e+01	2.020202e-01	2.015382e-04
4.242424e+01	2.525253e-01	6.169552e-04
4.242424e+01	3.030303e-01	1.776621e-03
4.242424e+01	3.535354e-01	4.826171e-03
4.242424e+01	4.040404e-01	1.235755e-02
4.242424e+01	4.545455e-01	2.976304e-02
4.242424e+01	5.050505e-01	6.724768e-02
4.242424e+01	5.555556e-01	1.420998e-01
4.242424e+01	6.060606e-01	2.798448e-01
4.242424e+01	6.565657e-01	5.116168e-01
4.242424e+01	7.070707e-01	8.644300e-01
4.242424e+01	7.575758e-01	1.342799e+00
4.242424e+01	8.080808e-01	1.905912e+00
4.242424e+01	8.585859e-01	2.453161e+00
4.242424e+01	9.090909e-01	2.836205e+00
4.242424e+01	9.595960e-01	2.908506e+00
4.242424e+01	1.010101e+00	2.599550e+00
4.242424e+01	1.060606e+00	1.972318e+00
4.242424e+01	1.111111e+00	1.215850e+00
4.242424e+01	1.161616e+00	5.593348e-01
4.242424e+01	1.212121e+00	1.546023e-01
4.242424e+01	1.262626e+00	8.446032e-03
4.242424e+01	1.313131e+00	1.354047e-02
4.242424e+01	1.363636e+00	4.685598e-02
4.242424e+01	1.414141e+00	5.131319e-02
4.242424e+01	1.464646e+00	4.214750e-02
4.242424e+01	1.515152e+00	5.461466e-02
4.242424e+01	1.565657e+00	9.562771e-02
4.242424e+01	1.616162e+00	1.399072e-01
4.242424e+01	1.666667e+00	1.584916e-01
4.242424e+01	1.717172e+00	1.428900e-01
4.242424e+01	1.767677e+00	1.055724e-01
4.242424e+01	1.818182e+00	6.525511e-02
4.242424e+01	1.868687e+00	3.421046e-02
4.242424e+01	1.919192e+00	1.535060e-02
4.242424e+01	1.969697e+00	5.930737e-03
4.242424e+01	2.020202e+00	1.980558e-03
4.242424e+01	2.070707e+00	5.730634e-04
4.242424e+01	2.121212e+00	1.438589e-04
4.242424e+01	2.171717e+00	3.134998e-05
4.242424e+01	2.222222e+00	5.930594e-06
4.242424e+01	2.272727e+00	9.734739e-07
4.242424e+01	2.323232e+00	1.385355e-07
4.242424e+01	2.373737e+00	1.707503e-08
4.242424e+01	2.424242e+00	1.820120e-09
4.242424e+01	2.474747e+00	1.676300e-10
4.242424e+01	2.525253e+00	1.329353e-11
4.242424e+01	2.575758e+00	9.124064e-13
4.242424e+01	2.626263e+00	5.258304e-14
4.242424e+01	2.676768e+00	2.878668e-15
4.242424e+01	2.727273e+00	7.915008e-17
4.242424e+01	2.777778e+00	1.598478e-17
4.242424e+01	2.828283e+00	2.660268e-18
4.242424e+01	2.878788e+00	4.384559e-18
4.242424e+01	2.929293e+00	4.253375e-18
4.242424e+01	2.979798e+00	4.423700e-18
4.242424e+01	3.030303e+00	4.523382e-18
4.242424e+01	3.080808e+00	4.607520e-18
4.242424e+01	3.131313e+00	4.667580e-18
4.242424e+01	3.181818e+00	4.705614e-18
4.242424e+01	3.232323e+00	4.720820e-18
4.242424e+01	3.282828e+00	4.714441e-18
4.242424e+01	3.333333e+00	4.686534e-18
4.242424e+01	3.383838e+00	4.638114e-18
4.242424e+01	3.434343e+00	4.570006e-18
4.242424e+01	3.484848e+00	4.482997e-18
4.242424e+01	3.535354e+00	4.378541e-18
4.242424e+01	3.585859e+00	4.257388e-18
4.242424e+01	3.636364e+00	4.121207e-18
4.242424e+01	3.686869e+00	3.971073e-18
4.242424e+01	3.737374e+00	3.808491e-18
4.242424e+01	3.787879e+00	3.635063e-18
4.242424e+01	3.838384e+00	3.451922e-18
4.242424e+01	3.888889e+00	3.261160e-18
4.242424e+01	3.939394e+00	3.063725e-18
4.242424e+01	3.989899e+00	2.861783e-18
4.242424e+01	4.040404e+00	2.656417e-18
4.242424e+01	4.090909e+00	2.449582e-18
4.242424e+01	4.141414e+00	2.242582e-18
4.242424e+01	4.191919e+00	2.037077e-18
4.242424e+01	4.242424e+00	1.834548e-18
4.242424e+01	4.292929e+00	1.636394e-18
4.242424e+01	4.343434e+00	1.444107e-18
4.242424e+01	4.393939e+00	1.258965e-18
4.242424e+01	4.444444e+00	1.082283e-18
4.242424e+01	4.494949e+00	9.152944e-19
4.242424e+01	4.545455e+00	7.590929e-19
4.242424e+01	4.595960e+00	6.148228e-19
4.242424e+01	4.646465e+00	4.833868e-19
4.242424e+01	4.696970e+00	3.657870e-19
4.242424e+01	4.747475e+00	2.628184e-19
4.242424e+01	4.797980e+00	1.753378e-19
4.242424e+01	4.848485e+00	1.041273e-19
4.242424e+01	4.898990e+00	5.009177e-20
4.242424e+01	4.949495e+00	1.446052e-20
4.242424e+01	5.000000e+00	1.341009e-31
4.343434e+01	0.000000e+00	0.000000e+00
4.343434e+01	5.050505e-02	1.548550e-06
4.343434e+01	1.010101e-01	8.864099e-06
4.343434e+01	1.515152e-01	3.348151e-05
4.343434e+01	2.020202e-01	1.102687e-04
4.343434e+01	2.525253e-01	3.361414e-04
4.343434e+01	3.030303e-01	9.625944e-04
4.343434e+01	3.535354e-01	2.596594e-03
4.343434e+01	4.040404e-01	6.592071e-03
4.343434e+01	4.545455e-01	1.571641e-02
4.343434e+01	5.050505e-01	3.509201e-02
4.343434e+01	5.555556e-01	7.315391e-02
4.343434e+01	6.060606e-01	1.418942e-01
4.343434e+01	6.565657e-01	2.551524e-01
4.343434e+01	7.070707e-01	4.237124e-01
4.343434e+01	7.575758e-01	6.472901e-01
4.343434e+01	8.080808e-01	9.064954e-01
4.343434e+01	8.585859e-01	1.161151e+00
4.343434e+01	9.090909e-01	1.361358e+00
4.343434e+01	9.595960e-01	1.470835e+00
4.343434e+01	1.010101e+00	1.489829e+00
4.343434e+01	1.060606e+00	1.457239e+00
4.343434e+01	1.111111e+00	1.421278e+00
4.343434e+01	1.161616e+00	1.395068e+00
4.343434e+01	1.212121e+00	1.336186e+00
4.343434e+01	1.262626e+00	1.178211e+00
4.343434e+01	1.313131e+00	8.964160e-01
4.343434e+01	1.363636e+00	5.497320e-01
4.343434e+01	1.414141e+00	2.540746e-01
4.343434e+01	1.464646e+00	1.039861e-01
4.343434e+01	1.515152e+00	1.093414e-01
4.343434e+01	1.565657e+00	1.988962e-01
4.343434e+01	1.616162e+00	2.796793e-01
4.343434e+01	1.666667e+00	2.967685e-01
4.343434e+01	1.717172e+00	2.507021e-01
4.343434e+01	1.767677e+00	1.747506e-01
4.343434e+01	1.818182e+00	1.026857e-01
4.343434e+01	1.868687e+00	5.153382e-02
4.343434e+01	1.919192e+00	2.226768e-02
4.343434e+01	1.969697e+00	8.326096e-03
4.343434e+01	2.020202e+00	2.702199e-03
4.343434e+01	2.070707e+00	7.625190e-04
4.343434e+01	2.121212e+00	1.872340e-04
4.343434e+01	2.171717e+00	4.001024e-05
4.343434e+01	2.222222e+00	7.437798e-06
4.343434e+01	2.272727e+00	1.201921e-06
4.343434e+01	2.323232e+00	1.686573e-07
4.343434e+01	2.373737e+00	2.052514e-08
4.343434e+01	2.424242e+00	2.162933e-09
4.343434e+01	2.474747e+00	1.971061e-10
4.343434e+01	2.525253e+00	1.548941e-11
4.343434e+01	2.575758e+00	1.052086e-12
4.343434e+01	2.626263e+00	6.058621e-14
4.343434e+01	2.676768e+00	3.189689e-15
4.343434e+01	2.727273e+00	1.046675e-16
4.343434e+01	2.777778e+00	1.253170e-17
4.343434e+01	2.828283e+00	1.437041e-18
4.343434e+01	2.878788e+00	2.567826e-18
4.343434e+01	2.929293e+00	2.456616e-18
4.343434e+01	2.979798e+00	2.559964e-18
4.343434e+01	3.030303e+00	2.616814e-18
4.343434e+01	3.080808e+00	2.665444e-18
4.343434e+01	3.131313e+00	2.700055e-18
4.343434e+01	3.181818e+00	2.721956e-18
4.343434e+01	3.232323e+00	2.730640e-18
4.343434e+01	3.282828e+00	2.726870e-18
4.343434e+01	3.333333e+00	2.710644e-18
4.343434e+01	3.383838e+00	2.682551e-18
4.343434e+01	3.434343e+00	2.643118e-18
4.343434e+01	3.484848e+00	2.592696e-18
4.343434e+01	3.535354e+00	2.532280e-18
4.343434e+01	3.585859e+00	2.462104e-18
4.343434e+01	3.636364e+00	2.383372e-18
4.343434e+01	3.686869e+00	2.296449e-18
4.343434e+01	3.737374e+00	2.202444e-18
4.343434e+01	3.787879e+00	2.102084e-18
4.343434e+01	3.838384e+00	1.996177e-18
4.343434e+01	3.888889e+00	1.885829e-18
4.343434e+01	3.939394e+00	1.771641e-18
4.343434e+01	3.989899e+00	1.654856e-18
4.343434e+01	4.040404e+00	1.536074e-18
4.343434e+01	4.090909e+00	1.416477e-18
4.343434e+01	4.141414e+00	1.296753e-18
4.343434e+01	4.191919e+00	1.177931e-18
4.343434e+01	4.242424e+00	1.060799e-18
4.343434e+01	4.292929e+00	9.462285e-19
4.343434e+01	4.343434e+00	8.350274e-19
4.343434e+01	4.393939e+00	7.279775e-19
4.343434e+01	4.444444e+00	6.258072e-19
4.343434e+01	4.494949e+00	5.292531e-19
4.343434e+01	4.545455e+00	4.389301e-19
4.343434e+01	4.595960e+00	3.555085e-19
4.343434e+01	4.646465e+00	2.795110e-19
4.343434e+01	4.696970e+00	2.115100e-19
4.343434e+01	4.747475e+00	1.519736e-19
4.343434e+01	4.797980e+00	1.013882e-19
4.343434e+01	4.848485e+00	6.021283e-20
4.343434e+01	4.898990e+00	2.896657e-20
4.343434e+01	4.949495e+00	8.362939e-21
4.343434e+01	5.000000e+00	3.355465e-31
4.444444e+01	0.000000e+00	0.000000e+00
4.444444e+01	5.050505e-02	4.183080e-07
4.444444e+01	1.010101e-01	2.385745e-06
4.444444e+01	1.515152e-01	8.932137e-06
4.444444e+01	2.020202e-01	2.897344e-05
4.444444e+01	2.525253e-01	8.636106e-05
4.444444e+01	3.030303e-01	2.398290e-04
4.444444e+01	3.535354e-01	6.213499e-04
4.444444e+01	4.040404e-01	1.497603e-03
4.444444e+01	4.545455e-01	3.341595e-03
4.444444e+01	5.050505e-01	6.856958e-03
4.444444e+01	5.555556e-01	1.282709e-02
4.444444e+01	6.060606e-01	2.161702e-02
4.444444e+01	6.565657e-01	3.227393e-02
4.444444e+01	7.070707e-01	4.163679e-02
4.444444e+01	7.575758e-01	4.467885e-02
4.444444e+01	8.080808e-01	3.790103e-02
4.444444e+01	8.585859e-01	2.666398e-02
4.444444e+01	9.090909e-01	3.370887e-02
4.444444e+01	9.595960e-01	1.008571e-01
4.444444e+01	1.010101e+00	2.740756e-01
4.444444e+01	1.060606e+00	5.703938e-01
4.444444e+01	1.111111e+00	9.436278e-01
4.444444e+01	1.161616e+00	1.280684e+00
4.444444e+01	1.212121e+00	1.450174e+00
4.444444e+01	1.262626e+00	1.384970e+00
4.444444e+01	1.313131e+00	1.139404e+00
4.444444e+01	1.363636e+00	8.658285e-01
4.444444e+01	1.414141e+00	7.159702e-01
4.444444e+01	1.464646e+00	7.403882e-01
4.444444e+01	1.515152e+00	8.655007e-01
4.444444e+01	1.565657e+00	9.608602e-01
4.444444e+01	1.616162e+00	9.343042e-01
4.444444e+01	1.666667e+00	7.804238e-01
4.444444e+01	1.717172e+00	5.602718e-01
4.444444e+01	1.767677e+00	3.473365e-01
4.444444e+01	1.818182e+00	1.868016e-01
4.444444e+01	1.868687e+00	8.745884e-02
4.444444e+01	1.919192e+00	3.573066e-02
4.444444e+01	1.969697e+00	1.275561e-02
4.444444e+01	2.020202e+00	3.981684e-03
4.444444e+01	2.070707e+00	1.086839e-03
4.444444e+01	2.121212e+00	2.593145e-04
4.444444e+01	2.171717e+00	5.404127e-05
4.444444e+01	2.222222e+00	9.826807e-06
4.444444e+01	2.272727e+00	1.557186e-06
4.444444e+01	2.323232e+00	2.147233e-07
4.444444e+01	2.373737e+00	2.572421e-08
4.444444e+01	2.424242e+00	2.672755e-09
4.444444e+01	2.474747e+00	2.404423e-10
4.444444e+01	2.525253e+00	1.868087e-11
4.444444e+01	2.575758e+00	1.254008e-12
4.444444e+01	2.626263e+00	7.185348e-14
4.444444e+01	2.676768e+00	3.668949e-15
4.444444e+01	2.727273e+00	1.334074e-16
4.444444e+01	2.777778e+00	1.001132e-17
4.444444e+01	2.828283e+00	2.653485e-19
4.444444e+01	2.878788e+00	9.241202e-19
4.444444e+01	2.929293e+00	8.188445e-19
4.444444e+01	2.979798e+00	8.630112e-19
4.444444e+01	3.030303e+00	8.806595e-19
4.444444e+01	3.080808e+00	8.970103e-19
4.444444e+01	3.131313e+00	9.084726e-19
4.444444e+01	3.181818e+00	9.157177e-19
4.444444e+01	3.232323e+00	9.184685e-19
4.444444e+01	3.282828e+00	9.171251e-19
4.444444e+01	3.333333e+00	9.115172e-19
4.444444e+01	3.383838e+00	9.019960e-19
4.444444e+01	3.434343e+00	8.886386e-19
4.444444e+01	3.484848e+00	8.715933e-19
4.444444e+01	3.535354e+00	8.512405e-19
4.444444e+01	3.585859e+00	8.275372e-19
4.444444e+01	3.636364e+00	8.010806e-19
4.444444e+01	3.686869e+00	7.717489e-19
4.444444e+01	3.737374e+00	7.401739e-19
4.444444e+01	3.787879e+00	7.063540e-19
4.444444e+01	3.838384e+00	6.707723e-19
4.444444e+01	3.888889e+00	6.336393e-19
4.444444e+01	3.939394e+00	5.952565e-19
4.444444e+01	3.989899e+00	5.559987e-19
4.444444e+01	4.040404e+00	5.160595e-19
4.444444e+01	4.090909e+00	4.758848e-19
4.444444e+01	4.141414e+00	4.356273e-19
4.444444e+01	4.191919e+00	3.957253e-19
4.444444e+01	4.242424e+00	3.563442e-19
4.444444e+01	4.292929e+00	3.178718e-19
4.444444e+01	4.343434e+00	2.804960e-19
4.444444e+01	4.393939e+00	2.445449e-19
4.444444e+01	4.444444e+00	2.102139e-19
4.444444e+01	4.494949e+00	1.777840e-19
4.444444e+01	4.545455e+00	1.474427e-19
4.444444e+01	4.595960e+00	1.194179e-19
4.444444e+01	4.646465e+00	9.389542e-20
4.444444e+01	4.696970e+00	7.104870e-20
4.444444e+01	4.747475e+00	5.105575e-20
4.444444e+01	4.797980e+00	3.406050e-20
4.444444e+01	4.848485e+00	2.023110e-20
4.444444e+01	4.898990e+00	9.732887e-21
4.444444e+01	4.949495e+00	2.811207e-21
4.444444e+01	5.000000e+00	3.647625e-31
4.545455e+01	0.000000e+00	0.000000e+00
4.545455e+01	5.050505e-02	5.527243e-07
4.545455e+01	1.010101e-01	3.158784e-06
4.545455e+01	1.515152e-01	1.188507e-05
4.545455e+01	2.020202e-01	3.888337e-05
4.545455e+01	2.525253e-01	1.173868e-04
4.545455e+01	3.030303e-01	3.317935e-04
4.545455e+01	3.535354e-01	8.801045e-04
4.545455e+01	4.040404e-01	2.187885e-03
4.545455e+01	4.545455e-01	5.083031e-03
4.545455e+01	5.050505e-01	1.099739e-02
4.545455e+01	5.555556e-01	2.206615e-02
4.545455e+01	6.060606e-01	4.086748e-02
4.545455e+01	6.565657e-01	6.948694e-02
4.545455e+01	7.070707e-01	1.078105e-01
4.545455e+01	7.575758e-01	1.516129e-01
4.545455e+01	8.080808e-01	1.919180e-01
4.545455e+01	8.585859e-01	2.173943e-01
4.545455e+01	9.090909e-01	2.200487e-01
4.545455e+01	9.595960e-01	2.011540e-01
4.545455e+01	1.010101e+00	1.718146e-01
4.545455e+01	1.060606e+00	1.451537e-01
4.545455e+01	1.111111e+00	1.257460e-01
4.545455e+01	1.161616e+00	1.093137e-01
4.545455e+01	1.212121e+00	1.000749e-01
4.545455e+01	1.262626e+00	1.328937e-01
4.545455e+01	1.313131e+00	2.713150e-01
4.545455e+01	1.363636e+00	5.654900e-01
4.545455e+01	1.414141e+00	9.941785e-01
4.545455e+01	1.464646e+00	1.443637e+00
4.545455e+01	1.515152e+00	1.755055e+00
4.545455e+01	1.565657e+00	1.813262e+00
4.545455e+01	1.616162e+00	1.610374e+00
4.545455e+01	1.666667e+00	1.239325e+00
4.545455e+01	1.717172e+00	8.310494e-01
4.545455e+01	1.767677e+00	4.873494e-01
4.545455e+01	1.818182e+00	2.505151e-01
4.545455e+01	1.868687e+00	1.130283e-01
4.545455e+01	1.919192e+00	4.478785e-02
4.545455e+01	1.969697e+00	1.558726e-02
4.545455e+01	2.020202e+00	4.762593e-03
4.545455e+01	2.070707e+00	1.276617e-03
4.545455e+01	2.121212e+00	2.999040e-04
4.545455e+01	2.171717e+00	6.166996e-05
4.545455e+01	2.222222e+00	1.108464e-05
4.545455e+01	2.272727e+00	1.738799e-06
4.545455e+01	2.323232e+00	2.376416e-07
4.545455e+01	2.373737e+00	2.824695e-08
4.545455e+01	2.424242e+00	2.914450e-09
4.545455e+01	2.474747e+00	2.605613e-10
4.545455e+01	2.525253e+00	2.013062e-11
4.545455e+01	2.575758e+00	1.344791e-12
4.545455e+01	2.626263e+00	7.665206e-14
4.545455e+01	2.676768e+00	3.910785e-15
4.545455e+01	2.727273e+00	1.391292e-16
4.545455e+01	2.777778e+00	1.109187e-17
4.545455e+01	2.828283e+00	2.907973e-19
4.545455e+01	2.878788e+00	1.080644e-18
4.545455e+01	2.929293e+00	9.585660e-19
4.545455e+01	2.979798e+00	1.010267e-18
4.545455e+01	3.030303e+00	1.031056e-18
4.545455e+01	3.080808e+00	1.050284e-18
4.545455e+01	3.131313e+00	1.063794e-18
4.545455e+01	3.181818e+00	1.072363e-18
4.545455e+01	3.232323e+00	1.075639e-18
4.545455e+01	3.282828e+00	1.074160e-18
4.545455e+01	3.333333e+00	1.067609e-18
4.545455e+01	3.383838e+00	1.056571e-18
4.545455e+01	3.434343e+00	1.040903e-18
4.545455e+01	3.484848e+00	1.021057e-18
4.545455e+01	3.535354e+00	9.971746e-19
4.545455e+01	3.585859e+00	9.695219e-19
4.545455e+01	3.636364e+00	9.384807e-19
4.545455e+01	3.686869e+00	9.042048e-19
4.545455e+01	3.737374e+00	8.671953e-19
4.545455e+01	3.787879e+00	8.276171e-19
4.545455e+01	3.838384e+00	7.859326e-19
4.545455e+01	3.888889e+00	7.424418e-19
4.545455e+01	3.939394e+00	6.974888e-19
4.545455e+01	3.989899e+00	6.514900e-19
4.545455e+01	4.040404e+00	6.047146e-19
4.545455e+01	4.090909e+00	5.576329e-19
4.545455e+01	4.141414e+00	5.104769e-19
4.545455e+01	4.191919e+00	4.637159e-19
4.545455e+01	4.242424e+00	4.175802e-19
4.545455e+01	4.292929e+00	3.724921e-19
4.545455e+01	4.343434e+00	3.287012e-19
4.545455e+01	4.393939e+00	2.865694e-19
4.545455e+01	4.444444e+00	2.463434e-19
4.545455e+01	4.494949e+00	2.083352e-19
4.545455e+01	4.545455e+00	1.727846e-19
4.545455e+01	4.595960e+00	1.399411e-19
4.545455e+01	4.646465e+00	1.100329e-19
4.545455e+01	4.696970e+00	8.325713e-20
4.545455e+01	4.747475e+00	5.982802e-20
4.545455e+01	4.797980e+00	3.991193e-20
4.545455e+01	4.848485e+00	2.370625e-20
4.545455e+01	4.898990e+00	1.140418e-20
4.545455e+01	4.949495e+00	3.293425e-21
4.545455e+01	5.000000e+00	1.445207e-31
4.646465e+01	0.000000e+00	0.000000e+00
4.646465e+01	5.050505e-02	8.158439e-07
4.646465e+01	1.010101e-01	4.662637e-06
4.646465e+01	1.515152e-01	1.754447e-05
4.646465e+01	2.020202e-01	5.740274e-05
4.646465e+01	2.525253e-01	1.732976e-04
4.646465e+01	3.030303e-01	4.897457e-04
4.646465e+01	3.535354e-01	1.298403e-03
4.646465e+01	4.040404e-01	3.223958e-03
4.646465e+01	4.545455e-01	7.473054e-03
4.646465e+01	5.050505e-01	1.610244e-02
4.646465e+01	5.555556e-01	3.208411e-02
4.646465e+01	6.060606e-01	5.873010e-02
4.646465e+01	6.565657e-01	9.794350e-02
4.646465e+01	7.070707e-01	1.471559e-01
4.646465e+01	7.575758e-01	1.960484e-01
4.646465e+01	8.080808e-01	2.259962e-01
4.646465e+01	8.585859e-01	2.161153e-01
4.646465e+01	9.090909e-01	1.573423e-01
4.646465e+01	9.595960e-01	6.900059e-02
4.646465e+01	1.010101e+00	4.480170e-03
4.646465e+01	1.060606e+00	3.282099e-02
4.646465e+01	1.111111e+00	1.979915e-01
4.646465e+01	1.161616e+00	4.808325e-01
4.646465e+01	1.212121e+00	7.980202e-01
4.646465e+01	1.262626e+00	1.049610e+00
4.646465e+01	1.313131e+00	1.183475e+00
4.646465e+01	1.363636e+00	1.222697e+00
4.646465e+01	1.414141e+00	1.230761e+00
4.646465e+01	1.464646e+00	1.247074e+00
4.646465e+01	1.515152e+00	1.252983e+00
4.646465e+01	1.565657e+00	1.196053e+00
4.646465e+01	1.616162e+00	1.043297e+00
4.646465e+01	1.666667e+00	8.122167e-01
4.646465e+01	1.717172e+00	5.579290e-01
4.646465e+01	1.767677e+00	3.365775e-01
4.646465e+01	1.818182e+00	1.780296e-01
4.646465e+01	1.868687e+00	8.253306e-02
4.646465e+01	1.919192e+00	3.353216e-02
4.646465e+01	1.969697e+00	1.193819e-02
4.646465e+01	2.020202e+00	3.723201e-03
4.646465e+01	2.070707e+00	1.016593e-03
4.646465e+01	2.121212e+00	2.428165e-04
4.646465e+01	2.171717e+00	5.068296e-05
4.646465e+01	2.222222e+00	9.233513e-06
4.646465e+01	2.272727e+00	1.466190e-06
4.646465e+01	2.323232e+00	2.026109e-07
4.646465e+01	2.373737e+00	2.432616e-08
4.646465e+01	2.424242e+00	2.532959e-09
4.646465e+01	2.474747e+00	2.283597e-10
4.646465e+01	2.525253e+00	1.777664e-11
4.646465e+01	2.575758e+00	1.196318e-12
4.646465e+01	2.626263e+00	6.852771e-14
4.646465e+01	2.676768e+00	3.541286e-15
4.646465e+01	2.727273e+00	1.223020e-16
4.646465e+01	2.777778e+00	1.138494e-17
4.646465e+01	2.828283e+00	6.246678e-19
4.646465e+01	2.878788e+00	1.538459e-18
4.646465e+01	2.929293e+00	1.417380e-18
4.646465e+01	2.979798e+00	1.485232e-18
4.646465e+01	3.030303e+00	1.516953e-18
4.646465e+01	3.080808e+00	1.545143e-18
4.646465e+01	3.131313e+00	1.565063e-18
4.646465e+01	3.181818e+00	1.577666e-18
4.646465e+01	3.232323e+00	1.582563e-18
4.646465e+01	3.282828e+00	1.580328e-18
4.646465e+01	3.333333e+00	1.570800e-18
4.646465e+01	3.383838e+00	1.554474e-18
4.646465e+01	3.434343e+00	1.531537e-18
4.646465e+01	3.484848e+00	1.502260e-18
4.646465e+01	3.535354e+00	1.467212e-18
4.646465e+01	3.585859e+00	1.426473e-18
4.646465e+01	3.636364e+00	1.380856e-18
4.646465e+01	3.686869e+00	1.330410e-18
4.646465e+01	3.737374e+00	1.275961e-18
4.646465e+01	3.787879e+00	1.217748e-18
4.646465e+01	3.838384e+00	1.156401e-18
4.646465e+01	3.888889e+00	1.092433e-18
4.646465e+01	3.939394e+00	1.026276e-18
4.646465e+01	3.989899e+00	9.586087e-19
4.646465e+01	4.040404e+00	8.897794e-19
4.646465e+01	4.090909e+00	8.205056e-19
4.646465e+01	4.141414e+00	7.511279e-19
4.646465e+01	4.191919e+00	6.823135e-19
4.646465e+01	4.242424e+00	6.144408e-19
4.646465e+01	4.292929e+00	5.480902e-19
4.646465e+01	4.343434e+00	4.836632e-19
4.646465e+01	4.393939e+00	4.216646e-19
4.646465e+01	4.444444e+00	3.624773e-19
4.646465e+01	4.494949e+00	3.065539e-19
4.646465e+01	4.545455e+00	2.542373e-19
4.646465e+01	4.595960e+00	2.059156e-19
4.646465e+01	4.646465e+00	1.619016e-19
4.646465e+01	4.696970e+00	1.225101e-19
4.646465e+01	4.747475e+00	8.803064e-20
4.646465e+01	4.797980e+00	5.872808e-20
4.646465e+01	4.848485e+00	3.488024e-20
4.646465e+01	4.898990e+00	1.678001e-20
4.646465e+01	4.949495e+00	4.845519e-21
4.646465e+01	5.000000e+00	2.774609e-31
4.747475e+01	0.000000e+00	0.000000e+00
4.747475e+01	5.050505e-02	1.590903e-06
4.747475e+01	1.010101e-01	9.102108e-06
4.747475e+01	1.515152e-01	3.433988e-05
4.747475e+01	2.020202e-01	1.128650e-04
4.747475e+01	2.525253e-01	3.430131e-04
4.747475e+01	3.030303e-01	9.781688e-04
4.747475e+01	3.535354e-01	2.623977e-03
4.747475e+01	4.040404e-01	6.613525e-03
4.747475e+01	4.545455e-01	1.562080e-02
4.747475e+01	5.050505e-01	3.446046e-02
4.747475e+01	5.555556e-01	7.072493e-02
4.747475e+01	6.060606e-01	1.344194e-01
4.747475e+01	6.565657e-01	2.353155e-01
4.747475e+01	7.070707e-01	3.770257e-01
4.747475e+01	7.575758e-01	5.486878e-01
4.747475e+01	8.080808e-01	7.188286e-01
4.747475e+01	8.585859e-01	8.394117e-01
4.747475e+01	9.090909e-01	8.666720e-01
4.747475e+01	9.595960e-01	7.948993e-01
4.747475e+01	1.010101e+00	6.827101e-01
4.747475e+01	1.060606e+00	6.424542e-01
4.747475e+01	1.111111e+00	7.794505e-01
4.747475e+01	1.161616e+00	1.108820e+00
4.747475e+01	1.212121e+00	1.513115e+00
4.747475e+01	1.262626e+00	1.791174e+00
4.747475e+01	1.313131e+00	1.780544e+00
4.747475e+01	1.363636e+00	1.466029e+00
4.747475e+01	1.414141e+00	9.875254e-01
4.747475e+01	1.464646e+00	5.415920e-01
4.747475e+01	1.515152e+00	2.590280e-01
4.747475e+01	1.565657e+00	1.507215e-01
4.747475e+01	1.616162e+00	1.438159e-01
4.747475e+01	1.666667e+00	1.561688e-01
4.747475e+01	1.717172e+00	1.453393e-01
4.747475e+01	1.767677e+00	1.107592e-01
4.747475e+01	1.818182e+00	6.990354e-02
4.747475e+01	1.868687e+00	3.710710e-02
4.747475e+01	1.919192e+00	1.676233e-02
4.747475e+01	1.969697e+00	6.495159e-03
4.747475e+01	2.020202e+00	2.170134e-03
4.747475e+01	2.070707e+00	6.272617e-04
4.747475e+01	2.121212e+00	1.571484e-04
4.747475e+01	2.171717e+00	3.415724e-05
4.747475e+01	2.222222e+00	6.442735e-06
4.747475e+01	2.272727e+00	1.054262e-06
4.747475e+01	2.323232e+00	1.495593e-07
4.747475e+01	2.373737e+00	1.837567e-08
4.747475e+01	2.424242e+00	1.952775e-09
4.747475e+01	2.474747e+00	1.792928e-10
4.747475e+01	2.525253e+00	1.418217e-11
4.747475e+01	2.575758e+00	9.694332e-13
4.747475e+01	2.626263e+00	5.603411e-14
4.747475e+01	2.676768e+00	2.985676e-15
4.747475e+01	2.727273e+00	9.449019e-17
4.747475e+01	2.777778e+00	1.271683e-17
4.747475e+01	2.828283e+00	1.495422e-18
4.747475e+01	2.878788e+00	2.716683e-18
4.747475e+01	2.929293e+00	2.597808e-18
4.747475e+01	2.979798e+00	2.707315e-18
4.747475e+01	3.030303e+00	2.767329e-18
4.747475e+01	3.080808e+00	2.818704e-18
4.747475e+01	3.131313e+00	2.855247e-18
4.747475e+01	3.181818e+00	2.878353e-18
4.747475e+01	3.232323e+00	2.887499e-18
4.747475e+01	3.282828e+00	2.883454e-18
4.747475e+01	3.333333e+00	2.866282e-18
4.747475e+01	3.383838e+00	2.836506e-18
4.747475e+01	3.434343e+00	2.794821e-18
4.747475e+01	3.484848e+00	2.741430e-18
4.747475e+01	3.535354e+00	2.677571e-18
4.747475e+01	3.585859e+00	2.603298e-18
4.747475e+01	3.636364e+00	2.520078e-18
4.747475e+01	3.686869e+00	2.428115e-18
4.747475e+01	3.737374e+00	2.328729e-18
4.747475e+01	3.787879e+00	2.222585e-18
4.747475e+01	3.838384e+00	2.110604e-18
4.747475e+01	3.888889e+00	1.993918e-18
4.747475e+01	3.939394e+00	1.873173e-18
4.747475e+01	3.989899e+00	1.749694e-18
4.747475e+01	4.040404e+00	1.624090e-18
4.747475e+01	4.090909e+00	1.497643e-18
4.747475e+01	4.141414e+00	1.371048e-18
4.747475e+01	4.191919e+00	1.245420e-18
4.747475e+01	4.242424e+00	1.121569e-18
4.747475e+01	4.292929e+00	1.000439e-18
4.747475e+01	4.343434e+00	8.828621e-19
4.747475e+01	4.393939e+00	7.696814e-19
4.747475e+01	4.444444e+00	6.616549e-19
4.747475e+01	4.494949e+00	5.595728e-19
4.747475e+01	4.545455e+00	4.640725e-19
4.747475e+01	4.595960e+00	3.758735e-19
4.747475e+01	4.646465e+00	2.955223e-19
4.747475e+01	4.696970e+00	2.236275e-19
4.747475e+01	4.747475e+00	1.606808e-19
4.747475e+01	4.797980e+00	1.071975e-19
4.747475e+01	4.848485e+00	6.366327e-20
4.747475e+01	4.898990e+00	3.062681e-20
4.747475e+01	4.949495e+00	8.842602e-21
4.747475e+01	5.000000e+00	3.975789e-31
4.848485e+01	0.000000e+00	0.000000e+00
4.848485e+01	5.050505e-02	2.751955e-06
4.848485e+01	1.010101e-01	1.576197e-05
4.848485e+01	1.515152e-01	5.962203e-05
4.848485e+01	2.020202e-01	1.968397e-04
4.848485e+01	2.525253e-01	6.021523e-04
4.848485e+01	3.030303e-01	1.732363e-03
4.848485e+01	3.535354e-01	4.700226e-03
4.848485e+01	4.040404e-01	1.201665e-02
4.848485e+01	4.545455e-01	2.888708e-02
4.848485e+01	5.050505e-01	6.511631e-02
4.848485e+01	5.555556e-01	1.372032e-01
4.848485e+01	6.060606e-01	2.692584e-01
4.848485e+01	6.565657e-01	4.901576e-01
4.848485e+01	7.070707e-01	8.238208e-01
4.848485e+01	7.575758e-01	1.271418e+00
4.848485e+01	8.080808e-01	1.790084e+00
4.848485e+01	8.585859e-01	2.281039e+00
4.848485e+01	9.090909e-01	2.604532e+00
4.848485e+01	9.595960e-01	2.630763e+00
4.848485e+01	1.010101e+00	2.311537e+00
4.848485e+01	1.060606e+00	1.729856e+00
4.848485e+01	1.111111e+00	1.081111e+00
4.848485e+01	1.161616e+00	5.781214e-01
4.848485e+01	1.212121e+00	3.340854e-01
4.848485e+01	1.262626e+00	3.081673e-01
4.848485e+01	1.313131e+00	3.574536e-01
4.848485e+01	1.363636e+00	3.523472e-01
4.848485e+01	1.414141e+00	2.603187e-01
4.848485e+01	1.464646e+00	1.381036e-01
4.848485e+01	1.515152e+00	5.843805e-02
4.848485e+01	1.565657e+00	4.689561e-02
4.848485e+01	1.616162e+00	7.629473e-02
4.848485e+01	1.666667e+00	1.037501e-01
4.848485e+01	1.717172e+00	1.055692e-01
4.848485e+01	1.767677e+00	8.426857e-02
4.848485e+01	1.818182e+00	5.483061e-02
4.848485e+01	1.868687e+00	2.978656e-02
4.848485e+01	1.919192e+00	1.371237e-02
4.848485e+01	1.969697e+00	5.399654e-03
4.848485e+01	2.020202e+00	1.829613e-03
4.848485e+01	2.070707e+00	5.354340e-04
4.848485e+01	2.121212e+00	1.356333e-04
4.848485e+01	2.171717e+00	2.977453e-05
4.848485e+01	2.222222e+00	5.666514e-06
4.848485e+01	2.272727e+00	9.347873e-07
4.848485e+01	2.323232e+00	1.335902e-07
4.848485e+01	2.373737e+00	1.652441e-08
4.848485e+01	2.424242e+00	1.766819e-09
4.848485e+01	2.474747e+00	1.631524e-10
4.848485e+01	2.525253e+00	1.296799e-11
4.848485e+01	2.575758e+00	8.919115e-13
4.848485e+01	2.626263e+00	5.148076e-14
4.848485e+01	2.676768e+00	2.825397e-15
4.848485e+01	2.727273e+00	7.733912e-17
4.848485e+01	2.777778e+00	1.579852e-17
4.848485e+01	2.828283e+00	2.609188e-18
4.848485e+01	2.878788e+00	4.320949e-18
4.848485e+01	2.929293e+00	4.189444e-18
4.848485e+01	2.979798e+00	4.357534e-18
4.848485e+01	3.030303e+00	4.455643e-18
4.848485e+01	3.080808e+00	4.538499e-18
4.848485e+01	3.131313e+00	4.597631e-18
4.848485e+01	3.181818e+00	4.635070e-18
4.848485e+01	3.232323e+00	4.650028e-18
4.848485e+01	3.282828e+00	4.643718e-18
4.848485e+01	3.333333e+00	4.616220e-18
4.848485e+01	3.383838e+00	4.568496e-18
4.848485e+01	3.434343e+00	4.501412e-18
4.848485e+01	3.484848e+00	4.415677e-18
4.848485e+01	3.535354e+00	4.312797e-18
4.848485e+01	3.585859e+00	4.193431e-18
4.848485e+01	3.636364e+00	4.059307e-18
4.848485e+01	3.686869e+00	3.911403e-18
4.848485e+01	3.737374e+00	3.751268e-18
4.848485e+01	3.787879e+00	3.580432e-18
4.848485e+01	3.838384e+00	3.400041e-18
4.848485e+01	3.888889e+00	3.212140e-18
4.848485e+01	3.939394e+00	3.017667e-18
4.848485e+01	3.989899e+00	2.818761e-18
4.848485e+01	4.040404e+00	2.616475e-18
4.848485e+01	4.090909e+00	2.412751e-18
4.848485e+01	4.141414e+00	2.208858e-18
4.848485e+01	4.191919e+00	2.006445e-18
4.848485e+01	4.242424e+00	1.806957e-18
4.848485e+01	4.292929e+00	1.611785e-18
4.848485e+01	4.343434e+00	1.422388e-18
4.848485e+01	4.393939e+00	1.240031e-18
4.848485e+01	4.444444e+00	1.066005e-18
4.848485e+01	4.494949e+00	9.015289e-19
4.848485e+01	4.545455e+00	7.476754e-19
4.848485e+01	4.595960e+00	6.055757e-19
4.848485e+01	4.646465e+00	4.761165e-19
4.848485e+01	4.696970e+00	3.602859e-19
4.848485e+01	4.747475e+00	2.588663e-19
4.848485e+01	4.797980e+00	1.727013e-19
4.848485e+01	4.848485e+00	1.025618e-19
4.848485e+01	4.898990e+00	4.933881e-20
4.848485e+01	4.949495e+00	1.424333e-20
4.848485e+01	5.000000e+00	1.734038e-31
4.949495e+01	0.000000e+00	0.000000e+00
4.949495e+01	5.050505e-02	2.242589e-06
4.949495e+01	1.010101e-01	1.284371e-05
4.949495e+01	1.515152e-01	4.857570e-05
4.949495e+01	2.020202e-01	1.603296e-04
4.949495e+01	2.525253e-01	4.902914e-04
4.949495e+01	3.030303e-01	1.409933e-03
4.949495e+01	3.535354e-01	3.823541e-03
4.949495e+01	4.040404e-01	9.770362e-03
4.949495e+01	4.545455e-01	2.347633e-02
4.949495e+01	5.050505e-01	5.290224e-02
4.949495e+01	5.555556e-01	1.114615e-01
4.949495e+01	6.060606e-01	2.188341e-01
4.949495e+01	6.565657e-01	3.988547e-01
4.949495e+01	7.070707e-01	6.720606e-01
4.949495e+01	7.575758e-01	1.041992e+00
4.949495e+01	8.080808e-01	1.478782e+00
4.949495e+01	8.585859e-01	1.909776e+00
4.949495e+01	9.090909e-01	2.230055e+00
4.949495e+01	9.595960e-01	2.339072e+00
4.949495e+01	1.010101e+00	2.191500e+00
4.949495e+01	1.060606e+00	1.831344e+00
4.949495e+01	1.111111e+00	1.378201e+00
4.949495e+01	1.161616e+00	9.642934e-01
4.949495e+01	1.212121e+00	6.628740e-01
4.949495e+01	1.262626e+00	4.630429e-01
4.949495e+01	1.313131e+00	3.098583e-01
4.949495e+01	1.363636e+00	1.699975e-01
4.949495e+01	1.414141e+00	6.104754e-02
4.949495e+01	1.464646e+00	2.222042e-02
4.949495e+01	1.515152e+00	6.380817e-02
4.949495e+01	1.565657e+00	1.485539e-01
4.949495e+01	1.616162e+00	2.187038e-01
4.949495e+01	1.666667e+00	2.368262e-01
4.949495e+01	1.717172e+00	2.033645e-01
4.949495e+01	1.767677e+00	1.439244e-01
4.949495e+01	1.818182e+00	8.578383e-02
4.949495e+01	1.868687e+00	4.362274e-02
4.949495e+01	1.919192e+00	1.907877e-02
4.949495e+01	1.969697e+00	7.212935e-03
4.949495e+01	2.020202e+00	2.364562e-03
4.949495e+01	2.070707e+00	6.733625e-04
4.949495e+01	2.121212e+00	1.667198e-04
4.949495e+01	2.171717e+00	3.589655e-05
4.949495e+01	2.222222e+00	6.719139e-06
4.949495e+01	2.272727e+00	1.092629e-06
4.949495e+01	2.323232e+00	1.542037e-07
4.949495e+01	2.373737e+00	1.886527e-08
4.949495e+01	2.424242e+00	1.997610e-09
4.949495e+01	2.474747e+00	1.828616e-10
4.949495e+01	2.525253e+00	1.442596e-11
4.949495e+01	2.575758e+00	9.843825e-13
4.949495e+01	2.626263e+00	5.668601e-14
4.949495e+01	2.676768e+00	3.041216e-15
4.949495e+01	2.727273e+00	9.173542e-17
4.949495e+01	2.777778e+00	1.441706e-17
4.949495e+01	2.828283e+00	2.105193e-18
4.949495e+01	2.878788e+00	3.553423e-18
4.949495e+01	2.929293e+00	3.432025e-18
4.949495e+01	2.979798e+00	3.571637e-18
4.949495e+01	3.030303e+00	3.651761e-18
4.949495e+01	3.080808e+00	3.719673e-18
4.949495e+01	3.131313e+00	3.768107e-18
4.949495e+01	3.181818e+00	3.798773e-18
4.949495e+01	3.232323e+00	3.811003e-18
4.949495e+01	3.282828e+00	3.805825e-18
4.949495e+01	3.333333e+00	3.783260e-18
4.949495e+01	3.383838e+00	3.744142e-18
4.949495e+01	3.434343e+00	3.689142e-18
4.949495e+01	3.484848e+00	3.618869e-18
4.949495e+01	3.535354e+00	3.534542e-18
4.949495e+01	3.585859e+00	3.436703e-18
4.949495e+01	3.636364e+00	3.326780e-18
4.949495e+01	3.686869e+00	3.205550e-18
4.949495e+01	3.737374e+00	3.074315e-18
4.949495e+01	3.787879e+00	2.934294e-18
4.949495e+01	3.838384e+00	2.786459e-18
4.949495e+01	3.888889e+00	2.632458e-18
4.949495e+01	3.939394e+00	2.473079e-18
4.949495e+01	3.989899e+00	2.310065e-18
4.949495e+01	4.040404e+00	2.144281e-18
4.949495e+01	4.090909e+00	1.977324e-18
4.949495e+01	4.141414e+00	1.810222e-18
4.949495e+01	4.191919e+00	1.644341e-18
4.949495e+01	4.242424e+00	1.480850e-18
4.949495e+01	4.292929e+00	1.320904e-18
4.949495e+01	4.343434e+00	1.165684e-18
4.949495e+01	4.393939e+00	1.016239e-18
4.949495e+01	4.444444e+00	8.736185e-19
4.949495e+01	4.494949e+00	7.388265e-19
4.949495e+01	4.545455e+00	6.127398e-19
4.949495e+01	4.595960e+00	4.962847e-19
4.949495e+01	4.646465e+00	3.901908e-19
4.949495e+01	4.696970e+00	2.952635e-19
4.949495e+01	4.747475e+00	2.121487e-19
4.949495e+01	4.797980e+00	1.415336e-19
4.949495e+01	4.848485e+00	8.405285e-20
4.949495e+01	4.898990e+00	4.043486e-20
4.949495e+01	4.949495e+00	1.167310e-20
4.949495e+01	5.000000e+00	2.172237e-31
5.050505e+01	0.000000e+00	0.000000e+00
5.050505e+01	5.050505e-02	7.128826e-07
5.050505e+01	1.010101e-01	4.073661e-06
5.050505e+01	1.515152e-01	1.532353e-05
5.050505e+01	2.020202e-01	5.011148e-05
5.050505e+01	2.525253e-01	1.511894e-04
5.050505e+01	3.030303e-01	4.269711e-04
5.050505e+01	3.535354e-01	1.131294e-03
5.050505e+01	4.040404e-01	2.808273e-03
5.050505e+01	4.545455e-01	6.512687e-03
5.050505e+01	5.050505e-01	1.406059e-02
5.050505e+01	5.555556e-01	2.814674e-02
5.050505e+01	6.060606e-01	5.201897e-02
5.050505e+01	6.565657e-01	8.837681e-02
5.050505e+01	7.070707e-01	1.375465e-01
5.050505e+01	7.575758e-01	1.959699e-01
5.050505e+01	8.080808e-01	2.572436e-01
5.050505e+01	8.585859e-01	3.179301e-01
5.050505e+01	9.090909e-01	3.872840e-01
5.050505e+01	9.595960e-01	4.939023e-01
5.050505e+01	1.010101e+00	6.777680e-01
5.050505e+01	1.060606e+00	9.613015e-01
5.050505e+01	1.111111e+00	1.311283e+00
5.050505e+01	1.161616e+00	1.623443e+00
5.050505e+01	1.212121e+00	1.759540e+00
5.050505e+01	1.262626e+00	1.630079e+00
5.050505e+01	1.313131e+00	1.267680e+00
5.050505e+01	1.363636e+00	8.257205e-01
5.050505e+01	1.414141e+00	4.893279e-01
5.050505e+01	1.464646e+00	3.614206e-01
5.050505e+01	1.515152e+00	4.114427e-01
5.050505e+01	1.565657e+00	5.200737e-01
5.050505e+01	1.616162e+00	5.726723e-01
5.050505e+01	1.666667e+00	5.247885e-01
5.050505e+01	1.717172e+00	4.029759e-01
5.050505e+01	1.767677e+00	2.626047e-01
5.050505e+01	1.818182e+00	1.467133e-01
5.050505e+01	1.868687e+00	7.077177e-02
5.050505e+01	1.919192e+00	2.961499e-02
5.050505e+01	1.969697e+00	1.078218e-02
5.050505e+01	2.020202e+00	3.421265e-03
5.050505e+01	2.070707e+00	9.468981e-04
5.050505e+01	2.121212e+00	2.286220e-04
5.050505e+01	2.171717e+00	4.813677e-05
5.050505e+01	2.222222e+00	8.832001e-06
5.050505e+01	2.272727e+00	1.410641e-06
5.050505e+01	2.323232e+00	1.958824e-07
5.050505e+01	2.373737e+00	2.361407e-08
5.050505e+01	2.424242e+00	2.467281e-09
5.050505e+01	2.474747e+00	2.230847e-10
5.050505e+01	2.525253e+00	1.741067e-11
5.050505e+01	2.575758e+00	1.173884e-12
5.050505e+01	2.626263e+00	6.744965e-14
5.050505e+01	2.676768e+00	3.472203e-15
5.050505e+01	2.727273e+00	1.238129e-16
5.050505e+01	2.777778e+00	1.046475e-17
5.050505e+01	2.828283e+00	5.996479e-19
5.050505e+01	2.878788e+00	1.360163e-18
5.050505e+01	2.929293e+00	1.257687e-18
5.050505e+01	2.979798e+00	1.317042e-18
5.050505e+01	3.030303e+00	1.345253e-18
5.050505e+01	3.080808e+00	1.370222e-18
5.050505e+01	3.131313e+00	1.387871e-18
5.050505e+01	3.181818e+00	1.399025e-18
5.050505e+01	3.232323e+00	1.403362e-18
5.050505e+01	3.282828e+00	1.401352e-18
5.050505e+01	3.333333e+00	1.392910e-18
5.050505e+01	3.383838e+00	1.378397e-18
5.050505e+01	3.434343e+00	1.358075e-18
5.050505e+01	3.484848e+00	1.332076e-18
5.050505e+01	3.535354e+00	1.301017e-18
5.050505e+01	3.585859e+00	1.264860e-18
5.050505e+01	3.636364e+00	1.224428e-18
5.050505e+01	3.686869e+00	1.179675e-18
5.050505e+01	3.737374e+00	1.131399e-18
5.050505e+01	3.787879e+00	1.079772e-18
5.050505e+01	3.838384e+00	1.025374e-18
5.050505e+01	3.888889e+00	9.686521e-19
5.050505e+01	3.939394e+00	9.099846e-19
5.050505e+01	3.989899e+00	8.499860e-19
5.050505e+01	4.040404e+00	7.889501e-19
5.050505e+01	4.090909e+00	7.275278e-19
5.050505e+01	4.141414e+00	6.660085e-19
5.050505e+01	4.191919e+00	6.049922e-19
5.050505e+01	4.242424e+00	5.448094e-19
5.050505e+01	4.292929e+00	4.859784e-19
5.050505e+01	4.343434e+00	4.288515e-19
5.050505e+01	4.393939e+00	3.738791e-19
5.050505e+01	4.444444e+00	3.213983e-19
5.050505e+01	4.494949e+00	2.718140e-19
5.050505e+01	4.545455e+00	2.254244e-19
5.050505e+01	4.595960e+00	1.825799e-19
5.050505e+01	4.646465e+00	1.435532e-19
5.050505e+01	4.696970e+00	1.086272e-19
5.050505e+01	4.747475e+00	7.805469e-20
5.050505e+01	4.797980e+00	5.207317e-20
5.050505e+01	4.848485e+00	3.092761e-20
5.050505e+01	4.898990e+00	1.487868e-20
5.050505e+01	4.949495e+00	4.296558e-21
5.050505e+01	5.000000e+00	4.112191e-31
5.151515e+01	0.000000e+00	0.000000e+00
5.151515e+01	5.050505e-02	4.036591e-07
5.151515e+01	1.010101e-01	2.303823e-06
5.151515e+01	1.515152e-01	8.640313e-06
5.151515e+01	2.020202e-01	2.811124e-05
5.151515e+01	2.525253e-01	8.417230e-05
5.151515e+01	3.030303e-01	2.352527e-04
5.151515e+01	3.535354e-01	6.148611e-04
5.151515e+01	4.040404e-01	1.499673e-03
5.151515e+01	4.545455e-01	3.400622e-03
5.151515e+01	5.050505e-01	7.134319e-03
5.151515e+01	5.555556e-01	1.376595e-02
5.151515e+01	6.060606e-01	2.425621e-02
5.151515e+01	6.565657e-01	3.870041e-02
5.151515e+01	7.070707e-01	5.537349e-02
5.151515e+01	7.575758e-01	7.041896e-02
5.151515e+01	8.080808e-01	7.954089e-02
5.151515e+01	8.585859e-01	8.250602e-02
5.151515e+01	9.090909e-01	8.876383e-02
5.151515e+01	9.595960e-01	1.188893e-01
5.151515e+01	1.010101e+00	1.956006e-01
5.151515e+01	1.060606e+00	3.243664e-01
5.151515e+01	1.111111e+00	4.762210e-01
5.151515e+01	1.161616e+00	5.933335e-01
5.151515e+01	1.212121e+00	6.265592e-01
5.151515e+01	1.262626e+00	5.839107e-01
5.151515e+01	1.313131e+00	5.456188e-01
5.151515e+01	1.363636e+00	6.174091e-01
5.151515e+01	1.414141e+00	8.470754e-01
5.151515e+01	1.464646e+00	1.172118e+00
5.151515e+01	1.515152e+00	1.448517e+00
5.151515e+01	1.565657e+00	1.541942e+00
5.151515e+01	1.616162e+00	1.409133e+00
5.151515e+01	1.666667e+00	1.110805e+00
5.151515e+01	1.717172e+00	7.594400e-01
5.151515e+01	1.767677e+00	4.522973e-01
5.151515e+01	1.818182e+00	2.353868e-01
5.151515e+01	1.868687e+00	1.072611e-01
5.151515e+01	1.919192e+00	4.284470e-02
5.151515e+01	1.969697e+00	1.500870e-02
5.151515e+01	2.020202e+00	4.610473e-03
5.151515e+01	2.070707e+00	1.241334e-03
5.151515e+01	2.121212e+00	2.926946e-04
5.151515e+01	2.171717e+00	6.037421e-05
5.151515e+01	2.222222e+00	1.088015e-05
5.151515e+01	2.272727e+00	1.710512e-06
5.151515e+01	2.323232e+00	2.342189e-07
5.151515e+01	2.373737e+00	2.788536e-08
5.151515e+01	2.424242e+00	2.881184e-09
5.151515e+01	2.474747e+00	2.578973e-10
5.151515e+01	2.525253e+00	1.994661e-11
5.151515e+01	2.575758e+00	1.333516e-12
5.151515e+01	2.626263e+00	7.612274e-14
5.151515e+01	2.676768e+00	3.874367e-15
5.151515e+01	2.727273e+00	1.402176e-16
5.151515e+01	2.777778e+00	1.044079e-17
5.151515e+01	2.828283e+00	1.799478e-19
5.151515e+01	2.878788e+00	8.704713e-19
5.151515e+01	2.929293e+00	7.563093e-19
5.151515e+01	2.979798e+00	7.996097e-19
5.151515e+01	3.030303e+00	8.156600e-19
5.151515e+01	3.080808e+00	8.308568e-19
5.151515e+01	3.131313e+00	8.414851e-19
5.151515e+01	3.181818e+00	8.482211e-19
5.151515e+01	3.232323e+00	8.507619e-19
5.151515e+01	3.282828e+00	8.495612e-19
5.151515e+01	3.333333e+00	8.443391e-19
5.151515e+01	3.383838e+00	8.355763e-19
5.151515e+01	3.434343e+00	8.231626e-19
5.151515e+01	3.484848e+00	8.074295e-19
5.151515e+01	3.535354e+00	7.885377e-19
5.151515e+01	3.585859e+00	7.666274e-19
5.151515e+01	3.636364e+00	7.420895e-19
5.151515e+01	3.686869e+00	7.149458e-19
5.151515e+01	3.737374e+00	6.856889e-19
5.151515e+01	3.787879e+00	6.543652e-19
5.151515e+01	3.838384e+00	6.214076e-19
5.151515e+01	3.888889e+00	5.870054e-19
5.151515e+01	3.939394e+00	5.514571e-19
5.151515e+01	3.989899e+00	5.150840e-19
5.151515e+01	4.040404e+00	4.780913e-19
5.151515e+01	4.090909e+00	4.408702e-19
5.151515e+01	4.141414e+00	4.035772e-19
5.151515e+01	4.191919e+00	3.666127e-19
5.151515e+01	4.242424e+00	3.301286e-19
5.151515e+01	4.292929e+00	2.944872e-19
5.151515e+01	4.343434e+00	2.598608e-19
5.151515e+01	4.393939e+00	2.265552e-19
5.151515e+01	4.444444e+00	1.947503e-19
5.151515e+01	4.494949e+00	1.647039e-19
5.151515e+01	4.545455e+00	1.365979e-19
5.151515e+01	4.595960e+00	1.106325e-19
5.151515e+01	4.646465e+00	8.698952e-20
5.151515e+01	4.696970e+00	6.582066e-20
5.151515e+01	4.747475e+00	4.729993e-20
5.151515e+01	4.797980e+00	3.155414e-20
5.151515e+01	4.848485e+00	1.874288e-20
5.151515e+01	4.898990e+00	9.016638e-21
5.151515e+01	4.949495e+00	2.604303e-21
5.151515e+01	5.000000e+00	2.279095e-31
5.252525e+01	0.000000e+00	0.000000e+00
5.252525e+01	5.050505e-02	7.394969e-07
5.252525e+01	1.010101e-01	4.227673e-06
5.252525e+01	1.515152e-01	1.592036e-05
5.252525e+01	2.020202e-01	5.216037e-05
5.252525e+01	2.525253e-01	1.577955e-04
5.252525e+01	3.030303e-01	4.472223e-04
5.252525e+01	3.535354e-01	1.190295e-03
5.252525e+01	4.040404e-01	2.970919e-03
5.252525e+01	4.545455e-01	6.934194e-03
5.252525e+01	5.050505e-01	1.507935e-02
5.252525e+01	5.555556e-01	3.041946e-02
5.252525e+01	6.060606e-01	5.663017e-02
5.252525e+01	6.565657e-01	9.668348e-02
5.252525e+01	7.070707e-01	1.502101e-01
5.252525e+01	7.575758e-01	2.102680e-01
5.252525e+01	8.080808e-01	2.616917e-01
5.252525e+01	8.585859e-01	2.841426e-01
5.252525e+01	9.090909e-01	2.615052e-01
5.252525e+01	9.595960e-01	1.944400e-01
5.252525e+01	1.010101e+00	1.073324e-01
5.252525e+01	1.060606e+00	4.078128e-02
5.252525e+01	1.111111e+00	3.053706e-02
5.252525e+01	1.161616e+00	8.801343e-02
5.252525e+01	1.212121e+00	2.010032e-01
5.252525e+01	1.262626e+00	3.561135e-01
5.252525e+01	1.313131e+00	5.592518e-01
5.252525e+01	1.363636e+00	8.263735e-01
5.252525e+01	1.414141e+00	1.146232e+00
5.252525e+01	1.464646e+00	1.452652e+00
5.252525e+01	1.515152e+00	1.643172e+00
5.252525e+01	1.565657e+00	1.637959e+00
5.252525e+01	1.616162e+00	1.431680e+00
5.252525e+01	1.666667e+00	1.096104e+00
5.252525e+01	1.717172e+00	7.354393e-01
5.252525e+01	1.767677e+00	4.328421e-01
5.252525e+01	1.818182e+00	2.236385e-01
5.252525e+01	1.868687e+00	1.014863e-01
5.252525e+01	1.919192e+00	4.045434e-02
5.252525e+01	1.969697e+00	1.416188e-02
5.252525e+01	2.020202e+00	4.351520e-03
5.252525e+01	2.070707e+00	1.172665e-03
5.252525e+01	2.121212e+00	2.768651e-04
5.252525e+01	2.171717e+00	5.719878e-05
5.252525e+01	2.222222e+00	1.032571e-05
5.252525e+01	2.272727e+00	1.626290e-06
5.252525e+01	2.323232e+00	2.230975e-07
5.252525e+01	2.373737e+00	2.661032e-08
5.252525e+01	2.424242e+00	2.754423e-09
5.252525e+01	2.474747e+00	2.469945e-10
5.252525e+01	2.525253e+00	1.913445e-11
5.252525e+01	2.575758e+00	1.281824e-12
5.252525e+01	2.626263e+00	7.317017e-14
5.252525e+01	2.676768e+00	3.757589e-15
5.252525e+01	2.727273e+00	1.310104e-16
5.252525e+01	2.777778e+00	1.150216e-17
5.252525e+01	2.828283e+00	4.943120e-19
5.252525e+01	2.878788e+00	1.382356e-18
5.252525e+01	2.929293e+00	1.257617e-18
5.252525e+01	2.979798e+00	1.320354e-18
5.252525e+01	3.030303e+00	1.348240e-18
5.252525e+01	3.080808e+00	1.373345e-18
5.252525e+01	3.131313e+00	1.391057e-18
5.252525e+01	3.181818e+00	1.402280e-18
5.252525e+01	3.232323e+00	1.406623e-18
5.252525e+01	3.282828e+00	1.404676e-18
5.252525e+01	3.333333e+00	1.396178e-18
5.252525e+01	3.383838e+00	1.381719e-18
5.252525e+01	3.434343e+00	1.361292e-18
5.252525e+01	3.484848e+00	1.335320e-18
5.252525e+01	3.535354e+00	1.304131e-18
5.252525e+01	3.585859e+00	1.267962e-18
5.252525e+01	3.636364e+00	1.227387e-18
5.252525e+01	3.686869e+00	1.182573e-18
5.252525e+01	3.737374e+00	1.134169e-18
5.252525e+01	3.787879e+00	1.082429e-18
5.252525e+01	3.838384e+00	1.027905e-18
5.252525e+01	3.888889e+00	9.710418e-19
5.252525e+01	3.939394e+00	9.122445e-19
5.252525e+01	3.989899e+00	8.520919e-19
5.252525e+01	4.040404e+00	7.909171e-19
5.252525e+01	4.090909e+00	7.293382e-19
5.252525e+01	4.141414e+00	6.676708e-19
5.252525e+01	4.191919e+00	6.065043e-19
5.252525e+01	4.242424e+00	5.461720e-19
5.252525e+01	4.292929e+00	4.871943e-19
5.252525e+01	4.343434e+00	4.299249e-19
5.252525e+01	4.393939e+00	3.748156e-19
5.252525e+01	4.444444e+00	3.222047e-19
5.252525e+01	4.494949e+00	2.724927e-19
5.252525e+01	4.545455e+00	2.259918e-19
5.252525e+01	4.595960e+00	1.830367e-19
5.252525e+01	4.646465e+00	1.439149e-19
5.252525e+01	4.696970e+00	1.088973e-19
5.252525e+01	4.747475e+00	7.825012e-20
5.252525e+01	4.797980e+00	5.220244e-20
5.252525e+01	4.848485e+00	3.100501e-20
5.252525e+01	4.898990e+00	1.491547e-20
5.252525e+01	4.949495e+00	4.307100e-21
5.252525e+01	5.000000e+00	1.700633e-31
5.353535e+01	0.000000e+00	0.000000e+00
5.353535e+01	5.050505e-02	1.157992e-06
5.353535e+01	1.010101e-01	6.620720e-06
5.353535e+01	1.515152e-01	2.493665e-05
5.353535e+01	2.020202e-01	8.172517e-05
5.353535e+01	2.525253e-01	2.473303e-04
5.353535e+01	3.030303e-01	7.012743e-04
5.353535e+01	3.535354e-01	1.867137e-03
5.353535e+01	4.040404e-01	4.661051e-03
5.353535e+01	4.545455e-01	1.087638e-02
5.353535e+01	5.050505e-01	2.362936e-02
5.353535e+01	5.555556e-01	4.756421e-02
5.353535e+01	6.060606e-01	8.818578e-02
5.353535e+01	6.565657e-01	1.494860e-01
5.353535e+01	7.070707e-01	2.294867e-01
5.353535e+01	7.575758e-01	3.150245e-01
5.353535e+01	8.080808e-01	3.798861e-01
5.353535e+01	8.585859e-01	3.922836e-01
5.353535e+01	9.090909e-01	3.349158e-01
5.353535e+01	9.595960e-01	2.310474e-01
5.353535e+01	1.010101e+00	1.572608e-01
5.353535e+01	1.060606e+00	2.204107e-01
5.353535e+01	1.111111e+00	4.953445e-01
5.353535e+01	1.161616e+00	9.562437e-01
5.353535e+01	1.212121e+00	1.457951e+00
5.353535e+01	1.262626e+00	1.800899e+00
5.353535e+01	1.313131e+00	1.848096e+00
5.353535e+01	1.363636e+00	1.609506e+00
5.353535e+01	1.414141e+00	1.226380e+00
5.353535e+01	1.464646e+00	8.695227e-01
5.353535e+01	1.515152e+00	6.356476e-01
5.353535e+01	1.565657e+00	5.173733e-01
5.353535e+01	1.616162e+00	4.498721e-01
5.353535e+01	1.666667e+00	3.771468e-01
5.353535e+01	1.717172e+00	2.842161e-01
5.353535e+01	1.767677e+00	1.870583e-01
5.353535e+01	1.818182e+00	1.066524e-01
5.353535e+01	1.868687e+00	5.265038e-02
5.353535e+01	1.919192e+00	2.254041e-02
5.353535e+01	1.969697e+00	8.383408e-03
5.353535e+01	2.020202e+00	2.712441e-03
5.353535e+01	2.070707e+00	7.640501e-04
5.353535e+01	2.121212e+00	1.874210e-04
5.353535e+01	2.171717e+00	4.002833e-05
5.353535e+01	2.222222e+00	7.439156e-06
5.353535e+01	2.272727e+00	1.202016e-06
5.353535e+01	2.323232e+00	1.686697e-07
5.353535e+01	2.373737e+00	2.052764e-08
5.353535e+01	2.424242e+00	2.163371e-09
5.353535e+01	2.474747e+00	1.971622e-10
5.353535e+01	2.525253e+00	1.549580e-11
5.353535e+01	2.575758e+00	1.052473e-12
5.353535e+01	2.626263e+00	6.064909e-14
5.353535e+01	2.676768e+00	3.184519e-15
5.353535e+01	2.727273e+00	1.058057e-16
5.353535e+01	2.777778e+00	1.181841e-17
5.353535e+01	2.828283e+00	1.038167e-18
5.353535e+01	2.878788e+00	2.088064e-18
5.353535e+01	2.929293e+00	1.969821e-18
5.353535e+01	2.979798e+00	2.056885e-18
5.353535e+01	3.030303e+00	2.101840e-18
5.353535e+01	3.080808e+00	2.140846e-18
5.353535e+01	3.131313e+00	2.168516e-18
5.353535e+01	3.181818e+00	2.186005e-18
5.353535e+01	3.232323e+00	2.192876e-18
5.353535e+01	3.282828e+00	2.189764e-18
5.353535e+01	3.333333e+00	2.176659e-18
5.353535e+01	3.383838e+00	2.154005e-18
5.353535e+01	3.434343e+00	2.122312e-18
5.353535e+01	3.484848e+00	2.081718e-18
5.353535e+01	3.535354e+00	2.033213e-18
5.353535e+01	3.585859e+00	1.976756e-18
5.353535e+01	3.636364e+00	1.913571e-18
5.353535e+01	3.686869e+00	1.843685e-18
5.353535e+01	3.737374e+00	1.768229e-18
5.353535e+01	3.787879e+00	1.687591e-18
5.353535e+01	3.838384e+00	1.602566e-18
5.353535e+01	3.888889e+00	1.513944e-18
5.353535e+01	3.939394e+00	1.422256e-18
5.353535e+01	3.989899e+00	1.328493e-18
5.353535e+01	4.040404e+00	1.233111e-18
5.353535e+01	4.090909e+00	1.137107e-18
5.353535e+01	4.141414e+00	1.040972e-18
5.353535e+01	4.191919e+00	9.455949e-19
5.353535e+01	4.242424e+00	8.515464e-19
5.353535e+01	4.292929e+00	7.595848e-19
5.353535e+01	4.343434e+00	6.703059e-19
5.353535e+01	4.393939e+00	5.843780e-19
5.353535e+01	4.444444e+00	5.023548e-19
5.353535e+01	4.494949e+00	4.248518e-19
5.353535e+01	4.545455e+00	3.523433e-19
5.353535e+01	4.595960e+00	2.853781e-19
5.353535e+01	4.646465e+00	2.243746e-19
5.353535e+01	4.696970e+00	1.697875e-19
5.353535e+01	4.747475e+00	1.219983e-19
5.353535e+01	4.797980e+00	8.139028e-20
5.353535e+01	4.848485e+00	4.833800e-20
5.353535e+01	4.898990e+00	2.325439e-20
5.353535e+01	4.949495e+00	6.714584e-21
5.353535e+01	5.000000e+00	3.943227e-31
5.454545e+01	0.000000e+00	0.000000e+00
5.454545e+01	5.050505e-02	2.327872e-06
5.454545e+01	1.010101e-01	1.332839e-05
5.454545e+01	1.515152e-01	5.037437e-05
5.454545e+01	2.020202e-01	1.660711e-04
5.454545e+01	2.525253e-01	5.069693e-04
5.454545e+01	3.030303e-01	1.454442e-03
5.454545e+01	3.535354e-01	3.931992e-03
5.454545e+01	4.040404e-01	1.000745e-02
5.454545e+01	4.545455e-01	2.392448e-02
5.454545e+01	5.050505e-01	5.356833e-02
5.454545e+01	5.555556e-01	1.119572e-01
5.454545e+01	6.060606e-01	2.175711e-01
5.454545e+01	6.565657e-01	3.914210e-01
5.454545e+01	7.070707e-01	6.485951e-01
5.454545e+01	7.575758e-01	9.840348e-01
5.454545e+01	8.080808e-01	1.357401e+00
5.454545e+01	8.585859e-01	1.688359e+00
5.454545e+01	9.090909e-01	1.875568e+00
5.454545e+01	9.595960e-01	1.842831e+00
5.454545e+01	1.010101e+00	1.593573e+00
5.454545e+01	1.060606e+00	1.234309e+00
5.454545e+01	1.111111e+00	9.332413e-01
5.454545e+01	1.161616e+00	8.226270e-01
5.454545e+01	1.212121e+00	9.076920e-01
5.454545e+01	1.262626e+00	1.057745e+00
5.454545e+01	1.313131e+00	1.098445e+00
5.454545e+01	1.363636e+00	9.377330e-01
5.454545e+01	1.414141e+00	6.245165e-01
5.454545e+01	1.464646e+00	2.977856e-01
5.454545e+01	1.515152e+00	7.935012e-02
5.454545e+01	1.565657e+00	2.202506e-03
5.454545e+01	1.616162e+00	1.877927e-02
5.454545e+01	1.666667e+00	5.881304e-02
5.454545e+01	1.717172e+00	7.841629e-02
5.454545e+01	1.767677e+00	7.074323e-02
5.454545e+01	1.818182e+00	4.914013e-02
5.454545e+01	1.868687e+00	2.774504e-02
5.454545e+01	1.919192e+00	1.308676e-02
5.454545e+01	1.969697e+00	5.236599e-03
5.454545e+01	2.020202e+00	1.793885e-03
5.454545e+01	2.070707e+00	5.290122e-04
5.454545e+01	2.121212e+00	1.347396e-04
5.454545e+01	2.171717e+00	2.969513e-05
5.454545e+01	2.222222e+00	5.667659e-06
5.454545e+01	2.272727e+00	9.369454e-07
5.454545e+01	2.323232e+00	1.341056e-07
5.454545e+01	2.373737e+00	1.660683e-08
5.454545e+01	2.424242e+00	1.777099e-09
5.454545e+01	2.474747e+00	1.641924e-10
5.454545e+01	2.525253e+00	1.305737e-11
5.454545e+01	2.575758e+00	8.979110e-13
5.454545e+01	2.626263e+00	5.193125e-14
5.454545e+01	2.676768e+00	2.827435e-15
5.454545e+01	2.727273e+00	8.130047e-17
5.454545e+01	2.777778e+00	1.462253e-17
5.454545e+01	2.828283e+00	2.214396e-18
5.454545e+01	2.878788e+00	3.752971e-18
5.454545e+01	2.929293e+00	3.626178e-18
5.454545e+01	2.979798e+00	3.773493e-18
5.454545e+01	3.030303e+00	3.858101e-18
5.454545e+01	3.080808e+00	3.929798e-18
5.454545e+01	3.131313e+00	3.980918e-18
5.454545e+01	3.181818e+00	4.013267e-18
5.454545e+01	3.232323e+00	4.026158e-18
5.454545e+01	3.282828e+00	4.020632e-18
5.454545e+01	3.333333e+00	3.996787e-18
5.454545e+01	3.383838e+00	3.955393e-18
5.454545e+01	3.434343e+00	3.897305e-18
5.454545e+01	3.484848e+00	3.822995e-18
5.454545e+01	3.535354e+00	3.733938e-18
5.454545e+01	3.585859e+00	3.630512e-18
5.454545e+01	3.636364e+00	3.514417e-18
5.454545e+01	3.686869e+00	3.386300e-18
5.454545e+01	3.737374e+00	3.247674e-18
5.454545e+01	3.787879e+00	3.099731e-18
5.454545e+01	3.838384e+00	2.943557e-18
5.454545e+01	3.888889e+00	2.780864e-18
5.454545e+01	3.939394e+00	2.612489e-18
5.454545e+01	3.989899e+00	2.440285e-18
5.454545e+01	4.040404e+00	2.265142e-18
5.454545e+01	4.090909e+00	2.088777e-18
5.454545e+01	4.141414e+00	1.912247e-18
5.454545e+01	4.191919e+00	1.737018e-18
5.454545e+01	4.242424e+00	1.564306e-18
5.454545e+01	4.292929e+00	1.395349e-18
5.454545e+01	4.343434e+00	1.231377e-18
5.454545e+01	4.393939e+00	1.073511e-18
5.454545e+01	4.444444e+00	9.228502e-19
5.454545e+01	4.494949e+00	7.804647e-19
5.454545e+01	4.545455e+00	6.472694e-19
5.454545e+01	4.595960e+00	5.242529e-19
5.454545e+01	4.646465e+00	4.121796e-19
5.454545e+01	4.696970e+00	3.119044e-19
5.454545e+01	4.747475e+00	2.241055e-19
5.454545e+01	4.797980e+00	1.495111e-19
5.454545e+01	4.848485e+00	8.879063e-20
5.454545e+01	4.898990e+00	4.271436e-20
5.454545e+01	4.949495e+00	1.233145e-20
5.454545e+01	5.000000e+00	2.841602e-31
5.555556e+01	0.000000e+00	0.000000e+00
5.555556e+01	5.050505e-02	2.711920e-06
5.555556e+01	1.010101e-01	1.553427e-05
5.555556e+01	1.515152e-01	5.877539e-05
5.555556e+01	2.020202e-01	1.941277e-04
5.555556e+01	2.525253e-01	5.942302e-04
5.555556e+01	3.030303e-01	1.711036e-03
5.555556e+01	3.535354e-01	4.647548e-03
5.555556e+01	4.040404e-01	1.189887e-02
5.555556e+01	4.545455e-01	2.865504e-02
5.555556e+01	5.050505e-01	6.473724e-02
5.555556e+01	5.555556e-01	1.367831e-01
5.555556e+01	6.060606e-01	2.693627e-01
5.555556e+01	6.565657e-01	4.924704e-01
5.555556e+01	7.070707e-01	8.322178e-01
5.555556e+01	7.575758e-01	1.293249e+00
5.555556e+01	8.080808e-01	1.836902e+00
5.555556e+01	8.585859e-01	2.367343e+00
5.555556e+01	9.090909e-01	2.742959e+00
5.555556e+01	9.595960e-01	2.823374e+00
5.555556e+01	1.010101e+00	2.539819e+00
5.555556e+01	1.060606e+00	1.949605e+00
5.555556e+01	1.111111e+00	1.229307e+00
5.555556e+01	1.161616e+00	5.943445e-01
5.555556e+01	1.212121e+00	1.893858e-01
5.555556e+01	1.262626e+00	2.569692e-02
5.555556e+01	1.313131e+00	9.829118e-03
5.555556e+01	1.363636e+00	3.333679e-02
5.555556e+01	1.414141e+00	4.535921e-02
5.555556e+01	1.464646e+00	5.611215e-02
5.555556e+01	1.515152e+00	8.941420e-02
5.555556e+01	1.565657e+00	1.423342e-01
5.555556e+01	1.616162e+00	1.864583e-01
5.555556e+01	1.666667e+00	1.960427e-01
5.555556e+01	1.717172e+00	1.683206e-01
5.555556e+01	1.767677e+00	1.203057e-01
5.555556e+01	1.818182e+00	7.263520e-02
5.555556e+01	1.868687e+00	3.742664e-02
5.555556e+01	1.919192e+00	1.657444e-02
5.555556e+01	1.969697e+00	6.338200e-03
5.555556e+01	2.020202e+00	2.099365e-03
5.555556e+01	2.070707e+00	6.034063e-04
5.555556e+01	2.121212e+00	1.506443e-04
5.555556e+01	2.171717e+00	3.267754e-05
5.555556e+01	2.222222e+00	6.157597e-06
5.555556e+01	2.272727e+00	1.007353e-06
5.555556e+01	2.323232e+00	1.429419e-07
5.555556e+01	2.373737e+00	1.757365e-08
5.555556e+01	2.424242e+00	1.869126e-09
5.555556e+01	2.474747e+00	1.718038e-10
5.555556e+01	2.525253e+00	1.360147e-11
5.555556e+01	2.575758e+00	9.319108e-13
5.555556e+01	2.626263e+00	5.367500e-14
5.555556e+01	2.676768e+00	2.924706e-15
5.555556e+01	2.727273e+00	8.202513e-17
5.555556e+01	2.777778e+00	1.572986e-17
5.555556e+01	2.828283e+00	2.555335e-18
5.555556e+01	2.878788e+00	4.230746e-18
5.555556e+01	2.929293e+00	4.100906e-18
5.555556e+01	2.979798e+00	4.265603e-18
5.555556e+01	3.030303e+00	4.361651e-18
5.555556e+01	3.080808e+00	4.442783e-18
5.555556e+01	3.131313e+00	4.500690e-18
5.555556e+01	3.181818e+00	4.537361e-18
5.555556e+01	3.232323e+00	4.552016e-18
5.555556e+01	3.282828e+00	4.545865e-18
5.555556e+01	3.333333e+00	4.518949e-18
5.555556e+01	3.383838e+00	4.472261e-18
5.555556e+01	3.434343e+00	4.406582e-18
5.555556e+01	3.484848e+00	4.322685e-18
5.555556e+01	3.535354e+00	4.221960e-18
5.555556e+01	3.585859e+00	4.105139e-18
5.555556e+01	3.636364e+00	3.973826e-18
5.555556e+01	3.686869e+00	3.829059e-18
5.555556e+01	3.737374e+00	3.672291e-18
5.555556e+01	3.787879e+00	3.505063e-18
5.555556e+01	3.838384e+00	3.328471e-18
5.555556e+01	3.888889e+00	3.144529e-18
5.555556e+01	3.939394e+00	2.954155e-18
5.555556e+01	3.989899e+00	2.759435e-18
5.555556e+01	4.040404e+00	2.561413e-18
5.555556e+01	4.090909e+00	2.361975e-18
5.555556e+01	4.141414e+00	2.162377e-18
5.555556e+01	4.191919e+00	1.964222e-18
5.555556e+01	4.242424e+00	1.768935e-18
5.555556e+01	4.292929e+00	1.577869e-18
5.555556e+01	4.343434e+00	1.392459e-18
5.555556e+01	4.393939e+00	1.213938e-18
5.555556e+01	4.444444e+00	1.043575e-18
5.555556e+01	4.494949e+00	8.825588e-19
5.555556e+01	4.545455e+00	7.319440e-19
5.555556e+01	4.595960e+00	5.928336e-19
5.555556e+01	4.646465e+00	4.660987e-19
5.555556e+01	4.696970e+00	3.527045e-19
5.555556e+01	4.747475e+00	2.534189e-19
5.555556e+01	4.797980e+00	1.690669e-19
5.555556e+01	4.848485e+00	1.004033e-19
5.555556e+01	4.898990e+00	4.830032e-20
5.555556e+01	4.949495e+00	1.394341e-20
5.555556e+01	5.000000e+00	1.389386e-31
5.656566e+01	0.000000e+00	0.000000e+00
5.656566e+01	5.050505e-02	1.301408e-06
5.656566e+01	1.010101e-01	7.447779e-06
5.656566e+01	1.515152e-01	2.811678e-05
5.656566e+01	2.020202e-01	9.251684e-05
5.656566e+01	2.525253e-01	2.816600e-04
5.656566e+01	3.030303e-01	8.051929e-04
5.656566e+01	3.535354e-01	2.167327e-03
5.656566e+01	4.040404e-01	5.487932e-03
5.656566e+01	4.545455e-01	1.304384e-02
5.656566e+01	5.050505e-01	2.902203e-02
5.656566e+01	5.555556e-01	6.026206e-02
5.656566e+01	6.060606e-01	1.163920e-01
5.656566e+01	6.565657e-01	2.083877e-01
5.656566e+01	7.070707e-01	3.446760e-01
5.656566e+01	7.575758e-01	5.250737e-01
5.656566e+01	8.080808e-01	7.352674e-01
5.656566e+01	8.585859e-01	9.468343e-01
5.656566e+01	9.090909e-01	1.127022e+00
5.656566e+01	9.595960e-01	1.256147e+00
5.656566e+01	1.010101e+00	1.340917e+00
5.656566e+01	1.060606e+00	1.408253e+00
5.656566e+01	1.111111e+00	1.475970e+00
5.656566e+01	1.161616e+00	1.520465e+00
5.656566e+01	1.212121e+00	1.475770e+00
5.656566e+01	1.262626e+00	1.279636e+00
5.656566e+01	1.313131e+00	9.373176e-01
5.656566e+01	1.363636e+00	5.449512e-01
5.656566e+01	1.414141e+00	2.404922e-01
5.656566e+01	1.464646e+00	1.150479e-01
5.656566e+01	1.515152e+00	1.570728e-01
5.656566e+01	1.565657e+00	2.729152e-01
5.656566e+01	1.616162e+00	3.591293e-01
5.656566e+01	1.666667e+00	3.638918e-01
5.656566e+01	1.717172e+00	2.976309e-01
5.656566e+01	1.767677e+00	2.025804e-01
5.656566e+01	1.818182e+00	1.168764e-01
5.656566e+01	1.868687e+00	5.780543e-02
5.656566e+01	1.919192e+00	2.468140e-02
5.656566e+01	1.969697e+00	9.137257e-03
5.656566e+01	2.020202e+00	2.940570e-03
5.656566e+01	2.070707e+00	8.238028e-04
5.656566e+01	2.121212e+00	2.010166e-04
5.656566e+01	2.171717e+00	4.272013e-05
5.656566e+01	2.222222e+00	7.903162e-06
5.656566e+01	2.272727e+00	1.271637e-06
5.656566e+01	2.323232e+00	1.777552e-07
5.656566e+01	2.373737e+00	2.155771e-08
5.656566e+01	2.424242e+00	2.264691e-09
5.656566e+01	2.474747e+00	2.057931e-10
5.656566e+01	2.525253e+00	1.613186e-11
5.656566e+01	2.575758e+00	1.092822e-12
5.656566e+01	2.626263e+00	6.287965e-14
5.656566e+01	2.676768e+00	3.284575e-15
5.656566e+01	2.727273e+00	1.110171e-16
5.656566e+01	2.777778e+00	1.189236e-17
5.656566e+01	2.828283e+00	1.190711e-18
5.656566e+01	2.878788e+00	2.202893e-18
5.656566e+01	2.929293e+00	2.095401e-18
5.656566e+01	2.979798e+00	2.185333e-18
5.656566e+01	3.030303e+00	2.233581e-18
5.656566e+01	3.080808e+00	2.275083e-18
5.656566e+01	3.131313e+00	2.304588e-18
5.656566e+01	3.181818e+00	2.323255e-18
5.656566e+01	3.232323e+00	2.330634e-18
5.656566e+01	3.282828e+00	2.327400e-18
5.656566e+01	3.333333e+00	2.313522e-18
5.656566e+01	3.383838e+00	2.289527e-18
5.656566e+01	3.434343e+00	2.255855e-18
5.656566e+01	3.484848e+00	2.212799e-18
5.656566e+01	3.535354e+00	2.161229e-18
5.656566e+01	3.585859e+00	2.101312e-18
5.656566e+01	3.636364e+00	2.034119e-18
5.656566e+01	3.686869e+00	1.959910e-18
5.656566e+01	3.737374e+00	1.879684e-18
5.656566e+01	3.787879e+00	1.794013e-18
5.656566e+01	3.838384e+00	1.703628e-18
5.656566e+01	3.888889e+00	1.609442e-18
5.656566e+01	3.939394e+00	1.511986e-18
5.656566e+01	3.989899e+00	1.412313e-18
5.656566e+01	4.040404e+00	1.310935e-18
5.656566e+01	4.090909e+00	1.208867e-18
5.656566e+01	4.141414e+00	1.106684e-18
5.656566e+01	4.191919e+00	1.005281e-18
5.656566e+01	4.242424e+00	9.053107e-19
5.656566e+01	4.292929e+00	8.075366e-19
5.656566e+01	4.343434e+00	7.126309e-19
5.656566e+01	4.393939e+00	6.212737e-19
5.656566e+01	4.444444e+00	5.340772e-19
5.656566e+01	4.494949e+00	4.516766e-19
5.656566e+01	4.545455e+00	3.745927e-19
5.656566e+01	4.595960e+00	3.033984e-19
5.656566e+01	4.646465e+00	2.385416e-19
5.656566e+01	4.696970e+00	1.805074e-19
5.656566e+01	4.747475e+00	1.296988e-19
5.656566e+01	4.797980e+00	8.652751e-20
5.656566e+01	4.848485e+00	5.138792e-20
5.656566e+01	4.898990e+00	2.472125e-20
5.656566e+01	4.949495e+00	7.137514e-21
5.656566e+01	5.000000e+00	3.568854e-31
5.757576e+01	0.000000e+00	0.000000e+00
5.757576e+01	5.050505e-02	3.430831e-07
5.757576e+01	1.010101e-01	1.955342e-06
5.757576e+01	1.515152e-01	7.308221e-06
5.757576e+01	2.020202e-01	2.363573e-05
5.757576e+01	2.525253e-01	7.013918e-05
5.757576e+01	3.030303e-01	1.935805e-04
5.757576e+01	3.535354e-01	4.973744e-04
5.757576e+01	4.040404e-01	1.185607e-03
5.757576e+01	4.545455e-01	2.606783e-03
5.757576e+01	5.050505e-01	5.243990e-03
5.757576e+01	5.555556e-01	9.544243e-03
5.757576e+01	6.060606e-01	1.546221e-02
5.757576e+01	6.565657e-01	2.173500e-02
5.757576e+01	7.070707e-01	2.534974e-02
5.757576e+01	7.575758e-01	2.236186e-02
5.757576e+01	8.080808e-01	1.158246e-02
5.757576e+01	8.585859e-01	1.487932e-03
5.757576e+01	9.090909e-01	1.713175e-02
5.757576e+01	9.595960e-01	9.926880e-02
5.757576e+01	1.010101e+00	2.873404e-01
5.757576e+01	1.060606e+00	5.871741e-01
5.757576e+01	1.111111e+00	9.418907e-01
5.757576e+01	1.161616e+00	1.236222e+00
5.757576e+01	1.212121e+00	1.350763e+00
5.757576e+01	1.262626e+00	1.242049e+00
5.757576e+01	1.313131e+00	9.881692e-01
5.757576e+01	1.363636e+00	7.510698e-01
5.757576e+01	1.414141e+00	6.710400e-01
5.757576e+01	1.464646e+00	7.721893e-01
5.757576e+01	1.515152e+00	9.542757e-01
5.757576e+01	1.565657e+00	1.073152e+00
5.757576e+01	1.616162e+00	1.039402e+00
5.757576e+01	1.666667e+00	8.607023e-01
5.757576e+01	1.717172e+00	6.121944e-01
5.757576e+01	1.767677e+00	3.762733e-01
5.757576e+01	1.818182e+00	2.008264e-01
5.757576e+01	1.868687e+00	9.340060e-02
5.757576e+01	1.919192e+00	3.793719e-02
5.757576e+01	1.969697e+00	1.347483e-02
5.757576e+01	2.020202e+00	4.187524e-03
5.757576e+01	2.070707e+00	1.138554e-03
5.757576e+01	2.121212e+00	2.707117e-04
5.757576e+01	2.171717e+00	5.624235e-05
5.757576e+01	2.222222e+00	1.019881e-05
5.757576e+01	2.272727e+00	1.612124e-06
5.757576e+01	2.323232e+00	2.218013e-07
5.757576e+01	2.373737e+00	2.651827e-08
5.757576e+01	2.424242e+00	2.750186e-09
5.757576e+01	2.474747e+00	2.469910e-10
5.757576e+01	2.525253e+00	1.916055e-11
5.757576e+01	2.575758e+00	1.284291e-12
5.757576e+01	2.626263e+00	7.351883e-14
5.757576e+01	2.676768e+00	3.743484e-15
5.757576e+01	2.727273e+00	1.370627e-16
5.757576e+01	2.777778e+00	9.880813e-18
5.757576e+01	2.828283e+00	1.783710e-19
5.757576e+01	2.878788e+00	8.010609e-19
5.757576e+01	2.929293e+00	6.961291e-19
5.757576e+01	2.979798e+00	7.358812e-19
5.757576e+01	3.030303e+00	7.506072e-19
5.757576e+01	3.080808e+00	7.645520e-19
5.757576e+01	3.131313e+00	7.742924e-19
5.757576e+01	3.181818e+00	7.804515e-19
5.757576e+01	3.232323e+00	7.827653e-19
5.757576e+01	3.282828e+00	7.816167e-19
5.757576e+01	3.333333e+00	7.768059e-19
5.757576e+01	3.383838e+00	7.686912e-19
5.757576e+01	3.434343e+00	7.572826e-19
5.757576e+01	3.484848e+00	7.427530e-19
5.757576e+01	3.535354e+00	7.253935e-19
5.757576e+01	3.585859e+00	7.051850e-19
5.757576e+01	3.636364e+00	6.826351e-19
5.757576e+01	3.686869e+00	6.576264e-19
5.757576e+01	3.737374e+00	6.307221e-19
5.757576e+01	3.787879e+00	6.018890e-19
5.757576e+01	3.838384e+00	5.715716e-19
5.757576e+01	3.888889e+00	5.399208e-19
5.757576e+01	3.939394e+00	5.072143e-19
5.757576e+01	3.989899e+00	4.737590e-19
5.757576e+01	4.040404e+00	4.397236e-19
5.757576e+01	4.090909e+00	4.054920e-19
5.757576e+01	4.141414e+00	3.711840e-19
5.757576e+01	4.191919e+00	3.371877e-19
5.757576e+01	4.242424e+00	3.036268e-19
5.757576e+01	4.292929e+00	2.708485e-19
5.757576e+01	4.343434e+00	2.389984e-19
5.757576e+01	4.393939e+00	2.083676e-19
5.757576e+01	4.444444e+00	1.791139e-19
5.757576e+01	4.494949e+00	1.514820e-19
5.757576e+01	4.545455e+00	1.256300e-19
5.757576e+01	4.595960e+00	1.017504e-19
5.757576e+01	4.646465e+00	8.000528e-20
5.757576e+01	4.696970e+00	6.053722e-20
5.757576e+01	4.747475e+00	4.350343e-20
5.757576e+01	4.797980e+00	2.902184e-20
5.757576e+01	4.848485e+00	1.723889e-20
5.757576e+01	4.898990e+00	8.293374e-21
5.757576e+01	4.949495e+00	2.395628e-21
5.757576e+01	5.000000e+00	3.450153e-31
5.858586e+01	0.000000e+00	0.000000e+00
5.858586e+01	5.050505e-02	6.242452e-07
5.858586e+01	1.010101e-01	3.568689e-06
5.858586e+01	1.515152e-01	1.343800e-05
5.858586e+01	2.020202e-01	4.402374e-05
5.858586e+01	2.525253e-01	1.331705e-04
5.858586e+01	3.030303e-01	3.774242e-04
5.858586e+01	3.535354e-01	1.004656e-03
5.858586e+01	4.040404e-01	2.508597e-03
5.858586e+01	4.545455e-01	5.860369e-03
5.858586e+01	5.050505e-01	1.276589e-02
5.858586e+01	5.555556e-01	2.583014e-02
5.858586e+01	6.060606e-01	4.833295e-02
5.858586e+01	6.565657e-01	8.322253e-02
5.858586e+01	7.070707e-01	1.311247e-01
5.858586e+01	7.575758e-01	1.878685e-01
5.858586e+01	8.080808e-01	2.431041e-01
5.858586e+01	8.585859e-01	2.821646e-01
5.858586e+01	9.090909e-01	2.920621e-01
5.858586e+01	9.595960e-01	2.690561e-01
5.858586e+01	1.010101e+00	2.219609e-01
5.858586e+01	1.060606e+00	1.668102e-01
5.858586e+01	1.111111e+00	1.164936e-01
5.858586e+01	1.161616e+00	7.722925e-02
5.858586e+01	1.212121e+00	6.045482e-02
5.858586e+01	1.262626e+00	1.007111e-01
5.858586e+01	1.313131e+00	2.538873e-01
5.858586e+01	1.363636e+00	5.600670e-01
5.858586e+01	1.414141e+00	9.917104e-01
5.858586e+01	1.464646e+00	1.435563e+00
5.858586e+01	1.515152e+00	1.738251e+00
5.858586e+01	1.565657e+00	1.790451e+00
5.858586e+01	1.616162e+00	1.587016e+00
5.858586e+01	1.666667e+00	1.220010e+00
5.858586e+01	1.717172e+00	8.176962e-01
5.858586e+01	1.767677e+00	4.794815e-01
5.858586e+01	1.818182e+00	2.465188e-01
5.858586e+01	1.868687e+00	1.112665e-01
5.858586e+01	1.919192e+00	4.411089e-02
5.858586e+01	1.969697e+00	1.536000e-02
5.858586e+01	2.020202e+00	4.695858e-03
5.858586e+01	2.070707e+00	1.259468e-03
5.858586e+01	2.121212e+00	2.960485e-04
5.858586e+01	2.171717e+00	6.091206e-05
5.858586e+01	2.222222e+00	1.095451e-05
5.858586e+01	2.272727e+00	1.719305e-06
5.858586e+01	2.323232e+00	2.350977e-07
5.858586e+01	2.373737e+00	2.795823e-08
5.858586e+01	2.424242e+00	2.885996e-09
5.858586e+01	2.474747e+00	2.581322e-10
5.858586e+01	2.525253e+00	1.995097e-11
5.858586e+01	2.575758e+00	1.333399e-12
5.858586e+01	2.626263e+00	7.601051e-14
5.858586e+01	2.676768e+00	3.884287e-15
5.858586e+01	2.727273e+00	1.373476e-16
5.858586e+01	2.777778e+00	1.127490e-17
5.858586e+01	2.828283e+00	3.621568e-19
5.858586e+01	2.878788e+00	1.185637e-18
5.858586e+01	2.929293e+00	1.062567e-18
5.858586e+01	2.979798e+00	1.118119e-18
5.858586e+01	3.030303e+00	1.141386e-18
5.858586e+01	3.080808e+00	1.162667e-18
5.858586e+01	3.131313e+00	1.177647e-18
5.858586e+01	3.181818e+00	1.187147e-18
5.858586e+01	3.232323e+00	1.190800e-18
5.858586e+01	3.282828e+00	1.189167e-18
5.858586e+01	3.333333e+00	1.181940e-18
5.858586e+01	3.383838e+00	1.169723e-18
5.858586e+01	3.434343e+00	1.152396e-18
5.858586e+01	3.484848e+00	1.130430e-18
5.858586e+01	3.535354e+00	1.104000e-18
5.858586e+01	3.585859e+00	1.073395e-18
5.858586e+01	3.636364e+00	1.039031e-18
5.858586e+01	3.686869e+00	1.001096e-18
5.858586e+01	3.737374e+00	9.601189e-19
5.858586e+01	3.787879e+00	9.163119e-19
5.858586e+01	3.838384e+00	8.701585e-19
5.858586e+01	3.888889e+00	8.220149e-19
5.858586e+01	3.939394e+00	7.722448e-19
5.858586e+01	3.989899e+00	7.213192e-19
5.858586e+01	4.040404e+00	6.695336e-19
5.858586e+01	4.090909e+00	6.174048e-19
5.858586e+01	4.141414e+00	5.651988e-19
5.858586e+01	4.191919e+00	5.134228e-19
5.858586e+01	4.242424e+00	4.623461e-19
5.858586e+01	4.292929e+00	4.124223e-19
5.858586e+01	4.343434e+00	3.639399e-19
5.858586e+01	4.393939e+00	3.172901e-19
5.858586e+01	4.444444e+00	2.727530e-19
5.858586e+01	4.494949e+00	2.306700e-19
5.858586e+01	4.545455e+00	1.913077e-19
5.858586e+01	4.595960e+00	1.549439e-19
5.858586e+01	4.646465e+00	1.218282e-19
5.858586e+01	4.696970e+00	9.218297e-20
5.858586e+01	4.747475e+00	6.624106e-20
5.858586e+01	4.797980e+00	4.419039e-20
5.858586e+01	4.848485e+00	2.624698e-20
5.858586e+01	4.898990e+00	1.262642e-20
5.858586e+01	4.949495e+00	3.646228e-21
5.858586e+01	5.000000e+00	1.382080e-31
5.959596e+01	0.000000e+00	0.000000e+00
5.959596e+01	5.050505e-02	9.420885e-07
5.959596e+01	1.010101e-01	5.385231e-06
5.959596e+01	1.515152e-01	2.027338e-05
5.959596e+01	2.020202e-01	6.638700e-05
5.959596e+01	2.525253e-01	2.006669e-04
5.959596e+01	3.030303e-01	5.680302e-04
5.959596e+01	3.535354e-01	1.509159e-03
5.959596e+01	4.040404e-01	3.757290e-03
5.959596e+01	4.545455e-01	8.738108e-03
5.959596e+01	5.050505e-01	1.890471e-02
5.959596e+01	5.555556e-01	3.785503e-02
5.959596e+01	6.060606e-01	6.971807e-02
5.959596e+01	6.565657e-01	1.171533e-01
5.959596e+01	7.070707e-01	1.777154e-01
5.959596e+01	7.575758e-01	2.397395e-01
5.959596e+01	8.080808e-01	2.811159e-01
5.959596e+01	8.585859e-01	2.756720e-01
5.959596e+01	9.090909e-01	2.094463e-01
5.959596e+01	9.595960e-01	1.012085e-01
5.959596e+01	1.010101e+00	1.186327e-02
5.959596e+01	1.060606e+00	2.593253e-02
5.959596e+01	1.111111e+00	2.041627e-01
5.959596e+01	1.161616e+00	5.338626e-01
5.959596e+01	1.212121e+00	9.185728e-01
5.959596e+01	1.262626e+00	1.227378e+00
5.959596e+01	1.313131e+00	1.374627e+00
5.959596e+01	1.363636e+00	1.367722e+00
5.959596e+01	1.414141e+00	1.283396e+00
5.959596e+01	1.464646e+00	1.196238e+00
5.959596e+01	1.515152e+00	1.124520e+00
5.959596e+01	1.565657e+00	1.035593e+00
5.959596e+01	1.616162e+00	8.934185e-01
5.959596e+01	1.666667e+00	6.976348e-01
5.959596e+01	1.717172e+00	4.836863e-01
5.959596e+01	1.767677e+00	2.951154e-01
5.959596e+01	1.818182e+00	1.578918e-01
5.959596e+01	1.868687e+00	7.398420e-02
5.959596e+01	1.919192e+00	3.035144e-02
5.959596e+01	1.969697e+00	1.089962e-02
5.959596e+01	2.020202e+00	3.425479e-03
5.959596e+01	2.070707e+00	9.416831e-04
5.959596e+01	2.121212e+00	2.262847e-04
5.959596e+01	2.171717e+00	4.748629e-05
5.959596e+01	2.222222e+00	8.692622e-06
5.959596e+01	2.272727e+00	1.386225e-06
5.959596e+01	2.323232e+00	1.922985e-07
5.959596e+01	2.373737e+00	2.316819e-08
5.959596e+01	2.424242e+00	2.419949e-09
5.959596e+01	2.474747e+00	2.187948e-10
5.959596e+01	2.525253e+00	1.707547e-11
5.959596e+01	2.575758e+00	1.152037e-12
5.959596e+01	2.626263e+00	6.608755e-14
5.959596e+01	2.676768e+00	3.432820e-15
5.959596e+01	2.727273e+00	1.168228e-16
5.959596e+01	2.777778e+00	1.162253e-17
5.959596e+01	2.828283e+00	7.667334e-19
5.959596e+01	2.878788e+00	1.740098e-18
5.959596e+01	2.929293e+00	1.618299e-18
5.959596e+01	2.979798e+00	1.693405e-18
5.959596e+01	3.030303e+00	1.729913e-18
5.959596e+01	3.080808e+00	1.762047e-18
5.959596e+01	3.131313e+00	1.784791e-18
5.959596e+01	3.181818e+00	1.799175e-18
5.959596e+01	3.232323e+00	1.804790e-18
5.959596e+01	3.282828e+00	1.802241e-18
5.959596e+01	3.333333e+00	1.791408e-18
5.959596e+01	3.383838e+00	1.772784e-18
5.959596e+01	3.434343e+00	1.746655e-18
5.959596e+01	3.484848e+00	1.713263e-18
5.959596e+01	3.535354e+00	1.673310e-18
5.959596e+01	3.585859e+00	1.626853e-18
5.959596e+01	3.636364e+00	1.574836e-18
5.959596e+01	3.686869e+00	1.517315e-18
5.959596e+01	3.737374e+00	1.455216e-18
5.959596e+01	3.787879e+00	1.388837e-18
5.959596e+01	3.838384e+00	1.318869e-18
5.959596e+01	3.888889e+00	1.245923e-18
5.959596e+01	3.939394e+00	1.170470e-18
5.959596e+01	3.989899e+00	1.093300e-18
5.959596e+01	4.040404e+00	1.014803e-18
5.959596e+01	4.090909e+00	9.357948e-19
5.959596e+01	4.141414e+00	8.566738e-19
5.959596e+01	4.191919e+00	7.781869e-19
5.959596e+01	4.242424e+00	7.007824e-19
5.959596e+01	4.292929e+00	6.251056e-19
5.959596e+01	4.343434e+00	5.516288e-19
5.959596e+01	4.393939e+00	4.809165e-19
5.959596e+01	4.444444e+00	4.134136e-19
5.959596e+01	4.494949e+00	3.496318e-19
5.959596e+01	4.545455e+00	2.899627e-19
5.959596e+01	4.595960e+00	2.348517e-19
5.959596e+01	4.646465e+00	1.846512e-19
5.959596e+01	4.696970e+00	1.397259e-19
5.959596e+01	4.747475e+00	1.003999e-19
5.959596e+01	4.797980e+00	6.698041e-20
5.959596e+01	4.848485e+00	3.978087e-20
5.959596e+01	4.898990e+00	1.913762e-20
5.959596e+01	4.949495e+00	5.526124e-21
5.959596e+01	5.000000e+00	3.016408e-31
6.060606e+01	0.000000e+00	0.000000e+00
6.060606e+01	5.050505e-02	1.772698e-06
6.060606e+01	1.010101e-01	1.014383e-05
6.060606e+01	1.515152e-01	3.828470e-05
6.060606e+01	2.020202e-01	1.259127e-04
6.060606e+01	2.525253e-01	3.830317e-04
6.060606e+01	3.030303e-01	1.093687e-03
6.060606e+01	3.535354e-01	2.938676e-03
6.060606e+01	4.040404e-01	7.421870e-03
6.060606e+01	4.545455e-01	1.757410e-02
6.060606e+01	5.050505e-01	3.888775e-02
6.060606e+01	5.555556e-01	8.010454e-02
6.060606e+01	6.060606e-01	1.529178e-01
6.060606e+01	6.565657e-01	2.691119e-01
6.060606e+01	7.070707e-01	4.338857e-01
6.060606e+01	7.575758e-01	6.361152e-01
6.060606e+01	8.080808e-01	8.404354e-01
6.060606e+01	8.585859e-01	9.901830e-01
6.060606e+01	9.090909e-01	1.029378e+00
6.060606e+01	9.595960e-01	9.410245e-01
6.060606e+01	1.010101e+00	7.803452e-01
6.060606e+01	1.060606e+00	6.698200e-01
6.060606e+01	1.111111e+00	7.376106e-01
6.060606e+01	1.161616e+00	1.024763e+00
6.060606e+01	1.212121e+00	1.428411e+00
6.060606e+01	1.262626e+00	1.740877e+00
6.060606e+01	1.313131e+00	1.775132e+00
6.060606e+01	1.363636e+00	1.488412e+00
6.060606e+01	1.414141e+00	1.006710e+00
6.060606e+01	1.464646e+00	5.327220e-01
6.060606e+01	1.515152e+00	2.160852e-01
6.060606e+01	1.565657e+00	8.545194e-02
6.060606e+01	1.616162e+00	7.507820e-02
6.060606e+01	1.666667e+00	9.894770e-02
6.060606e+01	1.717172e+00	1.057882e-01
6.060606e+01	1.767677e+00	8.751473e-02
6.060606e+01	1.818182e+00	5.813635e-02
6.060606e+01	1.868687e+00	3.193725e-02
6.060606e+01	1.919192e+00	1.478240e-02
6.060606e+01	1.969697e+00	5.832533e-03
6.060606e+01	2.020202e+00	1.976100e-03
6.060606e+01	2.070707e+00	5.775282e-04
6.060606e+01	2.121212e+00	1.459930e-04
6.060606e+01	2.171717e+00	3.196898e-05
6.060606e+01	2.222222e+00	6.067717e-06
6.060606e+01	2.272727e+00	9.981836e-07
6.060606e+01	2.323232e+00	1.422529e-07
6.060606e+01	2.373737e+00	1.754762e-08
6.060606e+01	2.424242e+00	1.871279e-09
6.060606e+01	2.474747e+00	1.723436e-10
6.060606e+01	2.525253e+00	1.366885e-11
6.060606e+01	2.575758e+00	9.369017e-13
6.060606e+01	2.626263e+00	5.420788e-14
6.060606e+01	2.676768e+00	2.909359e-15
6.060606e+01	2.727273e+00	8.956146e-17
6.060606e+01	2.777778e+00	1.317999e-17
6.060606e+01	2.828283e+00	1.678135e-18
6.060606e+01	2.878788e+00	2.987057e-18
6.060606e+01	2.929293e+00	2.865498e-18
6.060606e+01	2.979798e+00	2.984936e-18
6.060606e+01	3.030303e+00	3.051324e-18
6.060606e+01	3.080808e+00	3.107979e-18
6.060606e+01	3.131313e+00	3.148304e-18
6.060606e+01	3.181818e+00	3.173804e-18
6.060606e+01	3.232323e+00	3.183916e-18
6.060606e+01	3.282828e+00	3.179473e-18
6.060606e+01	3.333333e+00	3.160561e-18
6.060606e+01	3.383838e+00	3.127745e-18
6.060606e+01	3.434343e+00	3.081792e-18
6.060606e+01	3.484848e+00	3.022940e-18
6.060606e+01	3.535354e+00	2.952527e-18
6.060606e+01	3.585859e+00	2.870650e-18
6.060606e+01	3.636364e+00	2.778879e-18
6.060606e+01	3.686869e+00	2.677494e-18
6.060606e+01	3.737374e+00	2.567898e-18
6.060606e+01	3.787879e+00	2.450868e-18
6.060606e+01	3.838384e+00	2.327385e-18
6.060606e+01	3.888889e+00	2.198723e-18
6.060606e+01	3.939394e+00	2.065579e-18
6.060606e+01	3.989899e+00	1.929419e-18
6.060606e+01	4.040404e+00	1.790920e-18
6.060606e+01	4.090909e+00	1.651483e-18
6.060606e+01	4.141414e+00	1.511890e-18
6.060606e+01	4.191919e+00	1.373354e-18
6.060606e+01	4.242424e+00	1.236786e-18
6.060606e+01	4.292929e+00	1.103210e-18
6.060606e+01	4.343434e+00	9.735579e-19
6.060606e+01	4.393939e+00	8.487489e-19
6.060606e+01	4.444444e+00	7.296268e-19
6.060606e+01	4.494949e+00	6.170570e-19
6.060606e+01	4.545455e+00	5.117465e-19
6.060606e+01	4.595960e+00	4.144870e-19
6.060606e+01	4.646465e+00	3.258806e-19
6.060606e+01	4.696970e+00	2.466005e-19
6.060606e+01	4.747475e+00	1.771865e-19
6.060606e+01	4.797980e+00	1.182093e-19
6.060606e+01	4.848485e+00	7.020257e-20
6.060606e+01	4.898990e+00	3.377262e-20
6.060606e+01	4.949495e+00	9.750660e-21
6.060606e+01	5.000000e+00	3.853768e-31
6.161616e+01	0.000000e+00	0.000000e+00
6.161616e+01	5.050505e-02	2.773164e-06
6.161616e+01	1.010101e-01	1.588384e-05
6.161616e+01	1.515152e-01	6.008662e-05
6.161616e+01	2.020202e-01	1.983937e-04
6.161616e+01	2.525253e-01	6.069961e-04
6.161616e+01	3.030303e-01	1.746644e-03
6.161616e+01	3.535354e-01	4.740174e-03
6.161616e+01	4.040404e-01	1.212258e-02
6.161616e+01	4.545455e-01	2.915287e-02
6.161616e+01	5.050505e-01	6.574557e-02
6.161616e+01	5.555556e-01	1.386046e-01
6.161616e+01	6.060606e-01	2.721833e-01
6.161616e+01	6.565657e-01	4.958539e-01
6.161616e+01	7.070707e-01	8.341168e-01
6.161616e+01	7.575758e-01	1.288571e+00
6.161616e+01	8.080808e-01	1.816181e+00
6.161616e+01	8.585859e-01	2.316802e+00
6.161616e+01	9.090909e-01	2.647689e+00
6.161616e+01	9.595960e-01	2.674636e+00
6.161616e+01	1.010101e+00	2.344954e+00
6.161616e+01	1.060606e+00	1.739455e+00
6.161616e+01	1.111111e+00	1.056118e+00
6.161616e+01	1.161616e+00	5.159952e-01
6.161616e+01	1.212121e+00	2.440393e-01
6.161616e+01	1.262626e+00	2.097935e-01
6.161616e+01	1.313131e+00	2.740903e-01
6.161616e+01	1.363636e+00	3.021015e-01
6.161616e+01	1.414141e+00	2.494555e-01
6.161616e+01	1.464646e+00	1.602185e-01
6.161616e+01	1.515152e+00	9.925728e-02
6.161616e+01	1.565657e+00	9.134373e-02
6.161616e+01	1.616162e+00	1.138739e-01
6.161616e+01	1.666667e+00	1.302293e-01
6.161616e+01	1.717172e+00	1.215681e-01
6.161616e+01	1.767677e+00	9.267199e-02
6.161616e+01	1.818182e+00	5.869544e-02
6.161616e+01	1.868687e+00	3.134884e-02
6.161616e+01	1.919192e+00	1.426846e-02
6.161616e+01	1.969697e+00	5.574063e-03
6.161616e+01	2.020202e+00	1.877806e-03
6.161616e+01	2.070707e+00	5.471580e-04
6.161616e+01	2.121212e+00	1.381417e-04
6.161616e+01	2.171717e+00	3.024592e-05
6.161616e+01	2.222222e+00	5.744197e-06
6.161616e+01	2.272727e+00	9.459946e-07
6.161616e+01	2.323232e+00	1.350031e-07
6.161616e+01	2.373737e+00	1.667974e-08
6.161616e+01	2.424242e+00	1.781682e-09
6.161616e+01	2.474747e+00	1.643880e-10
6.161616e+01	2.525253e+00	1.305688e-11
6.161616e+01	2.575758e+00	8.974757e-13
6.161616e+01	2.626263e+00	5.177296e-14
6.161616e+01	2.676768e+00	2.840466e-15
6.161616e+01	2.727273e+00	7.763906e-17
6.161616e+01	2.777778e+00	1.589121e-17
6.161616e+01	2.828283e+00	2.623712e-18
6.161616e+01	2.878788e+00	4.346748e-18
6.161616e+01	2.929293e+00	4.214364e-18
6.161616e+01	2.979798e+00	4.383476e-18
6.161616e+01	3.030303e+00	4.482175e-18
6.161616e+01	3.080808e+00	4.565531e-18
6.161616e+01	3.131313e+00	4.625021e-18
6.161616e+01	3.181818e+00	4.662690e-18
6.161616e+01	3.232323e+00	4.677741e-18
6.161616e+01	3.282828e+00	4.671401e-18
6.161616e+01	3.333333e+00	4.643740e-18
6.161616e+01	3.383838e+00	4.595740e-18
6.161616e+01	3.434343e+00	4.528254e-18
6.161616e+01	3.484848e+00	4.442016e-18
6.161616e+01	3.535354e+00	4.338520e-18
6.161616e+01	3.585859e+00	4.218451e-18
6.161616e+01	3.636364e+00	4.083523e-18
6.161616e+01	3.686869e+00	3.934743e-18
6.161616e+01	3.737374e+00	3.773651e-18
6.161616e+01	3.787879e+00	3.601799e-18
6.161616e+01	3.838384e+00	3.420332e-18
6.161616e+01	3.888889e+00	3.231311e-18
6.161616e+01	3.939394e+00	3.035679e-18
6.161616e+01	3.989899e+00	2.835585e-18
6.161616e+01	4.040404e+00	2.632094e-18
6.161616e+01	4.090909e+00	2.427153e-18
6.161616e+01	4.141414e+00	2.222045e-18
6.161616e+01	4.191919e+00	2.018422e-18
6.161616e+01	4.242424e+00	1.817745e-18
6.161616e+01	4.292929e+00	1.621408e-18
6.161616e+01	4.343434e+00	1.430880e-18
6.161616e+01	4.393939e+00	1.247434e-18
6.161616e+01	4.444444e+00	1.072370e-18
6.161616e+01	4.494949e+00	9.069111e-19
6.161616e+01	4.545455e+00	7.521395e-19
6.161616e+01	4.595960e+00	6.091912e-19
6.161616e+01	4.646465e+00	4.789592e-19
6.161616e+01	4.696970e+00	3.624368e-19
6.161616e+01	4.747475e+00	2.604117e-19
6.161616e+01	4.797980e+00	1.737322e-19
6.161616e+01	4.848485e+00	1.031740e-19
6.161616e+01	4.898990e+00	4.963328e-20
6.161616e+01	4.949495e+00	1.432830e-20
6.161616e+01	5.000000e+00	1.575765e-31
6.262626e+01	0.000000e+00	0.000000e+00
6.262626e+01	5.050505e-02	2.011425e-06
6.262626e+01	1.010101e-01	1.151884e-05
6.262626e+01	1.515152e-01	4.355629e-05
6.262626e+01	2.020202e-01	1.437144e-04
6.262626e+01	2.525253e-01	4.392718e-04
6.262626e+01	3.030303e-01	1.262429e-03
6.262626e+01	3.535354e-01	3.420905e-03
6.262626e+01	4.040404e-01	8.733567e-03
6.262626e+01	4.545455e-01	2.096333e-02
6.262626e+01	5.050505e-01	4.718519e-02
6.262626e+01	5.555556e-01	9.929485e-02
6.262626e+01	6.060606e-01	1.947084e-01
6.262626e+01	6.565657e-01	3.544852e-01
6.262626e+01	7.070707e-01	5.968065e-01
6.262626e+01	7.575758e-01	9.251183e-01
6.262626e+01	8.080808e-01	1.314149e+00
6.262626e+01	8.585859e-01	1.702281e+00
6.262626e+01	9.090909e-01	2.001075e+00
6.262626e+01	9.595960e-01	2.126500e+00
6.262626e+01	1.010101e+00	2.040695e+00
6.262626e+01	1.060606e+00	1.777805e+00
6.262626e+01	1.111111e+00	1.429403e+00
6.262626e+01	1.161616e+00	1.092082e+00
6.262626e+01	1.212121e+00	8.140804e-01
6.262626e+01	1.262626e+00	5.847335e-01
6.262626e+01	1.313131e+00	3.745656e-01
6.262626e+01	1.363636e+00	1.850274e-01
6.262626e+01	1.414141e+00	5.696873e-02
6.262626e+01	1.464646e+00	3.034628e-02
6.262626e+01	1.515152e+00	9.870151e-02
6.262626e+01	1.565657e+00	2.050932e-01
6.262626e+01	1.616162e+00	2.812138e-01
6.262626e+01	1.666667e+00	2.907251e-01
6.262626e+01	1.717172e+00	2.416072e-01
6.262626e+01	1.767677e+00	1.668565e-01
6.262626e+01	1.818182e+00	9.757865e-02
6.262626e+01	1.868687e+00	4.887160e-02
6.262626e+01	1.919192e+00	2.111028e-02
6.262626e+01	1.969697e+00	7.898848e-03
6.262626e+01	2.020202e+00	2.566921e-03
6.262626e+01	2.070707e+00	7.255628e-04
6.262626e+01	2.121212e+00	1.784934e-04
6.262626e+01	2.171717e+00	3.821726e-05
6.262626e+01	2.222222e+00	7.118548e-06
6.262626e+01	2.272727e+00	1.152580e-06
6.262626e+01	2.323232e+00	1.620409e-07
6.262626e+01	2.373737e+00	1.975612e-08
6.262626e+01	2.424242e+00	2.085523e-09
6.262626e+01	2.474747e+00	1.903757e-10
6.262626e+01	2.525253e+00	1.498236e-11
6.262626e+01	2.575758e+00	1.019682e-12
6.262626e+01	2.626263e+00	5.867930e-14
6.262626e+01	2.676768e+00	3.122834e-15
6.262626e+01	2.727273e+00	9.739741e-17
6.262626e+01	2.777778e+00	1.381040e-17
6.262626e+01	2.828283e+00	1.876531e-18
6.262626e+01	2.878788e+00	3.214102e-18
6.262626e+01	2.929293e+00	3.096264e-18
6.262626e+01	2.979798e+00	3.223389e-18
6.262626e+01	3.030303e+00	3.295516e-18
6.262626e+01	3.080808e+00	3.356800e-18
6.262626e+01	3.131313e+00	3.400486e-18
6.262626e+01	3.181818e+00	3.428145e-18
6.262626e+01	3.232323e+00	3.439161e-18
6.262626e+01	3.282828e+00	3.434478e-18
6.262626e+01	3.333333e+00	3.414097e-18
6.262626e+01	3.383838e+00	3.378786e-18
6.262626e+01	3.434343e+00	3.329141e-18
6.262626e+01	3.484848e+00	3.265713e-18
6.262626e+01	3.535354e+00	3.189611e-18
6.262626e+01	3.585859e+00	3.101305e-18
6.262626e+01	3.636364e+00	3.002110e-18
6.262626e+01	3.686869e+00	2.892697e-18
6.262626e+01	3.737374e+00	2.774272e-18
6.262626e+01	3.787879e+00	2.647905e-18
6.262626e+01	3.838384e+00	2.514499e-18
6.262626e+01	3.888889e+00	2.375522e-18
6.262626e+01	3.939394e+00	2.231698e-18
6.262626e+01	3.989899e+00	2.084592e-18
6.262626e+01	4.040404e+00	1.934986e-18
6.262626e+01	4.090909e+00	1.784325e-18
6.262626e+01	4.141414e+00	1.633529e-18
6.262626e+01	4.191919e+00	1.483841e-18
6.262626e+01	4.242424e+00	1.336304e-18
6.262626e+01	4.292929e+00	1.191972e-18
6.262626e+01	4.343434e+00	1.051900e-18
6.262626e+01	4.393939e+00	9.170440e-19
6.262626e+01	4.444444e+00	7.883437e-19
6.262626e+01	4.494949e+00	6.667093e-19
6.262626e+01	4.545455e+00	5.529299e-19
6.262626e+01	4.595960e+00	4.478418e-19
6.262626e+01	4.646465e+00	3.521045e-19
6.262626e+01	4.696970e+00	2.664426e-19
6.262626e+01	4.747475e+00	1.914414e-19
6.262626e+01	4.797980e+00	1.277188e-19
6.262626e+01	4.848485e+00	7.584899e-20
6.262626e+01	4.898990e+00	3.648831e-20
6.262626e+01	4.949495e+00	1.053393e-20
6.262626e+01	5.000000e+00	2.411152e-31
6.363636e+01	0.000000e+00	0.000000e+00
6.363636e+01	5.050505e-02	5.428905e-07
6.363636e+01	1.010101e-01	3.099886e-06
6.363636e+01	1.515152e-01	1.163889e-05
6.363636e+01	2.020202e-01	3.794048e-05
6.363636e+01	2.525253e-01	1.139318e-04
6.363636e+01	3.030303e-01	3.197011e-04
6.363636e+01	3.535354e-01	8.400368e-04
6.363636e+01	4.040404e-01	2.063248e-03
6.363636e+01	4.545455e-01	4.721569e-03
6.363636e+01	5.050505e-01	1.002611e-02
6.363636e+01	5.555556e-01	1.966369e-02
6.363636e+01	6.060606e-01	3.544145e-02
6.363636e+01	6.565657e-01	5.842591e-02
6.363636e+01	7.070707e-01	8.784079e-02
6.363636e+01	7.575758e-01	1.208280e-01
6.363636e+01	8.080808e-01	1.549343e-01
6.363636e+01	8.585859e-01	1.945306e-01
6.363636e+01	9.090909e-01	2.589221e-01
6.363636e+01	9.595960e-01	3.844545e-01
6.363636e+01	1.010101e+00	6.104635e-01
6.363636e+01	1.060606e+00	9.466014e-01
6.363636e+01	1.111111e+00	1.337874e+00
6.363636e+01	1.161616e+00	1.660150e+00
6.363636e+01	1.212121e+00	1.770474e+00
6.363636e+01	1.262626e+00	1.595647e+00
6.363636e+01	1.313131e+00	1.197680e+00
6.363636e+01	1.363636e+00	7.545058e-01
6.363636e+01	1.414141e+00	4.555314e-01
6.363636e+01	1.464646e+00	3.860815e-01
6.363636e+01	1.515152e+00	4.887918e-01
6.363636e+01	1.565657e+00	6.248051e-01
6.363636e+01	1.616162e+00	6.758344e-01
6.363636e+01	1.666667e+00	6.068402e-01
6.363636e+01	1.717172e+00	4.578213e-01
6.363636e+01	1.767677e+00	2.940173e-01
6.363636e+01	1.818182e+00	1.622930e-01
6.363636e+01	1.868687e+00	7.750346e-02
6.363636e+01	1.919192e+00	3.215766e-02
6.363636e+01	1.969697e+00	1.162329e-02
6.363636e+01	2.020202e+00	3.665134e-03
6.363636e+01	2.070707e+00	1.008873e-03
6.363636e+01	2.121212e+00	2.424202e-04
6.363636e+01	2.171717e+00	5.082583e-05
6.363636e+01	2.222222e+00	9.290202e-06
6.363636e+01	2.272727e+00	1.478809e-06
6.363636e+01	2.323232e+00	2.047235e-07
6.363636e+01	2.373737e+00	2.461195e-08
6.363636e+01	2.424242e+00	2.565127e-09
6.363636e+01	2.474747e+00	2.314008e-10
6.363636e+01	2.525253e+00	1.802292e-11
6.363636e+01	2.575758e+00	1.212625e-12
6.363636e+01	2.626263e+00	6.960708e-14
6.363636e+01	2.676768e+00	3.564840e-15
6.363636e+01	2.727273e+00	1.292132e-16
6.363636e+01	2.777778e+00	1.006343e-17
6.363636e+01	2.828283e+00	4.230195e-19
6.363636e+01	2.878788e+00	1.101966e-18
6.363636e+01	2.929293e+00	1.001576e-18
6.363636e+01	2.979798e+00	1.051505e-18
6.363636e+01	3.030303e+00	1.073617e-18
6.363636e+01	3.080808e+00	1.093541e-18
6.363636e+01	3.131313e+00	1.107577e-18
6.363636e+01	3.181818e+00	1.116447e-18
6.363636e+01	3.232323e+00	1.119862e-18
6.363636e+01	3.282828e+00	1.118239e-18
6.363636e+01	3.333333e+00	1.111461e-18
6.363636e+01	3.383838e+00	1.099863e-18
6.363636e+01	3.434343e+00	1.083620e-18
6.363636e+01	3.484848e+00	1.062853e-18
6.363636e+01	3.535354e+00	1.038058e-18
6.363636e+01	3.585859e+00	1.009181e-18
6.363636e+01	3.636364e+00	9.769221e-19
6.363636e+01	3.686869e+00	9.411853e-19
6.363636e+01	3.737374e+00	9.026737e-19
6.363636e+01	3.787879e+00	8.614594e-19
6.363636e+01	3.838384e+00	8.180611e-19
6.363636e+01	3.888889e+00	7.727934e-19
6.363636e+01	3.939394e+00	7.259843e-19
6.363636e+01	3.989899e+00	6.781125e-19
6.363636e+01	4.040404e+00	6.294104e-19
6.363636e+01	4.090909e+00	5.804102e-19
6.363636e+01	4.141414e+00	5.313219e-19
6.363636e+01	4.191919e+00	4.826489e-19
6.363636e+01	4.242424e+00	4.346282e-19
6.363636e+01	4.292929e+00	3.876988e-19
6.363636e+01	4.343434e+00	3.421196e-19
6.363636e+01	4.393939e+00	2.982672e-19
6.363636e+01	4.444444e+00	2.563974e-19
6.363636e+01	4.494949e+00	2.168420e-19
6.363636e+01	4.545455e+00	1.798343e-19
6.363636e+01	4.595960e+00	1.456541e-19
6.363636e+01	4.646465e+00	1.145218e-19
6.363636e+01	4.696970e+00	8.665811e-20
6.363636e+01	4.747475e+00	6.227032e-20
6.363636e+01	4.797980e+00	4.154255e-20
6.363636e+01	4.848485e+00	2.467403e-20
6.363636e+01	4.898990e+00	1.187028e-20
6.363636e+01	4.949495e+00	3.428140e-21
6.363636e+01	5.000000e+00	4.101629e-31
6.464646e+01	0.000000e+00	0.000000e+00
6.464646e+01	5.050505e-02	4.393271e-07
6.464646e+01	1.010101e-01	2.508757e-06
6.464646e+01	1.515152e-01	9.421384e-06
6.464646e+01	2.020202e-01	3.072297e-05
6.464646e+01	2.525253e-01	9.230908e-05
6.464646e+01	3.030303e-01	2.592296e-04
6.464646e+01	3.535354e-01	6.818873e-04
6.464646e+01	4.040404e-01	1.677308e-03
6.464646e+01	4.545455e-01	3.846082e-03
6.464646e+01	5.050505e-01	8.188660e-03
6.464646e+01	5.555556e-01	1.611419e-02
6.464646e+01	6.060606e-01	2.916048e-02
6.464646e+01	6.565657e-01	4.826571e-02
6.464646e+01	7.070707e-01	7.271001e-02
6.464646e+01	7.575758e-01	9.943672e-02
6.464646e+01	8.080808e-01	1.240276e-01
6.464646e+01	8.585859e-01	1.442473e-01
6.464646e+01	9.090909e-01	1.649202e-01
6.464646e+01	9.595960e-01	1.996262e-01
6.464646e+01	1.010101e+00	2.637022e-01
6.464646e+01	1.060606e+00	3.585141e-01
6.464646e+01	1.111111e+00	4.581792e-01
6.464646e+01	1.161616e+00	5.167099e-01
6.464646e+01	1.212121e+00	5.026263e-01
6.464646e+01	1.262626e+00	4.402309e-01
6.464646e+01	1.313131e+00	4.166896e-01
6.464646e+01	1.363636e+00	5.314435e-01
6.464646e+01	1.414141e+00	8.158234e-01
6.464646e+01	1.464646e+00	1.188916e+00
6.464646e+01	1.515152e+00	1.494616e+00
6.464646e+01	1.565657e+00	1.596455e+00
6.464646e+01	1.616162e+00	1.456888e+00
6.464646e+01	1.666667e+00	1.145114e+00
6.464646e+01	1.717172e+00	7.804174e-01
6.464646e+01	1.767677e+00	4.634017e-01
6.464646e+01	1.818182e+00	2.405208e-01
6.464646e+01	1.868687e+00	1.093439e-01
6.464646e+01	1.919192e+00	4.358796e-02
6.464646e+01	1.969697e+00	1.524222e-02
6.464646e+01	2.020202e+00	4.675074e-03
6.464646e+01	2.070707e+00	1.257062e-03
6.464646e+01	2.121212e+00	2.960611e-04
6.464646e+01	2.171717e+00	6.100697e-05
6.464646e+01	2.222222e+00	1.098442e-05
6.464646e+01	2.272727e+00	1.725554e-06
6.464646e+01	2.323232e+00	2.361148e-07
6.464646e+01	2.373737e+00	2.809374e-08
6.464646e+01	2.424242e+00	2.901114e-09
6.464646e+01	2.474747e+00	2.595535e-10
6.464646e+01	2.525253e+00	2.006569e-11
6.464646e+01	2.575758e+00	1.340970e-12
6.464646e+01	2.626263e+00	7.651322e-14
6.464646e+01	2.676768e+00	3.894682e-15
6.464646e+01	2.727273e+00	1.405945e-16
6.464646e+01	2.777778e+00	1.057910e-17
6.464646e+01	2.828283e+00	2.067258e-19
6.464646e+01	2.878788e+00	9.140285e-19
6.464646e+01	2.929293e+00	7.987943e-19
6.464646e+01	2.979798e+00	8.437720e-19
6.464646e+01	3.030303e+00	8.608351e-19
6.464646e+01	3.080808e+00	8.768817e-19
6.464646e+01	3.131313e+00	8.881200e-19
6.464646e+01	3.181818e+00	8.952458e-19
6.464646e+01	3.232323e+00	8.979450e-19
6.464646e+01	3.282828e+00	8.966911e-19
6.464646e+01	3.333333e+00	8.911922e-19
6.464646e+01	3.383838e+00	8.819580e-19
6.464646e+01	3.434343e+00	8.688610e-19
6.464646e+01	3.484848e+00	8.522713e-19
6.464646e+01	3.535354e+00	8.323305e-19
6.464646e+01	3.585859e+00	8.092212e-19
6.464646e+01	3.636364e+00	7.833159e-19
6.464646e+01	3.686869e+00	7.546801e-19
6.464646e+01	3.737374e+00	7.237947e-19
6.464646e+01	3.787879e+00	6.907410e-19
6.464646e+01	3.838384e+00	6.559514e-19
6.464646e+01	3.888889e+00	6.196422e-19
6.464646e+01	3.939394e+00	5.821203e-19
6.464646e+01	3.989899e+00	5.437263e-19
6.464646e+01	4.040404e+00	5.046808e-19
6.464646e+01	4.090909e+00	4.653888e-19
6.464646e+01	4.141414e+00	4.260258e-19
6.464646e+01	4.191919e+00	3.870037e-19
6.464646e+01	4.242424e+00	3.484937e-19
6.464646e+01	4.292929e+00	3.108681e-19
6.464646e+01	4.343434e+00	2.743178e-19
6.464646e+01	4.393939e+00	2.391584e-19
6.464646e+01	4.444444e+00	2.055854e-19
6.464646e+01	4.494949e+00	1.738667e-19
6.464646e+01	4.545455e+00	1.441974e-19
6.464646e+01	4.595960e+00	1.167876e-19
6.464646e+01	4.646465e+00	9.182878e-20
6.464646e+01	4.696970e+00	6.948235e-20
6.464646e+01	4.747475e+00	4.993076e-20
6.464646e+01	4.797980e+00	3.330920e-20
6.464646e+01	4.848485e+00	1.978509e-20
6.464646e+01	4.898990e+00	9.517948e-21
6.464646e+01	4.949495e+00	2.748963e-21
6.464646e+01	5.000000e+00	2.054925e-31
6.565657e+01	0.000000e+00	0.000000e+00
6.565657e+01	5.050505e-02	8.458744e-07
6.565657e+01	1.010101e-01	4.836639e-06
6.565657e+01	1.515152e-01	1.822095e-05
6.565657e+01	2.020202e-01	5.973896e-05
6.565657e+01	2.525253e-01	1.809027e-04
6.565657e+01	3.030303e-01	5.133946e-04
6.565657e+01	3.535354e-01	1.368721e-03
6.565657e+01	4.040404e-01	3.423340e-03
6.565657e+01	4.545455e-01	8.010053e-03
6.565657e+01	5.050505e-01	1.747022e-02
6.565657e+01	5.555556e-01	3.536339e-02
6.565657e+01	6.060606e-01	6.609349e-02
6.565657e+01	6.565657e-01	1.133433e-01
6.565657e+01	7.070707e-01	1.769629e-01
6.565657e+01	7.575758e-01	2.490232e-01
6.565657e+01	8.080808e-01	3.115454e-01
6.565657e+01	8.585859e-01	3.397190e-01
6.565657e+01	9.090909e-01	3.129892e-01
6.565657e+01	9.595960e-01	2.308258e-01
6.565657e+01	1.010101e+00	1.228804e-01
6.565657e+01	1.060606e+00	4.176274e-02
6.565657e+01	1.111111e+00	3.698452e-02
6.565657e+01	1.161616e+00	1.262653e-01
6.565657e+01	1.212121e+00	2.884761e-01
6.565657e+01	1.262626e+00	4.868316e-01
6.565657e+01	1.313131e+00	7.009681e-01
6.565657e+01	1.363636e+00	9.337846e-01
6.565657e+01	1.414141e+00	1.183383e+00
6.565657e+01	1.464646e+00	1.410402e+00
6.565657e+01	1.515152e+00	1.541080e+00
6.565657e+01	1.565657e+00	1.511247e+00
6.565657e+01	1.616162e+00	1.313469e+00
6.565657e+01	1.666667e+00	1.005712e+00
6.565657e+01	1.717172e+00	6.768280e-01
6.565657e+01	1.767677e+00	4.000811e-01
6.565657e+01	1.818182e+00	2.077123e-01
6.565657e+01	1.868687e+00	9.471944e-02
6.565657e+01	1.919192e+00	3.793455e-02
6.565657e+01	1.969697e+00	1.333849e-02
6.565657e+01	2.020202e+00	4.115316e-03
6.565657e+01	2.070707e+00	1.113195e-03
6.565657e+01	2.121212e+00	2.637328e-04
6.565657e+01	2.171717e+00	5.465806e-05
6.565657e+01	2.222222e+00	9.895596e-06
6.565657e+01	2.272727e+00	1.562672e-06
6.565657e+01	2.323232e+00	2.148898e-07
6.565657e+01	2.373737e+00	2.568833e-08
6.565657e+01	2.424242e+00	2.664409e-09
6.565657e+01	2.474747e+00	2.393734e-10
6.565657e+01	2.525253e+00	1.857559e-11
6.565657e+01	2.575758e+00	1.246525e-12
6.565657e+01	2.626263e+00	7.122322e-14
6.565657e+01	2.676768e+00	3.671307e-15
6.565657e+01	2.727273e+00	1.265958e-16
6.565657e+01	2.777778e+00	1.170796e-17
6.565657e+01	2.828283e+00	6.128316e-19
6.565657e+01	2.878788e+00	1.550749e-18
6.565657e+01	2.929293e+00	1.425362e-18
6.565657e+01	2.979798e+00	1.494163e-18
6.565657e+01	3.030303e+00	1.526047e-18
6.565657e+01	3.080808e+00	1.554445e-18
6.565657e+01	3.131313e+00	1.574516e-18
6.565657e+01	3.181818e+00	1.587228e-18
6.565657e+01	3.232323e+00	1.592171e-18
6.565657e+01	3.282828e+00	1.589964e-18
6.565657e+01	3.333333e+00	1.580376e-18
6.565657e+01	3.383838e+00	1.564000e-18
6.565657e+01	3.434343e+00	1.540907e-18
6.565657e+01	3.484848e+00	1.511502e-18
6.565657e+01	3.535354e+00	1.476217e-18
6.565657e+01	3.585859e+00	1.435275e-18
6.565657e+01	3.636364e+00	1.389356e-18
6.565657e+01	3.686869e+00	1.338634e-18
6.565657e+01	3.737374e+00	1.283842e-18
6.565657e+01	3.787879e+00	1.225286e-18
6.565657e+01	3.838384e+00	1.163562e-18
6.565657e+01	3.888889e+00	1.099203e-18
6.565657e+01	3.939394e+00	1.032645e-18
6.565657e+01	3.989899e+00	9.645570e-19
6.565657e+01	4.040404e+00	8.953098e-19
6.565657e+01	4.090909e+00	8.256032e-19
6.565657e+01	4.141414e+00	7.558005e-19
6.565657e+01	4.191919e+00	6.865575e-19
6.565657e+01	4.242424e+00	6.182663e-19
6.565657e+01	4.292929e+00	5.515014e-19
6.565657e+01	4.343434e+00	4.866756e-19
6.565657e+01	4.393939e+00	4.242903e-19
6.565657e+01	4.444444e+00	3.647361e-19
6.565657e+01	4.494949e+00	3.084623e-19
6.565657e+01	4.545455e+00	2.558222e-19
6.565657e+01	4.595960e+00	2.071982e-19
6.565657e+01	4.646465e+00	1.629106e-19
6.565657e+01	4.696970e+00	1.232723e-19
6.565657e+01	4.747475e+00	8.857831e-20
6.565657e+01	4.797980e+00	5.909303e-20
6.565657e+01	4.848485e+00	3.509696e-20
6.565657e+01	4.898990e+00	1.688403e-20
6.565657e+01	4.949495e+00	4.875386e-21
6.565657e+01	5.000000e+00	1.876956e-31
6.666667e+01	0.000000e+00	0.000000e+00
6.666667e+01	5.050505e-02	1.323100e-06
6.666667e+01	1.010101e-01	7.566322e-06
6.666667e+01	1.515152e-01	2.851292e-05
6.666667e+01	2.020202e-01	9.352824e-05
6.666667e+01	2.525253e-01	2.834171e-04
6.666667e+01	3.030303e-01	8.050011e-04
6.666667e+01	3.535354e-01	2.148172e-03
6.666667e+01	4.040404e-01	5.377999e-03
6.666667e+01	4.545455e-01	1.259427e-02
6.666667e+01	5.050505e-01	2.748311e-02
6.666667e+01	5.555556e-01	5.562673e-02
6.666667e+01	6.060606e-01	1.038448e-01
6.666667e+01	6.565657e-01	1.775629e-01
6.666667e+01	7.070707e-01	2.756414e-01
6.666667e+01	7.575758e-01	3.839616e-01
6.666667e+01	8.080808e-01	4.722901e-01
6.666667e+01	8.585859e-01	5.014276e-01
6.666667e+01	9.090909e-01	4.451705e-01
6.666667e+01	9.595960e-01	3.209977e-01
6.666667e+01	1.010101e+00	2.084714e-01
6.666667e+01	1.060606e+00	2.288494e-01
6.666667e+01	1.111111e+00	4.783231e-01
6.666667e+01	1.161616e+00	9.475861e-01
6.666667e+01	1.212121e+00	1.490487e+00
6.666667e+01	1.262626e+00	1.885323e+00
6.666667e+01	1.313131e+00	1.962649e+00
6.666667e+01	1.363636e+00	1.709449e+00
6.666667e+01	1.414141e+00	1.268326e+00
6.666667e+01	1.464646e+00	8.345807e-01
6.666667e+01	1.515152e+00	5.366561e-01
6.666667e+01	1.565657e+00	3.879042e-01
6.666667e+01	1.616162e+00	3.251024e-01
6.666667e+01	1.666667e+00	2.794673e-01
6.666667e+01	1.717172e+00	2.197142e-01
6.666667e+01	1.767677e+00	1.504715e-01
6.666667e+01	1.818182e+00	8.864968e-02
6.666667e+01	1.868687e+00	4.492289e-02
6.666667e+01	1.919192e+00	1.963784e-02
6.666667e+01	1.969697e+00	7.427807e-03
6.666667e+01	2.020202e+00	2.436519e-03
6.666667e+01	2.070707e+00	6.941816e-04
6.666667e+01	2.121212e+00	1.719145e-04
6.666667e+01	2.171717e+00	3.701475e-05
6.666667e+01	2.222222e+00	6.926937e-06
6.666667e+01	2.272727e+00	1.125981e-06
6.666667e+01	2.323232e+00	1.588280e-07
6.666667e+01	2.373737e+00	1.941883e-08
6.666667e+01	2.424242e+00	2.054827e-09
6.666667e+01	2.474747e+00	1.879503e-10
6.666667e+01	2.525253e+00	1.481861e-11
6.666667e+01	2.575758e+00	1.009651e-12
6.666667e+01	2.626263e+00	5.827308e-14
6.666667e+01	2.676768e+00	3.081260e-15
6.666667e+01	2.727273e+00	1.000691e-16
6.666667e+01	2.777778e+00	1.218790e-17
6.666667e+01	2.828283e+00	1.213374e-18
6.666667e+01	2.878788e+00	2.342147e-18
6.666667e+01	2.929293e+00	2.222158e-18
6.666667e+01	2.979798e+00	2.318462e-18
6.666667e+01	3.030303e+00	2.369427e-18
6.666667e+01	3.080808e+00	2.413399e-18
6.666667e+01	3.131313e+00	2.444625e-18
6.666667e+01	3.181818e+00	2.464361e-18
6.666667e+01	3.232323e+00	2.472138e-18
6.666667e+01	3.282828e+00	2.468641e-18
6.666667e+01	3.333333e+00	2.453897e-18
6.666667e+01	3.383838e+00	2.428368e-18
6.666667e+01	3.434343e+00	2.392658e-18
6.666667e+01	3.484848e+00	2.346907e-18
6.666667e+01	3.535354e+00	2.292232e-18
6.666667e+01	3.585859e+00	2.228601e-18
6.666667e+01	3.636364e+00	2.157367e-18
6.666667e+01	3.686869e+00	2.078596e-18
6.666667e+01	3.737374e+00	1.993523e-18
6.666667e+01	3.787879e+00	1.902627e-18
6.666667e+01	3.838384e+00	1.806767e-18
6.666667e+01	3.888889e+00	1.706862e-18
6.666667e+01	3.939394e+00	1.603493e-18
6.666667e+01	3.989899e+00	1.497785e-18
6.666667e+01	4.040404e+00	1.390254e-18
6.666667e+01	4.090909e+00	1.282015e-18
6.666667e+01	4.141414e+00	1.173635e-18
6.666667e+01	4.191919e+00	1.066100e-18
6.666667e+01	4.242424e+00	9.600717e-19
6.666667e+01	4.292929e+00	8.563875e-19
6.666667e+01	4.343434e+00	7.557343e-19
6.666667e+01	4.393939e+00	6.588536e-19
6.666667e+01	4.444444e+00	5.663788e-19
6.666667e+01	4.494949e+00	4.789977e-19
6.666667e+01	4.545455e+00	3.972481e-19
6.666667e+01	4.595960e+00	3.217490e-19
6.666667e+01	4.646465e+00	2.529696e-19
6.666667e+01	4.696970e+00	1.914265e-19
6.666667e+01	4.747475e+00	1.375455e-19
6.666667e+01	4.797980e+00	9.176272e-20
6.666667e+01	4.848485e+00	5.449763e-20
6.666667e+01	4.898990e+00	2.621762e-20
6.666667e+01	4.949495e+00	7.569980e-21
6.666667e+01	5.000000e+00	4.031905e-31
6.767677e+01	0.000000e+00	0.000000e+00
6.767677e+01	5.050505e-02	2.447619e-06
6.767677e+01	1.010101e-01	1.401497e-05
6.767677e+01	1.515152e-01	5.297810e-05
6.767677e+01	2.020202e-01	1.747043e-04
6.767677e+01	2.525253e-01	5.335427e-04
6.767677e+01	3.030303e-01	1.531515e-03
6.767677e+01	3.535354e-01	4.143229e-03
6.767677e+01	4.040404e-01	1.055410e-02
6.767677e+01	4.545455e-01	2.525744e-02
6.767677e+01	5.050505e-01	5.662250e-02
6.767677e+01	5.555556e-01	1.185116e-01
6.767677e+01	6.060606e-01	2.306965e-01
6.767677e+01	6.565657e-01	4.158374e-01
6.767677e+01	7.070707e-01	6.905600e-01
6.767677e+01	7.575758e-01	1.050215e+00
6.767677e+01	8.080808e-01	1.452283e+00
6.767677e+01	8.585859e-01	1.810364e+00
6.767677e+01	9.090909e-01	2.013228e+00
6.767677e+01	9.595960e-01	1.973524e+00
6.767677e+01	1.010101e+00	1.687435e+00
6.767677e+01	1.060606e+00	1.263913e+00
6.767677e+01	1.111111e+00	8.858500e-01
6.767677e+01	1.161616e+00	7.085814e-01
6.767677e+01	1.212121e+00	7.588782e-01
6.767677e+01	1.262626e+00	9.152273e-01
6.767677e+01	1.313131e+00	9.953697e-01
6.767677e+01	1.363636e+00	8.871226e-01
6.767677e+01	1.414141e+00	6.183658e-01
6.767677e+01	1.464646e+00	3.162513e-01
6.767677e+01	1.515152e+00	1.028431e-01
6.767677e+01	1.565657e+00	1.913490e-02
6.767677e+01	1.616162e+00	2.645481e-02
6.767677e+01	1.666667e+00	5.983054e-02
6.767677e+01	1.717172e+00	7.651773e-02
6.767677e+01	1.767677e+00	6.849124e-02
6.767677e+01	1.818182e+00	4.755527e-02
6.767677e+01	1.868687e+00	2.689310e-02
6.767677e+01	1.919192e+00	1.271192e-02
6.767677e+01	1.969697e+00	5.097665e-03
6.767677e+01	2.020202e+00	1.749876e-03
6.767677e+01	2.070707e+00	5.170052e-04
6.767677e+01	2.121212e+00	1.319059e-04
6.767677e+01	2.171717e+00	2.911529e-05
6.767677e+01	2.222222e+00	5.564685e-06
6.767677e+01	2.272727e+00	9.210716e-07
6.767677e+01	2.323232e+00	1.319823e-07
6.767677e+01	2.373737e+00	1.636063e-08
6.767677e+01	2.424242e+00	1.752374e-09
6.767677e+01	2.474747e+00	1.620471e-10
6.767677e+01	2.525253e+00	1.289611e-11
6.767677e+01	2.575758e+00	8.876115e-13
6.767677e+01	2.626263e+00	5.132947e-14
6.767677e+01	2.676768e+00	2.805639e-15
6.767677e+01	2.727273e+00	7.910465e-17
6.767677e+01	2.777778e+00	1.497159e-17
6.767677e+01	2.828283e+00	2.326871e-18
6.767677e+01	2.878788e+00	3.924028e-18
6.767677e+01	2.929293e+00	3.794854e-18
6.767677e+01	2.979798e+00	3.948534e-18
6.767677e+01	3.030303e+00	4.037156e-18
6.767677e+01	3.080808e+00	4.112190e-18
6.767677e+01	3.131313e+00	4.165701e-18
6.767677e+01	3.181818e+00	4.199567e-18
6.767677e+01	3.232323e+00	4.213070e-18
6.767677e+01	3.282828e+00	4.207301e-18
6.767677e+01	3.333333e+00	4.182358e-18
6.767677e+01	3.383838e+00	4.139058e-18
6.767677e+01	3.434343e+00	4.078275e-18
6.767677e+01	3.484848e+00	4.000532e-18
6.767677e+01	3.535354e+00	3.907336e-18
6.767677e+01	3.585859e+00	3.799125e-18
6.767677e+01	3.636364e+00	3.677633e-18
6.767677e+01	3.686869e+00	3.543580e-18
6.767677e+01	3.737374e+00	3.398513e-18
6.767677e+01	3.787879e+00	3.243708e-18
6.767677e+01	3.838384e+00	3.080281e-18
6.767677e+01	3.888889e+00	2.910036e-18
6.767677e+01	3.939394e+00	2.733842e-18
6.767677e+01	3.989899e+00	2.553640e-18
6.767677e+01	4.040404e+00	2.370366e-18
6.767677e+01	4.090909e+00	2.185807e-18
6.767677e+01	4.141414e+00	2.001080e-18
6.767677e+01	4.191919e+00	1.817710e-18
6.767677e+01	4.242424e+00	1.636978e-18
6.767677e+01	4.292929e+00	1.460170e-18
6.767677e+01	4.343434e+00	1.288582e-18
6.767677e+01	4.393939e+00	1.123382e-18
6.767677e+01	4.444444e+00	9.657230e-19
6.767677e+01	4.494949e+00	8.167221e-19
6.767677e+01	4.545455e+00	6.773395e-19
6.767677e+01	4.595960e+00	5.486080e-19
6.767677e+01	4.646465e+00	4.313279e-19
6.767677e+01	4.696970e+00	3.263942e-19
6.767677e+01	4.747475e+00	2.345162e-19
6.767677e+01	4.797980e+00	1.564564e-19
6.767677e+01	4.848485e+00	9.291512e-20
6.767677e+01	4.898990e+00	4.469845e-20
6.767677e+01	4.949495e+00	1.290414e-20
6.767677e+01	5.000000e+00	2.592571e-31
6.868687e+01	0.000000e+00	0.000000e+00
6.868687e+01	5.050505e-02	2.565987e-06
6.868687e+01	1.010101e-01	1.469802e-05
6.868687e+01	1.515152e-01	5.560835e-05
6.868687e+01	2.020202e-01	1.836509e-04
6.868687e+01	2.525253e-01	5.620896e-04
6.868687e+01	3.030303e-01	1.618229e-03
6.868687e+01	3.535354e-01	4.394616e-03
6.868687e+01	4.040404e-01	1.124883e-02
6.868687e+01	4.545455e-01	2.708322e-02
6.868687e+01	5.050505e-01	6.117151e-02
6.868687e+01	5.555556e-01	1.292204e-01
6.868687e+01	6.060606e-01	2.544265e-01
6.868687e+01	6.565657e-01	4.651311e-01
6.868687e+01	7.070707e-01	7.861067e-01
6.868687e+01	7.575758e-01	1.222106e+00
6.868687e+01	8.080808e-01	1.737461e+00
6.868687e+01	8.585859e-01	2.243141e+00
6.868687e+01	9.090909e-01	2.607301e+00
6.868687e+01	9.595960e-01	2.698769e+00
6.868687e+01	1.010101e+00	2.451911e+00
6.868687e+01	1.060606e+00	1.916565e+00
6.868687e+01	1.111111e+00	1.251702e+00
6.868687e+01	1.161616e+00	6.524284e-01
6.868687e+01	1.212121e+00	2.516548e-01
6.868687e+01	1.262626e+00	6.515844e-02
6.868687e+01	1.313131e+00	1.803283e-02
6.868687e+01	1.363636e+00	2.277993e-02
6.868687e+01	1.414141e+00	3.899860e-02
6.868687e+01	1.464646e+00	7.199271e-02
6.868687e+01	1.515152e+00	1.310545e-01
6.868687e+01	1.565657e+00	1.998032e-01
6.868687e+01	1.616162e+00	2.447789e-01
6.868687e+01	1.666667e+00	2.436866e-01
6.868687e+01	1.717172e+00	2.008894e-01
6.868687e+01	1.767677e+00	1.393106e-01
6.868687e+01	1.818182e+00	8.220911e-02
6.868687e+01	1.868687e+00	4.161808e-02
6.868687e+01	1.919192e+00	1.817544e-02
6.868687e+01	1.969697e+00	6.872930e-03
6.868687e+01	2.020202e+00	2.255699e-03
6.868687e+01	2.070707e+00	6.434260e-04
6.868687e+01	2.121212e+00	1.596115e-04
6.868687e+01	2.171717e+00	3.443506e-05
6.868687e+01	2.222222e+00	6.458581e-06
6.868687e+01	2.272727e+00	1.052333e-06
6.868687e+01	2.323232e+00	1.487993e-07
6.868687e+01	2.373737e+00	1.823718e-08
6.868687e+01	2.424242e+00	1.934405e-09
6.868687e+01	2.474747e+00	1.773683e-10
6.868687e+01	2.525253e+00	1.401238e-11
6.868687e+01	2.575758e+00	9.579474e-13
6.868687e+01	2.626263e+00	5.513574e-14
6.868687e+01	2.676768e+00	2.985856e-15
6.868687e+01	2.727273e+00	8.594556e-17
6.868687e+01	2.777778e+00	1.536328e-17
6.868687e+01	2.828283e+00	2.408168e-18
6.868687e+01	2.878788e+00	4.014325e-18
6.868687e+01	2.929293e+00	3.886478e-18
6.868687e+01	2.979798e+00	4.043244e-18
6.868687e+01	3.030303e+00	4.134184e-18
6.868687e+01	3.080808e+00	4.211087e-18
6.868687e+01	3.131313e+00	4.265963e-18
6.868687e+01	3.181818e+00	4.300717e-18
6.868687e+01	3.232323e+00	4.314597e-18
6.868687e+01	3.282828e+00	4.308765e-18
6.868687e+01	3.333333e+00	4.283243e-18
6.868687e+01	3.383838e+00	4.238989e-18
6.868687e+01	3.434343e+00	4.176728e-18
6.868687e+01	3.484848e+00	4.097205e-18
6.868687e+01	3.535354e+00	4.001730e-18
6.868687e+01	3.585859e+00	3.890998e-18
6.868687e+01	3.636364e+00	3.766534e-18
6.868687e+01	3.686869e+00	3.629314e-18
6.868687e+01	3.737374e+00	3.480724e-18
6.868687e+01	3.787879e+00	3.322215e-18
6.868687e+01	3.838384e+00	3.154836e-18
6.868687e+01	3.888889e+00	2.980487e-18
6.868687e+01	3.939394e+00	2.800044e-18
6.868687e+01	3.989899e+00	2.615480e-18
6.868687e+01	4.040404e+00	2.427787e-18
6.868687e+01	4.090909e+00	2.238754e-18
6.868687e+01	4.141414e+00	2.049567e-18
6.868687e+01	4.191919e+00	1.861751e-18
6.868687e+01	4.242424e+00	1.676650e-18
6.868687e+01	4.292929e+00	1.495553e-18
6.868687e+01	4.343434e+00	1.319814e-18
6.868687e+01	4.393939e+00	1.150607e-18
6.868687e+01	4.444444e+00	9.891318e-19
6.868687e+01	4.494949e+00	8.365156e-19
6.868687e+01	4.545455e+00	6.937585e-19
6.868687e+01	4.595960e+00	5.619052e-19
6.868687e+01	4.646465e+00	4.417826e-19
6.868687e+01	4.696970e+00	3.343038e-19
6.868687e+01	4.747475e+00	2.401983e-19
6.868687e+01	4.797980e+00	1.602468e-19
6.868687e+01	4.848485e+00	9.516553e-20
6.868687e+01	4.898990e+00	4.578062e-20
6.868687e+01	4.949495e+00	1.321609e-20
6.868687e+01	5.000000e+00	1.481277e-31
6.969697e+01	0.000000e+00	0.000000e+00
6.969697e+01	5.050505e-02	1.060497e-06
6.969697e+01	1.010101e-01	6.067221e-06
6.969697e+01	1.515152e-01	2.288802e-05
6.969697e+01	2.020202e-01	7.521769e-05
6.969697e+01	2.525253e-01	2.285808e-04
6.969697e+01	3.030303e-01	6.518909e-04
6.969697e+01	3.535354e-01	1.749409e-03
6.969697e+01	4.040404e-01	4.413532e-03
6.969697e+01	4.545455e-01	1.044487e-02
6.969697e+01	5.050505e-01	2.312358e-02
6.969697e+01	5.555556e-01	4.774571e-02
6.969697e+01	6.060606e-01	9.165907e-02
6.969697e+01	6.565657e-01	1.630921e-01
6.969697e+01	7.070707e-01	2.682404e-01
6.969697e+01	7.575758e-01	4.071001e-01
6.969697e+01	8.080808e-01	5.703612e-01
6.969697e+01	8.585859e-01	7.410150e-01
6.969697e+01	9.090909e-01	9.027828e-01
6.969697e+01	9.595960e-01	1.051671e+00
6.969697e+01	1.010101e+00	1.200012e+00
6.969697e+01	1.060606e+00	1.362475e+00
6.969697e+01	1.111111e+00	1.527162e+00
6.969697e+01	1.161616e+00	1.635434e+00
6.969697e+01	1.212121e+00	1.599933e+00
6.969697e+01	1.262626e+00	1.364267e+00
6.969697e+01	1.313131e+00	9.640394e-01
6.969697e+01	1.363636e+00	5.314521e-01
6.969697e+01	1.414141e+00	2.244232e-01
6.969697e+01	1.464646e+00	1.286381e-01
6.969697e+01	1.515152e+00	2.100600e-01
6.969697e+01	1.565657e+00	3.526775e-01
6.969697e+01	1.616162e+00	4.433564e-01
6.969697e+01	1.666667e+00	4.343037e-01
6.969697e+01	1.717172e+00	3.464948e-01
6.969697e+01	1.767677e+00	2.313985e-01
6.969697e+01	1.818182e+00	1.315088e-01
6.969697e+01	1.868687e+00	6.425046e-02
6.969697e+01	1.919192e+00	2.715508e-02
6.969697e+01	1.969697e+00	9.966684e-03
6.969697e+01	2.020202e+00	3.183844e-03
6.969697e+01	2.070707e+00	8.862461e-04
6.969697e+01	2.121212e+00	2.150404e-04
6.969697e+01	2.171717e+00	4.547410e-05
6.969697e+01	2.222222e+00	8.375597e-06
6.969697e+01	2.272727e+00	1.342345e-06
6.969697e+01	2.323232e+00	1.869751e-07
6.969697e+01	2.373737e+00	2.260335e-08
6.969697e+01	2.424242e+00	2.367669e-09
6.969697e+01	2.474747e+00	2.145791e-10
6.969697e+01	2.525253e+00	1.678125e-11
6.969697e+01	2.575758e+00	1.133987e-12
6.969697e+01	2.626263e+00	6.519394e-14
6.969697e+01	2.676768e+00	3.380790e-15
6.969697e+01	2.727273e+00	1.173454e-16
6.969697e+01	2.777778e+00	1.127467e-17
6.969697e+01	2.828283e+00	9.495844e-19
6.969697e+01	2.878788e+00	1.846216e-18
6.969697e+01	2.929293e+00	1.742276e-18
6.969697e+01	2.979798e+00	1.819104e-18
6.969697e+01	3.030303e+00	1.858943e-18
6.969697e+01	3.080808e+00	1.893478e-18
6.969697e+01	3.131313e+00	1.917993e-18
6.969697e+01	3.181818e+00	1.933500e-18
6.969697e+01	3.232323e+00	1.939603e-18
6.969697e+01	3.282828e+00	1.936893e-18
6.969697e+01	3.333333e+00	1.925312e-18
6.969697e+01	3.383838e+00	1.905324e-18
6.969697e+01	3.434343e+00	1.877282e-18
6.969697e+01	3.484848e+00	1.841429e-18
6.969697e+01	3.535354e+00	1.798506e-18
6.969697e+01	3.585859e+00	1.748617e-18
6.969697e+01	3.636364e+00	1.692705e-18
6.969697e+01	3.686869e+00	1.630925e-18
6.969697e+01	3.737374e+00	1.564170e-18
6.969697e+01	3.787879e+00	1.492858e-18
6.969697e+01	3.838384e+00	1.417647e-18
6.969697e+01	3.888889e+00	1.339260e-18
6.969697e+01	3.939394e+00	1.258160e-18
6.969697e+01	3.989899e+00	1.175216e-18
6.969697e+01	4.040404e+00	1.090849e-18
6.969697e+01	4.090909e+00	1.005919e-18
6.969697e+01	4.141414e+00	9.208830e-19
6.969697e+01	4.191919e+00	8.365073e-19
6.969697e+01	4.242424e+00	7.533141e-19
6.969697e+01	4.292929e+00	6.719588e-19
6.969697e+01	4.343434e+00	5.929826e-19
6.969697e+01	4.393939e+00	5.169658e-19
6.969697e+01	4.444444e+00	4.444068e-19
6.969697e+01	4.494949e+00	3.758420e-19
6.969697e+01	4.545455e+00	3.116999e-19
6.969697e+01	4.595960e+00	2.524585e-19
6.969697e+01	4.646465e+00	1.984921e-19
6.969697e+01	4.696970e+00	1.502008e-19
6.969697e+01	4.747475e+00	1.079241e-19
6.969697e+01	4.797980e+00	7.200052e-20
6.969697e+01	4.848485e+00	4.276113e-20
6.969697e+01	4.898990e+00	2.057123e-20
6.969697e+01	4.949495e+00	5.939595e-21
6.969697e+01	5.000000e+00	3.755103e-31
7.070707e+01	0.000000e+00	0.000000e+00
7.070707e+01	5.050505e-02	3.049615e-07
7.070707e+01	1.010101e-01	1.737553e-06
7.070707e+01	1.515152e-01	6.489484e-06
7.070707e+01	2.020202e-01	2.096145e-05
7.070707e+01	2.525253e-01	6.208756e-05
7.070707e+01	3.030303e-01	1.709214e-04
7.070707e+01	3.535354e-01	4.376793e-04
7.070707e+01	4.040404e-01	1.038782e-03
7.070707e+01	4.545455e-01	2.271273e-03
7.070707e+01	5.050505e-01	4.536589e-03
7.070707e+01	5.555556e-01	8.181344e-03
7.070707e+01	6.060606e-01	1.309756e-02
7.070707e+01	6.565657e-01	1.812945e-02
7.070707e+01	7.070707e-01	2.074754e-02
7.070707e+01	7.575758e-01	1.805397e-02
7.070707e+01	8.080808e-01	1.039921e-02
7.070707e+01	8.585859e-01	7.637725e-03
7.070707e+01	9.090909e-01	3.465209e-02
7.070707e+01	9.595960e-01	1.288054e-01
7.070707e+01	1.010101e+00	3.222523e-01
7.070707e+01	1.060606e+00	6.115697e-01
7.070707e+01	1.111111e+00	9.337107e-01
7.070707e+01	1.161616e+00	1.176423e+00
7.070707e+01	1.212121e+00	1.235253e+00
7.070707e+01	1.262626e+00	1.089186e+00
7.070707e+01	1.313131e+00	8.352567e-01
7.070707e+01	1.363636e+00	6.396015e-01
7.070707e+01	1.414141e+00	6.283809e-01
7.070707e+01	1.464646e+00	8.005267e-01
7.070707e+01	1.515152e+00	1.032889e+00
7.070707e+01	1.565657e+00	1.171100e+00
7.070707e+01	1.616162e+00	1.129816e+00
7.070707e+01	1.666667e+00	9.289318e-01
7.070707e+01	1.717172e+00	6.558593e-01
7.070707e+01	1.767677e+00	4.003837e-01
7.070707e+01	1.818182e+00	2.124172e-01
7.070707e+01	1.868687e+00	9.827598e-02
7.070707e+01	1.919192e+00	3.973617e-02
7.070707e+01	1.969697e+00	1.405786e-02
7.070707e+01	2.020202e+00	4.353537e-03
7.070707e+01	2.070707e+00	1.180071e-03
7.070707e+01	2.121212e+00	2.798236e-04
7.070707e+01	2.171717e+00	5.799543e-05
7.070707e+01	2.222222e+00	1.049408e-05
7.070707e+01	2.272727e+00	1.655595e-06
7.070707e+01	2.323232e+00	2.273857e-07
7.070707e+01	2.373737e+00	2.714313e-08
7.070707e+01	2.424242e+00	2.810969e-09
7.070707e+01	2.474747e+00	2.521205e-10
7.070707e+01	2.525253e+00	1.953543e-11
7.070707e+01	2.575758e+00	1.307933e-12
7.070707e+01	2.626263e+00	7.481159e-14
7.070707e+01	2.676768e+00	3.802424e-15
7.070707e+01	2.727273e+00	1.397173e-16
7.070707e+01	2.777778e+00	9.843803e-18
7.070707e+01	2.828283e+00	1.287871e-19
7.070707e+01	2.878788e+00	7.330789e-19
7.070707e+01	2.929293e+00	6.279738e-19
7.070707e+01	2.979798e+00	6.653310e-19
7.070707e+01	3.030303e+00	6.784344e-19
7.070707e+01	3.080808e+00	6.910493e-19
7.070707e+01	3.131313e+00	6.998387e-19
7.070707e+01	3.181818e+00	7.053999e-19
7.070707e+01	3.232323e+00	7.074737e-19
7.070707e+01	3.282828e+00	7.064387e-19
7.070707e+01	3.333333e+00	7.020703e-19
7.070707e+01	3.383838e+00	6.947426e-19
7.070707e+01	3.434343e+00	6.844131e-19
7.070707e+01	3.484848e+00	6.712860e-19
7.070707e+01	3.535354e+00	6.555842e-19
7.070707e+01	3.585859e+00	6.373210e-19
7.070707e+01	3.636364e+00	6.169351e-19
7.070707e+01	3.686869e+00	5.943290e-19
7.070707e+01	3.737374e+00	5.700145e-19
7.070707e+01	3.787879e+00	5.439496e-19
7.070707e+01	3.838384e+00	5.165524e-19
7.070707e+01	3.888889e+00	4.879429e-19
7.070707e+01	3.939394e+00	4.583859e-19
7.070707e+01	3.989899e+00	4.281485e-19
7.070707e+01	4.040404e+00	3.973887e-19
7.070707e+01	4.090909e+00	3.664528e-19
7.070707e+01	4.141414e+00	3.354451e-19
7.070707e+01	4.191919e+00	3.047239e-19
7.070707e+01	4.242424e+00	2.743913e-19
7.070707e+01	4.292929e+00	2.447706e-19
7.070707e+01	4.343434e+00	2.159853e-19
7.070707e+01	4.393939e+00	1.883049e-19
7.070707e+01	4.444444e+00	1.618671e-19
7.070707e+01	4.494949e+00	1.368957e-19
7.070707e+01	4.545455e+00	1.135337e-19
7.070707e+01	4.595960e+00	9.195270e-20
7.070707e+01	4.646465e+00	7.230237e-20
7.070707e+01	4.696970e+00	5.470781e-20
7.070707e+01	4.747475e+00	3.931509e-20
7.070707e+01	4.797980e+00	2.622746e-20
7.070707e+01	4.848485e+00	1.557944e-20
7.070707e+01	4.898990e+00	7.495000e-21
7.070707e+01	4.949495e+00	2.165117e-21
7.070707e+01	5.000000e+00	3.229135e-31
7.171717e+01	0.000000e+00	0.000000e+00
7.171717e+01	5.050505e-02	7.202567e-07
7.171717e+01	1.010101e-01	4.118786e-06
7.171717e+01	1.515152e-01	1.552050e-05
7.171717e+01	2.020202e-01	5.090826e-05
7.171717e+01	2.525253e-01	1.542706e-04
7.171717e+01	3.030303e-01	4.382734e-04
7.171717e+01	3.535354e-01	1.170221e-03
7.171717e+01	4.040404e-01	2.933235e-03
7.171717e+01	4.545455e-01	6.884639e-03
7.171717e+01	5.050505e-01	1.508256e-02
7.171717e+01	5.555556e-01	3.072617e-02
7.171717e+01	6.060606e-01	5.796166e-02
7.171717e+01	6.565657e-01	1.007582e-01
7.171717e+01	7.070707e-01	1.605237e-01
7.171717e+01	7.575758e-01	2.329043e-01
7.171717e+01	8.080808e-01	3.055219e-01
7.171717e+01	8.585859e-01	3.593500e-01
7.171717e+01	9.090909e-01	3.754129e-01
7.171717e+01	9.595960e-01	3.447421e-01
7.171717e+01	1.010101e+00	2.751565e-01
7.171717e+01	1.060606e+00	1.884364e-01
7.171717e+01	1.111111e+00	1.089655e-01
7.171717e+01	1.161616e+00	5.481741e-02
7.171717e+01	1.212121e+00	4.240657e-02
7.171717e+01	1.262626e+00	1.003470e-01
7.171717e+01	1.313131e+00	2.706856e-01
7.171717e+01	1.363636e+00	5.804551e-01
7.171717e+01	1.414141e+00	9.981521e-01
7.171717e+01	1.464646e+00	1.417436e+00
7.171717e+01	1.515152e+00	1.697171e+00
7.171717e+01	1.565657e+00	1.737554e+00
7.171717e+01	1.616162e+00	1.535626e+00
7.171717e+01	1.666667e+00	1.179283e+00
7.171717e+01	1.717172e+00	7.904727e-01
7.171717e+01	1.767677e+00	4.638669e-01
7.171717e+01	1.818182e+00	2.387592e-01
7.171717e+01	1.868687e+00	1.079066e-01
7.171717e+01	1.919192e+00	4.283919e-02
7.171717e+01	1.969697e+00	1.493849e-02
7.171717e+01	2.020202e+00	4.573422e-03
7.171717e+01	2.070707e+00	1.228300e-03
7.171717e+01	2.121212e+00	2.890983e-04
7.171717e+01	2.171717e+00	5.955561e-05
7.171717e+01	2.222222e+00	1.072307e-05
7.171717e+01	2.272727e+00	1.684831e-06
7.171717e+01	2.323232e+00	2.306217e-07
7.171717e+01	2.373737e+00	2.745250e-08
7.171717e+01	2.424242e+00	2.836361e-09
7.171717e+01	2.474747e+00	2.539101e-10
7.171717e+01	2.525253e+00	1.963984e-11
7.171717e+01	2.575758e+00	1.313705e-12
7.171717e+01	2.626263e+00	7.491118e-14
7.171717e+01	2.676768e+00	3.837474e-15
7.171717e+01	2.727273e+00	1.345329e-16
7.171717e+01	2.777778e+00	1.150466e-17
7.171717e+01	2.828283e+00	4.609238e-19
7.171717e+01	2.878788e+00	1.329512e-18
7.171717e+01	2.929293e+00	1.205310e-18
7.171717e+01	2.979798e+00	1.266112e-18
7.171717e+01	3.030303e+00	1.292782e-18
7.171717e+01	3.080808e+00	1.316876e-18
7.171717e+01	3.131313e+00	1.333870e-18
7.171717e+01	3.181818e+00	1.344646e-18
7.171717e+01	3.232323e+00	1.348813e-18
7.171717e+01	3.282828e+00	1.346967e-18
7.171717e+01	3.333333e+00	1.338812e-18
7.171717e+01	3.383838e+00	1.324972e-18
7.171717e+01	3.434343e+00	1.305371e-18
7.171717e+01	3.484848e+00	1.280492e-18
7.171717e+01	3.535354e+00	1.250570e-18
7.171717e+01	3.585859e+00	1.215909e-18
7.171717e+01	3.636364e+00	1.176989e-18
7.171717e+01	3.686869e+00	1.134029e-18
7.171717e+01	3.737374e+00	1.087610e-18
7.171717e+01	3.787879e+00	1.037999e-18
7.171717e+01	3.838384e+00	9.857147e-19
7.171717e+01	3.888889e+00	9.311868e-19
7.171717e+01	3.939394e+00	8.748072e-19
7.171717e+01	3.989899e+00	8.171222e-19
7.171717e+01	4.040404e+00	7.584621e-19
7.171717e+01	4.090909e+00	6.994090e-19
7.171717e+01	4.141414e+00	6.402743e-19
7.171717e+01	4.191919e+00	5.816179e-19
7.171717e+01	4.242424e+00	5.237621e-19
7.171717e+01	4.292929e+00	4.672041e-19
7.171717e+01	4.343434e+00	4.122851e-19
7.171717e+01	4.393939e+00	3.594369e-19
7.171717e+01	4.444444e+00	3.089852e-19
7.171717e+01	4.494949e+00	2.613119e-19
7.171717e+01	4.545455e+00	2.167202e-19
7.171717e+01	4.595960e+00	1.755268e-19
7.171717e+01	4.646465e+00	1.380106e-19
7.171717e+01	4.696970e+00	1.044287e-19
7.171717e+01	4.747475e+00	7.503940e-20
7.171717e+01	4.797980e+00	5.006023e-20
7.171717e+01	4.848485e+00	2.973276e-20
7.171717e+01	4.898990e+00	1.430331e-20
7.171717e+01	4.949495e+00	4.130276e-21
7.171717e+01	5.000000e+00	1.362174e-31
7.272727e+01	0.000000e+00	0.000000e+00
7.272727e+01	5.050505e-02	1.078668e-06
7.272727e+01	1.010101e-01	6.167054e-06
7.272727e+01	1.515152e-01	2.322668e-05
7.272727e+01	2.020202e-01	7.611390e-05
7.272727e+01	2.525253e-01	2.303161e-04
7.272727e+01	3.030303e-01	6.529049e-04
7.272727e+01	3.535354e-01	1.737897e-03
7.272727e+01	4.040404e-01	4.336912e-03
7.272727e+01	4.545455e-01	1.011531e-02
7.272727e+01	5.050505e-01	2.196198e-02
7.272727e+01	5.555556e-01	4.416827e-02
7.272727e+01	6.060606e-01	8.178066e-02
7.272727e+01	6.565657e-01	1.383379e-01
7.272727e+01	7.070707e-01	2.116212e-01
7.272727e+01	7.575758e-01	2.886225e-01
7.272727e+01	8.080808e-01	3.435413e-01
7.272727e+01	8.585859e-01	3.444279e-01
7.272727e+01	9.090909e-01	2.716967e-01
7.272727e+01	9.595960e-01	1.428448e-01
7.272727e+01	1.010101e+00	2.597914e-02
7.272727e+01	1.060606e+00	2.155818e-02
7.272727e+01	1.111111e+00	2.083488e-01
7.272727e+01	1.161616e+00	5.816774e-01
7.272727e+01	1.212121e+00	1.032999e+00
7.272727e+01	1.262626e+00	1.400352e+00
7.272727e+01	1.313131e+00	1.563396e+00
7.272727e+01	1.363636e+00	1.512328e+00
7.272727e+01	1.414141e+00	1.336169e+00
7.272727e+01	1.464646e+00	1.144750e+00
7.272727e+01	1.515152e+00	9.940770e-01
7.272727e+01	1.565657e+00	8.721731e-01
7.272727e+01	1.616162e+00	7.403866e-01
7.272727e+01	1.666667e+00	5.803908e-01
7.272727e+01	1.717172e+00	4.075805e-01
7.272727e+01	1.767677e+00	2.525469e-01
7.272727e+01	1.818182e+00	1.371890e-01
7.272727e+01	1.868687e+00	6.518522e-02
7.272727e+01	1.919192e+00	2.707433e-02
7.272727e+01	1.969697e+00	9.828617e-03
7.272727e+01	2.020202e+00	3.118217e-03
7.272727e+01	2.070707e+00	8.643178e-04
7.272727e+01	2.121212e+00	2.092002e-04
7.272727e+01	2.171717e+00	4.418086e-05
7.272727e+01	2.222222e+00	8.133042e-06
7.272727e+01	2.272727e+00	1.303458e-06
7.272727e+01	2.323232e+00	1.816203e-07
7.272727e+01	2.373737e+00	2.196869e-08
7.272727e+01	2.424242e+00	2.302845e-09
7.272727e+01	2.474747e+00	2.088802e-10
7.272727e+01	2.525253e+00	1.634842e-11
7.272727e+01	2.575758e+00	1.106115e-12
7.272727e+01	2.626263e+00	6.355490e-14
7.272727e+01	2.676768e+00	3.320542e-15
7.272727e+01	2.727273e+00	1.110851e-16
7.272727e+01	2.777778e+00	1.188690e-17
7.272727e+01	2.828283e+00	9.190758e-19
7.272727e+01	2.878788e+00	1.956938e-18
7.272727e+01	2.929293e+00	1.834266e-18
7.272727e+01	2.979798e+00	1.917183e-18
7.272727e+01	3.030303e+00	1.958837e-18
7.272727e+01	3.080808e+00	1.995213e-18
7.272727e+01	3.131313e+00	2.020992e-18
7.272727e+01	3.181818e+00	2.037294e-18
7.272727e+01	3.232323e+00	2.043681e-18
7.272727e+01	3.282828e+00	2.040795e-18
7.272727e+01	3.333333e+00	2.028559e-18
7.272727e+01	3.383838e+00	2.007467e-18
7.272727e+01	3.434343e+00	1.977905e-18
7.272727e+01	3.484848e+00	1.940092e-18
7.272727e+01	3.535354e+00	1.894867e-18
7.272727e+01	3.585859e+00	1.842264e-18
7.272727e+01	3.636364e+00	1.783366e-18
7.272727e+01	3.686869e+00	1.718239e-18
7.272727e+01	3.737374e+00	1.647916e-18
7.272727e+01	3.787879e+00	1.572760e-18
7.272727e+01	3.838384e+00	1.493524e-18
7.272727e+01	3.888889e+00	1.410927e-18
7.272727e+01	3.939394e+00	1.325482e-18
7.272727e+01	3.989899e+00	1.238095e-18
7.272727e+01	4.040404e+00	1.149205e-18
7.272727e+01	4.090909e+00	1.059733e-18
7.272727e+01	4.141414e+00	9.701377e-19
7.272727e+01	4.191919e+00	8.812526e-19
7.272727e+01	4.242424e+00	7.936013e-19
7.272727e+01	4.292929e+00	7.078987e-19
7.272727e+01	4.343434e+00	6.246933e-19
7.272727e+01	4.393939e+00	5.446135e-19
7.272727e+01	4.444444e+00	4.681713e-19
7.272727e+01	4.494949e+00	3.959414e-19
7.272727e+01	4.545455e+00	3.283682e-19
7.272727e+01	4.595960e+00	2.659587e-19
7.272727e+01	4.646465e+00	2.091076e-19
7.272727e+01	4.696970e+00	1.582333e-19
7.272727e+01	4.747475e+00	1.136971e-19
7.272727e+01	4.797980e+00	7.585181e-20
7.272727e+01	4.848485e+00	4.504913e-20
7.272727e+01	4.898990e+00	2.167207e-20
7.272727e+01	4.949495e+00	6.257777e-21
7.272727e+01	5.000000e+00	3.248602e-31
7.373737e+01	0.000000e+00	0.000000e+00
7.373737e+01	5.050505e-02	1.937152e-06
7.373737e+01	1.010101e-01	1.108630e-05
7.373737e+01	1.515152e-01	4.185474e-05
7.373737e+01	2.020202e-01	1.377269e-04
7.373737e+01	2.525253e-01	4.192937e-04
7.373737e+01	3.030303e-01	1.198466e-03
7.373737e+01	3.535354e-01	3.224481e-03
7.373737e+01	4.040404e-01	8.157153e-03
7.373737e+01	4.545455e-01	1.935428e-02
7.373737e+01	5.050505e-01	4.293202e-02
7.373737e+01	5.555556e-01	8.869657e-02
7.373737e+01	6.060606e-01	1.699195e-01
7.373737e+01	6.565657e-01	3.002981e-01
7.373737e+01	7.070707e-01	4.866063e-01
7.373737e+01	7.575758e-01	7.176490e-01
7.373737e+01	8.080808e-01	9.546491e-01
7.373737e+01	8.585859e-01	1.133030e+00
7.373737e+01	9.090909e-01	1.185237e+00
7.373737e+01	9.595960e-01	1.083002e+00
7.373737e+01	1.010101e+00	8.770549e-01
7.373737e+01	1.060606e+00	6.978334e-01
7.373737e+01	1.111111e+00	6.940638e-01
7.373737e+01	1.161616e+00	9.319576e-01
7.373737e+01	1.212121e+00	1.325244e+00
7.373737e+01	1.262626e+00	1.664187e+00
7.373737e+01	1.313131e+00	1.741880e+00
7.373737e+01	1.363636e+00	1.490056e+00
7.373737e+01	1.414141e+00	1.018743e+00
7.373737e+01	1.464646e+00	5.316629e-01
7.373737e+01	1.515152e+00	1.920296e-01
7.373737e+01	1.565657e+00	4.351353e-02
7.373737e+01	1.616162e+00	2.800700e-02
7.373737e+01	1.666667e+00	5.822783e-02
7.373737e+01	1.717172e+00	7.689952e-02
7.373737e+01	1.767677e+00	7.021216e-02
7.373737e+01	1.818182e+00	4.925016e-02
7.373737e+01	1.868687e+00	2.798872e-02
7.373737e+01	1.919192e+00	1.325635e-02
7.373737e+01	1.969697e+00	5.317956e-03
7.373737e+01	2.020202e+00	1.824469e-03
7.373737e+01	2.070707e+00	5.384557e-04
7.373737e+01	2.121212e+00	1.371888e-04
7.373737e+01	2.171717e+00	3.023510e-05
7.373737e+01	2.222222e+00	5.769541e-06
7.373737e+01	2.272727e+00	9.534597e-07
7.373737e+01	2.323232e+00	1.364101e-07
7.373737e+01	2.373737e+00	1.688387e-08
7.373737e+01	2.424242e+00	1.805812e-09
7.373737e+01	2.474747e+00	1.667507e-10
7.373737e+01	2.525253e+00	1.325491e-11
7.373737e+01	2.575758e+00	9.106459e-13
7.373737e+01	2.626263e+00	5.272722e-14
7.373737e+01	2.676768e+00	2.848441e-15
7.373737e+01	2.727273e+00	8.540230e-17
7.373737e+01	2.777778e+00	1.361153e-17
7.373737e+01	2.828283e+00	1.841172e-18
7.373737e+01	2.878788e+00	3.229637e-18
7.373737e+01	2.929293e+00	3.105474e-18
7.373737e+01	2.979798e+00	3.233846e-18
7.373737e+01	3.030303e+00	3.305947e-18
7.373737e+01	3.080808e+00	3.367338e-18
7.373737e+01	3.131313e+00	3.411056e-18
7.373737e+01	3.181818e+00	3.438704e-18
7.373737e+01	3.232323e+00	3.449684e-18
7.373737e+01	3.282828e+00	3.444886e-18
7.373737e+01	3.333333e+00	3.424413e-18
7.373737e+01	3.383838e+00	3.388874e-18
7.373737e+01	3.434343e+00	3.339095e-18
7.373737e+01	3.484848e+00	3.275348e-18
7.373737e+01	3.535354e+00	3.199058e-18
7.373737e+01	3.585859e+00	3.110366e-18
7.373737e+01	3.636364e+00	3.010928e-18
7.373737e+01	3.686869e+00	2.901096e-18
7.373737e+01	3.737374e+00	2.782344e-18
7.373737e+01	3.787879e+00	2.655555e-18
7.373737e+01	3.838384e+00	2.521759e-18
7.373737e+01	3.888889e+00	2.382359e-18
7.373737e+01	3.939394e+00	2.238098e-18
7.373737e+01	3.989899e+00	2.090568e-18
7.373737e+01	4.040404e+00	1.940506e-18
7.373737e+01	4.090909e+00	1.789422e-18
7.373737e+01	4.141414e+00	1.638175e-18
7.373737e+01	4.191919e+00	1.488066e-18
7.373737e+01	4.242424e+00	1.340094e-18
7.373737e+01	4.292929e+00	1.195359e-18
7.373737e+01	4.343434e+00	1.054880e-18
7.373737e+01	4.393939e+00	9.196447e-19
7.373737e+01	4.444444e+00	7.905738e-19
7.373737e+01	4.494949e+00	6.686001e-19
7.373737e+01	4.545455e+00	5.544933e-19
7.373737e+01	4.595960e+00	4.491098e-19
7.373737e+01	4.646465e+00	3.531014e-19
7.373737e+01	4.696970e+00	2.671992e-19
7.373737e+01	4.747475e+00	1.919862e-19
7.373737e+01	4.797980e+00	1.280830e-19
7.373737e+01	4.848485e+00	7.606598e-20
7.373737e+01	4.898990e+00	3.659328e-20
7.373737e+01	4.949495e+00	1.056485e-20
7.373737e+01	5.000000e+00	3.695277e-31
7.474747e+01	0.000000e+00	0.000000e+00
7.474747e+01	5.050505e-02	2.747736e-06
7.474747e+01	1.010101e-01	1.573845e-05
7.474747e+01	1.515152e-01	5.953889e-05
7.474747e+01	2.020202e-01	1.965981e-04
7.474747e+01	2.525253e-01	6.015601e-04
7.474747e+01	3.030303e-01	1.731228e-03
7.474747e+01	3.535354e-01	4.699133e-03
7.474747e+01	4.040404e-01	1.202022e-02
7.474747e+01	4.545455e-01	2.891449e-02
7.474747e+01	5.050505e-01	6.522982e-02
7.474747e+01	5.555556e-01	1.375743e-01
7.474747e+01	6.060606e-01	2.702980e-01
7.474747e+01	6.565657e-01	4.927292e-01
7.474747e+01	7.070707e-01	8.295025e-01
7.474747e+01	7.575758e-01	1.282661e+00
7.474747e+01	8.080808e-01	1.809947e+00
7.474747e+01	8.585859e-01	2.312050e+00
7.474747e+01	9.090909e-01	2.646441e+00
7.474747e+01	9.595960e-01	2.677606e+00
7.474747e+01	1.010101e+00	2.349566e+00
7.474747e+01	1.060606e+00	1.738705e+00
7.474747e+01	1.111111e+00	1.039928e+00
7.474747e+01	1.161616e+00	4.757274e-01
7.474747e+01	1.212121e+00	1.785096e-01
7.474747e+01	1.262626e+00	1.290734e-01
7.474747e+01	1.313131e+00	1.976248e-01
7.474747e+01	1.363636e+00	2.509668e-01
7.474747e+01	1.414141e+00	2.368150e-01
7.474747e+01	1.464646e+00	1.857195e-01
7.474747e+01	1.515152e+00	1.505491e-01
7.474747e+01	1.565657e+00	1.510908e-01
7.474747e+01	1.616162e+00	1.674702e-01
7.474747e+01	1.666667e+00	1.700575e-01
7.474747e+01	1.717172e+00	1.468204e-01
7.474747e+01	1.767677e+00	1.065311e-01
7.474747e+01	1.818182e+00	6.533046e-02
7.474747e+01	1.868687e+00	3.413152e-02
7.474747e+01	1.919192e+00	1.529308e-02
7.474747e+01	1.969697e+00	5.905618e-03
7.474747e+01	2.020202e+00	1.972103e-03
7.474747e+01	2.070707e+00	5.707195e-04
7.474747e+01	2.121212e+00	1.433094e-04
7.474747e+01	2.171717e+00	3.123966e-05
7.474747e+01	2.222222e+00	5.911509e-06
7.474747e+01	2.272727e+00	9.706193e-07
7.474747e+01	2.323232e+00	1.381658e-07
7.474747e+01	2.373737e+00	1.703358e-08
7.474747e+01	2.424242e+00	1.816097e-09
7.474747e+01	2.474747e+00	1.672920e-10
7.474747e+01	2.525253e+00	1.326911e-11
7.474747e+01	2.575758e+00	9.108587e-13
7.474747e+01	2.626263e+00	5.250493e-14
7.474747e+01	2.676768e+00	2.873788e-15
7.474747e+01	2.727273e+00	7.914639e-17
7.474747e+01	2.777778e+00	1.586441e-17
7.474747e+01	2.828283e+00	2.591598e-18
7.474747e+01	2.878788e+00	4.303664e-18
7.474747e+01	2.929293e+00	4.171078e-18
7.474747e+01	2.979798e+00	4.338682e-18
7.474747e+01	3.030303e+00	4.436346e-18
7.474747e+01	3.080808e+00	4.518857e-18
7.474747e+01	3.131313e+00	4.577742e-18
7.474747e+01	3.181818e+00	4.615029e-18
7.474747e+01	3.232323e+00	4.629926e-18
7.474747e+01	3.282828e+00	4.623657e-18
7.474747e+01	3.333333e+00	4.596277e-18
7.474747e+01	3.383838e+00	4.548775e-18
7.474747e+01	3.434343e+00	4.481974e-18
7.474747e+01	3.484848e+00	4.396625e-18
7.474747e+01	3.535354e+00	4.294183e-18
7.474747e+01	3.585859e+00	4.175347e-18
7.474747e+01	3.636364e+00	4.041794e-18
7.474747e+01	3.686869e+00	3.894539e-18
7.474747e+01	3.737374e+00	3.735092e-18
7.474747e+01	3.787879e+00	3.564997e-18
7.474747e+01	3.838384e+00	3.385385e-18
7.474747e+01	3.888889e+00	3.198295e-18
7.474747e+01	3.939394e+00	3.004664e-18
7.474747e+01	3.989899e+00	2.806614e-18
7.474747e+01	4.040404e+00	2.605203e-18
7.474747e+01	4.090909e+00	2.402356e-18
7.474747e+01	4.141414e+00	2.199343e-18
7.474747e+01	4.191919e+00	1.997801e-18
7.474747e+01	4.242424e+00	1.799174e-18
7.474747e+01	4.292929e+00	1.604843e-18
7.474747e+01	4.343434e+00	1.416262e-18
7.474747e+01	4.393939e+00	1.234690e-18
7.474747e+01	4.444444e+00	1.061414e-18
7.474747e+01	4.494949e+00	8.976458e-19
7.474747e+01	4.545455e+00	7.444557e-19
7.474747e+01	4.595960e+00	6.029675e-19
7.474747e+01	4.646465e+00	4.740662e-19
7.474747e+01	4.696970e+00	3.587339e-19
7.474747e+01	4.747475e+00	2.577512e-19
7.474747e+01	4.797980e+00	1.719572e-19
7.474747e+01	4.848485e+00	1.021199e-19
7.474747e+01	4.898990e+00	4.912617e-20
7.474747e+01	4.949495e+00	1.418190e-20
7.474747e+01	5.000000e+00	1.454941e-31
7.575758e+01	0.000000e+00	0.000000e+00
7.575758e+01	5.050505e-02	1.762617e-06
7.575758e+01	1.010101e-01	1.009287e-05
7.575758e+01	1.515152e-01	3.815403e-05
7.575758e+01	2.020202e-01	1.258328e-04
7.575758e+01	2.525253e-01	3.843680e-04
7.575758e+01	3.030303e-01	1.103712e-03
7.575758e+01	3.535354e-01	2.987717e-03
7.575758e+01	4.040404e-01	7.618281e-03
7.575758e+01	4.545455e-01	1.826062e-02
7.575758e+01	5.050505e-01	4.103801e-02
7.575758e+01	5.555556e-01	8.621657e-02
7.575758e+01	6.060606e-01	1.687837e-01
7.575758e+01	6.565657e-01	3.068261e-01
7.575758e+01	7.070707e-01	5.160109e-01
7.575758e+01	7.575758e-01	7.997079e-01
7.575758e+01	8.080808e-01	1.137609e+00
7.575758e+01	8.585859e-01	1.479955e+00
7.575758e+01	9.090909e-01	1.755962e+00
7.575758e+01	9.595960e-01	1.899201e+00
7.575758e+01	1.010101e+00	1.879626e+00
7.575758e+01	1.060606e+00	1.720582e+00
7.575758e+01	1.111111e+00	1.483467e+00
7.575758e+01	1.161616e+00	1.226813e+00
7.575758e+01	1.212121e+00	9.724808e-01
7.575758e+01	1.262626e+00	7.106697e-01
7.575758e+01	1.313131e+00	4.396801e-01
7.575758e+01	1.363636e+00	1.982861e-01
7.575758e+01	1.414141e+00	5.182157e-02
7.575758e+01	1.464646e+00	4.031421e-02
7.575758e+01	1.515152e+00	1.387246e-01
7.575758e+01	1.565657e+00	2.687642e-01
7.575758e+01	1.616162e+00	3.509674e-01
7.575758e+01	1.666667e+00	3.505385e-01
7.575758e+01	1.717172e+00	2.838893e-01
7.575758e+01	1.767677e+00	1.921435e-01
7.575758e+01	1.818182e+00	1.105588e-01
7.575758e+01	1.868687e+00	5.463901e-02
7.575758e+01	1.919192e+00	2.333973e-02
7.575758e+01	1.969697e+00	8.650830e-03
7.575758e+01	2.020202e+00	2.788586e-03
7.575758e+01	2.070707e+00	7.827027e-04
7.575758e+01	2.121212e+00	1.913735e-04
7.575758e+01	2.171717e+00	4.075473e-05
7.575758e+01	2.222222e+00	7.555066e-06
7.575758e+01	2.272727e+00	1.218075e-06
7.575758e+01	2.323232e+00	1.705997e-07
7.575758e+01	2.373737e+00	2.072870e-08
7.575758e+01	2.424242e+00	2.181476e-09
7.575758e+01	2.474747e+00	1.985751e-10
7.575758e+01	2.525253e+00	1.558936e-11
7.575758e+01	2.575758e+00	1.058187e-12
7.575758e+01	2.626263e+00	6.085231e-14
7.575758e+01	2.676768e+00	3.211989e-15
7.575758e+01	2.727273e+00	1.035394e-16
7.575758e+01	2.777778e+00	1.315952e-17
7.575758e+01	2.828283e+00	1.630048e-18
7.575758e+01	2.878788e+00	2.848567e-18
7.575758e+01	2.929293e+00	2.734531e-18
7.575758e+01	2.979798e+00	2.848208e-18
7.575758e+01	3.030303e+00	2.911720e-18
7.575758e+01	3.080808e+00	2.965864e-18
7.575758e+01	3.131313e+00	3.004434e-18
7.575758e+01	3.181818e+00	3.028854e-18
7.575758e+01	3.232323e+00	3.038561e-18
7.575758e+01	3.282828e+00	3.034412e-18
7.575758e+01	3.333333e+00	3.016383e-18
7.575758e+01	3.383838e+00	2.985174e-18
7.575758e+01	3.434343e+00	2.941299e-18
7.575758e+01	3.484848e+00	2.885246e-18
7.575758e+01	3.535354e+00	2.818004e-18
7.575758e+01	3.585859e+00	2.739969e-18
7.575758e+01	3.636364e+00	2.652333e-18
7.575758e+01	3.686869e+00	2.555650e-18
7.575758e+01	3.737374e+00	2.451027e-18
7.575758e+01	3.787879e+00	2.339369e-18
7.575758e+01	3.838384e+00	2.221509e-18
7.575758e+01	3.888889e+00	2.098718e-18
7.575758e+01	3.939394e+00	1.971650e-18
7.575758e+01	3.989899e+00	1.841683e-18
7.575758e+01	4.040404e+00	1.709505e-18
7.575758e+01	4.090909e+00	1.576401e-18
7.575758e+01	4.141414e+00	1.443172e-18
7.575758e+01	4.191919e+00	1.310930e-18
7.575758e+01	4.242424e+00	1.180581e-18
7.575758e+01	4.292929e+00	1.053070e-18
7.575758e+01	4.343434e+00	9.293184e-19
7.575758e+01	4.393939e+00	8.101785e-19
7.575758e+01	4.444444e+00	6.964745e-19
7.575758e+01	4.494949e+00	5.890152e-19
7.575758e+01	4.545455e+00	4.884949e-19
7.575758e+01	4.595960e+00	3.956528e-19
7.575758e+01	4.646465e+00	3.110730e-19
7.575758e+01	4.696970e+00	2.353930e-19
7.575758e+01	4.747475e+00	1.691329e-19
7.575758e+01	4.797980e+00	1.128357e-19
7.575758e+01	4.848485e+00	6.701072e-20
7.575758e+01	4.898990e+00	3.223658e-20
7.575758e+01	4.949495e+00	9.306662e-21
7.575758e+01	5.000000e+00	2.660473e-31
7.676768e+01	0.000000e+00	0.000000e+00
7.676768e+01	5.050505e-02	4.045602e-07
7.676768e+01	1.010101e-01	2.307607e-06
7.676768e+01	1.515152e-01	8.642137e-06
7.676768e+01	2.020202e-01	2.804809e-05
7.676768e+01	2.525253e-01	8.367815e-05
7.676768e+01	3.030303e-01	2.327072e-04
7.676768e+01	3.535354e-01	6.042211e-04
7.676768e+01	4.040404e-01	1.461286e-03
7.676768e+01	4.545455e-01	3.278099e-03
7.676768e+01	5.050505e-01	6.784960e-03
7.676768e+01	5.555556e-01	1.287515e-02
7.676768e+01	6.060606e-01	2.223872e-02
7.676768e+01	6.565657e-01	3.471376e-02
7.676768e+01	7.070707e-01	4.878187e-02
7.676768e+01	7.575758e-01	6.234322e-02
7.676768e+01	8.080808e-01	7.629744e-02
7.676768e+01	8.585859e-01	1.012896e-01
7.676768e+01	9.090909e-01	1.642886e-01
7.676768e+01	9.595960e-01	3.068560e-01
7.676768e+01	1.010101e+00	5.662849e-01
7.676768e+01	1.060606e+00	9.404829e-01
7.676768e+01	1.111111e+00	1.356467e+00
7.676768e+01	1.161616e+00	1.675532e+00
7.676768e+01	1.212121e+00	1.754288e+00
7.676768e+01	1.262626e+00	1.536786e+00
7.676768e+01	1.313131e+00	1.111578e+00
7.676768e+01	1.363636e+00	6.762918e-01
7.676768e+01	1.414141e+00	4.206090e-01
7.676768e+01	1.464646e+00	4.110264e-01
7.676768e+01	1.515152e+00	5.647773e-01
7.676768e+01	1.565657e+00	7.258686e-01
7.676768e+01	1.616162e+00	7.740878e-01
7.676768e+01	1.666667e+00	6.842025e-01
7.676768e+01	1.717172e+00	5.091186e-01
7.676768e+01	1.767677e+00	3.232063e-01
7.676768e+01	1.818182e+00	1.766917e-01
7.676768e+01	1.868687e+00	8.369660e-02
7.676768e+01	1.919192e+00	3.448786e-02
7.676768e+01	1.969697e+00	1.239155e-02
7.676768e+01	2.020202e+00	3.887236e-03
7.676768e+01	2.070707e+00	1.065173e-03
7.676768e+01	2.121212e+00	2.549269e-04
7.676768e+01	2.171717e+00	5.325839e-05
7.676768e+01	2.222222e+00	9.703963e-06
7.676768e+01	2.272727e+00	1.540269e-06
7.676768e+01	2.323232e+00	2.126832e-07
7.676768e+01	2.373737e+00	2.550918e-08
7.676768e+01	2.424242e+00	2.653000e-09
7.676768e+01	2.474747e+00	2.388615e-10
7.676768e+01	2.525253e+00	1.857160e-11
7.676768e+01	2.575758e+00	1.247328e-12
7.676768e+01	2.626263e+00	7.153453e-14
7.676768e+01	2.676768e+00	3.648332e-15
7.676768e+01	2.727273e+00	1.339142e-16
7.676768e+01	2.777778e+00	9.748125e-18
7.676768e+01	2.828283e+00	2.771682e-19
7.676768e+01	2.878788e+00	8.897213e-19
7.676768e+01	2.929293e+00	7.908909e-19
7.676768e+01	2.979798e+00	8.330895e-19
7.676768e+01	3.030303e+00	8.501840e-19
7.676768e+01	3.080808e+00	8.659617e-19
7.676768e+01	3.131313e+00	8.770277e-19
7.676768e+01	3.181818e+00	8.840197e-19
7.676768e+01	3.232323e+00	8.866782e-19
7.676768e+01	3.282828e+00	8.853760e-19
7.676768e+01	3.333333e+00	8.799677e-19
7.676768e+01	3.383838e+00	8.707689e-19
7.676768e+01	3.434343e+00	8.578806e-19
7.676768e+01	3.484848e+00	8.414184e-19
7.676768e+01	3.535354e+00	8.217758e-19
7.676768e+01	3.585859e+00	7.988876e-19
7.676768e+01	3.636364e+00	7.733510e-19
7.676768e+01	3.686869e+00	7.450319e-19
7.676768e+01	3.737374e+00	7.145506e-19
7.676768e+01	3.787879e+00	6.819016e-19
7.676768e+01	3.838384e+00	6.475508e-19
7.676768e+01	3.888889e+00	6.117042e-19
7.676768e+01	3.939394e+00	5.746489e-19
7.676768e+01	3.989899e+00	5.367510e-19
7.676768e+01	4.040404e+00	4.981937e-19
7.676768e+01	4.090909e+00	4.594101e-19
7.676768e+01	4.141414e+00	4.205463e-19
7.676768e+01	4.191919e+00	3.820252e-19
7.676768e+01	4.242424e+00	3.440079e-19
7.676768e+01	4.292929e+00	3.068671e-19
7.676768e+01	4.343434e+00	2.707855e-19
7.676768e+01	4.393939e+00	2.360789e-19
7.676768e+01	4.444444e+00	2.029363e-19
7.676768e+01	4.494949e+00	1.716294e-19
7.676768e+01	4.545455e+00	1.423381e-19
7.676768e+01	4.595960e+00	1.152838e-19
7.676768e+01	4.646465e+00	9.064457e-20
7.676768e+01	4.696970e+00	6.858923e-20
7.676768e+01	4.747475e+00	4.928816e-20
7.676768e+01	4.797980e+00	3.288142e-20
7.676768e+01	4.848485e+00	1.953065e-20
7.676768e+01	4.898990e+00	9.395948e-21
7.676768e+01	4.949495e+00	2.713877e-21
7.676768e+01	5.000000e+00	4.046557e-31
7.777778e+01	0.000000e+00	0.000000e+00
7.777778e+01	5.050505e-02	5.075686e-07
7.777778e+01	1.010101e-01	2.900242e-06
7.777778e+01	1.515152e-01	1.090797e-05
7.777778e+01	2.020202e-01	3.566300e-05
7.777778e+01	2.525253e-01	1.075637e-04
7.777778e+01	3.030303e-01	3.036632e-04
7.777778e+01	3.535354e-01	8.043294e-04
7.777778e+01	4.040404e-01	1.996288e-03
7.777778e+01	4.545455e-01	4.630149e-03
7.777778e+01	5.050505e-01	1.000242e-02
7.777778e+01	5.555556e-01	2.005083e-02
7.777778e+01	6.060606e-01	3.714905e-02
7.777778e+01	6.565657e-01	6.336022e-02
7.777778e+01	7.070707e-01	9.913541e-02
7.777778e+01	7.575758e-01	1.420330e-01
7.777778e+01	8.080808e-01	1.867310e-01
7.777778e+01	8.585859e-01	2.275543e-01
7.777778e+01	9.090909e-01	2.629855e-01
7.777778e+01	9.595960e-01	2.985166e-01
7.777778e+01	1.010101e+00	3.427253e-01
7.777778e+01	1.060606e+00	3.957005e-01
7.777778e+01	1.111111e+00	4.387547e-01
7.777778e+01	1.161616e+00	4.408182e-01
7.777778e+01	1.212121e+00	3.876655e-01
7.777778e+01	1.262626e+00	3.153738e-01
7.777778e+01	1.313131e+00	3.116580e-01
7.777778e+01	1.363636e+00	4.653479e-01
7.777778e+01	1.414141e+00	7.918989e-01
7.777778e+01	1.464646e+00	1.197110e+00
7.777778e+01	1.515152e+00	1.519194e+00
7.777778e+01	1.565657e+00	1.623581e+00
7.777778e+01	1.616162e+00	1.478592e+00
7.777778e+01	1.666667e+00	1.159186e+00
7.777778e+01	1.717172e+00	7.881024e-01
7.777778e+01	1.767677e+00	4.669954e-01
7.777778e+01	1.818182e+00	2.419700e-01
7.777778e+01	1.868687e+00	1.098488e-01
7.777778e+01	1.919192e+00	4.373961e-02
7.777778e+01	1.969697e+00	1.528127e-02
7.777778e+01	2.020202e+00	4.683596e-03
7.777778e+01	2.070707e+00	1.258605e-03
7.777778e+01	2.121212e+00	2.962825e-04
7.777778e+01	2.171717e+00	6.102902e-05
7.777778e+01	2.222222e+00	1.098497e-05
7.777778e+01	2.272727e+00	1.725208e-06
7.777778e+01	2.323232e+00	2.360200e-07
7.777778e+01	2.373737e+00	2.807796e-08
7.777778e+01	2.424242e+00	2.899111e-09
7.777778e+01	2.474747e+00	2.593490e-10
7.777778e+01	2.525253e+00	2.004805e-11
7.777778e+01	2.575758e+00	1.339779e-12
7.777778e+01	2.626263e+00	7.642450e-14
7.777778e+01	2.676768e+00	3.894111e-15
7.777778e+01	2.727273e+00	1.398253e-16
7.777778e+01	2.777778e+00	1.078874e-17
7.777778e+01	2.828283e+00	2.682878e-19
7.777778e+01	2.878788e+00	1.007755e-18
7.777778e+01	2.929293e+00	8.911389e-19
7.777778e+01	2.979798e+00	9.396142e-19
7.777778e+01	3.030303e+00	9.588783e-19
7.777778e+01	3.080808e+00	9.767555e-19
7.777778e+01	3.131313e+00	9.893064e-19
7.777778e+01	3.181818e+00	9.972659e-19
7.777778e+01	3.232323e+00	1.000303e-18
7.777778e+01	3.282828e+00	9.989193e-19
7.777778e+01	3.333333e+00	9.928196e-19
7.777778e+01	3.383838e+00	9.825459e-19
7.777778e+01	3.434343e+00	9.679721e-19
7.777778e+01	3.484848e+00	9.495067e-19
7.777778e+01	3.535354e+00	9.272980e-19
7.777778e+01	3.585859e+00	9.015723e-19
7.777778e+01	3.636364e+00	8.727093e-19
7.777778e+01	3.686869e+00	8.408260e-19
7.777778e+01	3.737374e+00	8.064122e-19
7.777778e+01	3.787879e+00	7.696018e-19
7.777778e+01	3.838384e+00	7.308393e-19
7.777778e+01	3.888889e+00	6.903941e-19
7.777778e+01	3.939394e+00	6.485906e-19
7.777778e+01	3.989899e+00	6.058158e-19
7.777778e+01	4.040404e+00	5.623172e-19
7.777778e+01	4.090909e+00	5.185369e-19
7.777778e+01	4.141414e+00	4.746847e-19
7.777778e+01	4.191919e+00	4.312031e-19
7.777778e+01	4.242424e+00	3.883003e-19
7.777778e+01	4.292929e+00	3.463745e-19
7.777778e+01	4.343434e+00	3.056528e-19
7.777778e+01	4.393939e+00	2.664758e-19
7.777778e+01	4.444444e+00	2.290696e-19
7.777778e+01	4.494949e+00	1.937270e-19
7.777778e+01	4.545455e+00	1.606689e-19
7.777778e+01	4.595960e+00	1.301284e-19
7.777778e+01	4.646465e+00	1.023176e-19
7.777778e+01	4.696970e+00	7.741927e-20
7.777778e+01	4.747475e+00	5.563326e-20
7.777778e+01	4.797980e+00	3.711356e-20
7.777778e+01	4.848485e+00	2.204427e-20
7.777778e+01	4.898990e+00	1.060471e-20
7.777778e+01	4.949495e+00	3.062624e-21
7.777778e+01	5.000000e+00	1.852259e-31
7.878788e+01	0.000000e+00	0.000000e+00
7.878788e+01	5.050505e-02	9.670536e-07
7.878788e+01	1.010101e-01	5.530333e-06
7.878788e+01	1.515152e-01	2.084156e-05
7.878788e+01	2.020202e-01	6.837143e-05
7.878788e+01	2.525253e-01	2.072217e-04
7.878788e+01	3.030303e-01	5.887589e-04
7.878788e+01	3.535354e-01	1.571910e-03
7.878788e+01	4.040404e-01	3.938486e-03
7.878788e+01	4.545455e-01	9.234874e-03
7.878788e+01	5.050505e-01	2.019156e-02
7.878788e+01	5.555556e-01	4.098924e-02
7.878788e+01	6.060606e-01	7.685860e-02
7.878788e+01	6.565657e-01	1.322870e-01
7.878788e+01	7.070707e-01	2.073665e-01
7.878788e+01	7.575758e-01	2.930343e-01
7.878788e+01	8.080808e-01	3.681007e-01
7.878788e+01	8.585859e-01	4.026676e-01
7.878788e+01	9.090909e-01	3.711519e-01
7.878788e+01	9.595960e-01	2.717267e-01
7.878788e+01	1.010101e+00	1.401219e-01
7.878788e+01	1.060606e+00	4.269666e-02
7.878788e+01	1.111111e+00	4.464466e-02
7.878788e+01	1.161616e+00	1.707732e-01
7.878788e+01	1.212121e+00	3.896000e-01
7.878788e+01	1.262626e+00	6.374783e-01
7.878788e+01	1.313131e+00	8.639862e-01
7.878788e+01	1.363636e+00	1.057181e+00
7.878788e+01	1.414141e+00	1.226002e+00
7.878788e+01	1.464646e+00	1.361887e+00
7.878788e+01	1.515152e+00	1.423957e+00
7.878788e+01	1.565657e+00	1.365951e+00
7.878788e+01	1.616162e+00	1.177968e+00
7.878788e+01	1.666667e+00	9.021261e-01
7.878788e+01	1.717172e+00	6.096772e-01
7.878788e+01	1.767677e+00	3.625538e-01
7.878788e+01	1.818182e+00	1.894721e-01
7.878788e+01	1.868687e+00	8.697038e-02
7.878788e+01	1.919192e+00	3.504937e-02
7.878788e+01	1.969697e+00	1.239579e-02
7.878788e+01	2.020202e+00	3.844912e-03
7.878788e+01	2.070707e+00	1.045119e-03
7.878788e+01	2.121212e+00	2.487015e-04
7.878788e+01	2.171717e+00	5.175012e-05
7.878788e+01	2.222222e+00	9.403340e-06
7.878788e+01	2.272727e+00	1.489867e-06
7.878788e+01	2.323232e+00	2.054973e-07
7.878788e+01	2.373737e+00	2.463328e-08
7.878788e+01	2.424242e+00	2.561411e-09
7.878788e+01	2.474747e+00	2.306533e-10
7.878788e+01	2.525253e+00	1.793615e-11
7.878788e+01	2.575758e+00	1.206137e-12
7.878788e+01	2.626263e+00	6.899581e-14
7.878788e+01	2.676768e+00	3.572565e-15
7.878788e+01	2.727273e+00	1.215503e-16
7.878788e+01	2.777778e+00	1.194170e-17
7.878788e+01	2.828283e+00	7.479677e-19
7.878788e+01	2.878788e+00	1.742684e-18
7.878788e+01	2.929293e+00	1.616570e-18
7.878788e+01	2.979798e+00	1.692280e-18
7.878788e+01	3.030303e+00	1.728721e-18
7.878788e+01	3.080808e+00	1.760875e-18
7.878788e+01	3.131313e+00	1.783634e-18
7.878788e+01	3.181818e+00	1.798043e-18
7.878788e+01	3.232323e+00	1.803670e-18
7.878788e+01	3.282828e+00	1.801165e-18
7.878788e+01	3.333333e+00	1.790335e-18
7.878788e+01	3.383838e+00	1.771775e-18
7.878788e+01	3.434343e+00	1.745642e-18
7.878788e+01	3.484848e+00	1.712323e-18
7.878788e+01	3.535354e+00	1.672370e-18
7.878788e+01	3.585859e+00	1.625988e-18
7.878788e+01	3.636364e+00	1.573976e-18
7.878788e+01	3.686869e+00	1.516521e-18
7.878788e+01	3.737374e+00	1.454448e-18
7.878788e+01	3.787879e+00	1.388121e-18
7.878788e+01	3.838384e+00	1.318192e-18
7.878788e+01	3.888889e+00	1.245289e-18
7.878788e+01	3.939394e+00	1.169883e-18
7.878788e+01	3.989899e+00	1.092751e-18
7.878788e+01	4.040404e+00	1.014302e-18
7.878788e+01	4.090909e+00	9.353312e-19
7.878788e+01	4.141414e+00	8.562555e-19
7.878788e+01	4.191919e+00	7.778064e-19
7.878788e+01	4.242424e+00	7.004433e-19
7.878788e+01	4.292929e+00	6.248020e-19
7.878788e+01	4.343434e+00	5.513631e-19
7.878788e+01	4.393939e+00	4.806843e-19
7.878788e+01	4.444444e+00	4.132157e-19
7.878788e+01	4.494949e+00	3.494624e-19
7.878788e+01	4.545455e+00	2.898245e-19
7.878788e+01	4.595960e+00	2.347387e-19
7.878788e+01	4.646465e+00	1.845630e-19
7.878788e+01	4.696970e+00	1.396577e-19
7.878788e+01	4.747475e+00	1.003510e-19
7.878788e+01	4.797980e+00	6.694730e-20
7.878788e+01	4.848485e+00	3.976120e-20
7.878788e+01	4.898990e+00	1.912790e-20
7.878788e+01	4.949495e+00	5.523150e-21
7.878788e+01	5.000000e+00	2.080495e-31
7.979798e+01	0.000000e+00	0.000000e+00
7.979798e+01	5.050505e-02	1.484811e-06
7.979798e+01	1.010101e-01	8.492571e-06
7.979798e+01	1.515152e-01	3.201693e-05
7.979798e+01	2.020202e-01	1.050981e-04
7.979798e+01	2.525253e-01	3.188142e-04
7.979798e+01	3.030303e-01	9.068366e-04
7.979798e+01	3.535354e-01	2.424401e-03
7.979798e+01	4.040404e-01	6.083710e-03
7.979798e+01	4.545455e-01	1.428828e-02
7.979798e+01	5.050505e-01	3.129174e-02
7.979798e+01	5.555556e-01	6.361663e-02
7.979798e+01	6.060606e-01	1.194150e-01
7.979798e+01	6.565657e-01	2.055974e-01
7.979798e+01	7.070707e-01	3.219690e-01
7.979798e+01	7.575758e-01	4.536225e-01
7.979798e+01	8.080808e-01	5.664878e-01
7.979798e+01	8.585859e-01	6.140218e-01
7.979798e+01	9.090909e-01	5.608563e-01
7.979798e+01	9.595960e-01	4.178929e-01
7.979798e+01	1.010101e+00	2.663734e-01
7.979798e+01	1.060606e+00	2.405951e-01
7.979798e+01	1.111111e+00	4.575230e-01
7.979798e+01	1.161616e+00	9.254486e-01
7.979798e+01	1.212121e+00	1.500147e+00
7.979798e+01	1.262626e+00	1.941541e+00
7.979798e+01	1.313131e+00	2.050480e+00
7.979798e+01	1.363636e+00	1.791038e+00
7.979798e+01	1.414141e+00	1.304304e+00
7.979798e+01	1.464646e+00	8.057197e-01
7.979798e+01	1.515152e+00	4.518213e-01
7.979798e+01	1.565657e+00	2.753213e-01
7.979798e+01	1.616162e+00	2.155490e-01
7.979798e+01	1.666667e+00	1.930798e-01
7.979798e+01	1.717172e+00	1.623464e-01
7.979798e+01	1.767677e+00	1.177830e-01
7.979798e+01	1.818182e+00	7.250472e-02
7.979798e+01	1.868687e+00	3.797103e-02
7.979798e+01	1.919192e+00	1.701962e-02
7.979798e+01	1.969697e+00	6.563842e-03
7.979798e+01	2.020202e+00	2.186559e-03
7.979798e+01	2.070707e+00	6.307768e-04
7.979798e+01	2.121212e+00	1.578209e-04
7.979798e+01	2.171717e+00	3.427204e-05
7.979798e+01	2.222222e+00	6.460189e-06
7.979798e+01	2.272727e+00	1.056620e-06
7.979798e+01	2.323232e+00	1.498414e-07
7.979798e+01	2.373737e+00	1.840546e-08
7.979798e+01	2.424242e+00	1.955545e-09
7.979798e+01	2.474747e+00	1.795184e-10
7.979798e+01	2.525253e+00	1.419831e-11
7.979798e+01	2.575758e+00	9.704133e-13
7.979798e+01	2.626263e+00	5.609205e-14
7.979798e+01	2.676768e+00	2.987036e-15
7.979798e+01	2.727273e+00	9.470751e-17
7.979798e+01	2.777778e+00	1.256013e-17
7.979798e+01	2.828283e+00	1.383097e-18
7.979798e+01	2.878788e+00	2.589259e-18
7.979798e+01	2.929293e+00	2.467421e-18
7.979798e+01	2.979798e+00	2.572729e-18
7.979798e+01	3.030303e+00	2.629536e-18
7.979798e+01	3.080808e+00	2.678336e-18
7.979798e+01	3.131313e+00	2.713020e-18
7.979798e+01	3.181818e+00	2.734944e-18
7.979798e+01	3.232323e+00	2.743602e-18
7.979798e+01	3.282828e+00	2.739732e-18
7.979798e+01	3.333333e+00	2.723394e-18
7.979798e+01	3.383838e+00	2.695073e-18
7.979798e+01	3.434343e+00	2.655457e-18
7.979798e+01	3.484848e+00	2.604695e-18
7.979798e+01	3.535354e+00	2.544023e-18
7.979798e+01	3.585859e+00	2.473419e-18
7.979798e+01	3.636364e+00	2.394360e-18
7.979798e+01	3.686869e+00	2.306954e-18
7.979798e+01	3.737374e+00	2.212533e-18
7.979798e+01	3.787879e+00	2.111665e-18
7.979798e+01	3.838384e+00	2.005272e-18
7.979798e+01	3.888889e+00	1.894400e-18
7.979798e+01	3.939394e+00	1.779676e-18
7.979798e+01	3.989899e+00	1.662357e-18
7.979798e+01	4.040404e+00	1.543015e-18
7.979798e+01	4.090909e+00	1.422882e-18
7.979798e+01	4.141414e+00	1.302599e-18
7.979798e+01	4.191919e+00	1.183245e-18
7.979798e+01	4.242424e+00	1.065571e-18
7.979798e+01	4.292929e+00	9.504910e-19
7.979798e+01	4.343434e+00	8.387807e-19
7.979798e+01	4.393939e+00	7.312526e-19
7.979798e+01	4.444444e+00	6.286176e-19
7.979798e+01	4.494949e+00	5.316338e-19
7.979798e+01	4.545455e+00	4.409009e-19
7.979798e+01	4.595960e+00	3.571058e-19
7.979798e+01	4.646465e+00	2.807673e-19
7.979798e+01	4.696970e+00	2.124620e-19
7.979798e+01	4.747475e+00	1.526591e-19
7.979798e+01	4.797980e+00	1.018459e-19
7.979798e+01	4.848485e+00	6.048550e-20
7.979798e+01	4.898990e+00	2.909820e-20
7.979798e+01	4.949495e+00	8.401510e-21
7.979798e+01	5.000000e+00	4.078229e-31
8.080808e+01	0.000000e+00	0.000000e+00
8.080808e+01	5.050505e-02	2.529179e-06
8.080808e+01	1.010101e-01	1.448279e-05
8.080808e+01	1.515152e-01	5.475379e-05
8.080808e+01	2.020202e-01	1.806010e-04
8.080808e+01	2.525253e-01	5.517332e-04
8.080808e+01	3.030303e-01	1.584428e-03
8.080808e+01	3.535354e-01	4.288786e-03
8.080808e+01	4.040404e-01	1.093248e-02
8.080808e+01	4.545455e-01	2.618504e-02
8.080808e+01	5.050505e-01	5.876136e-02
8.080808e+01	5.555556e-01	1.231356e-01
8.080808e+01	6.060606e-01	2.400351e-01
8.080808e+01	6.565657e-01	4.333795e-01
8.080808e+01	7.070707e-01	7.210471e-01
8.080808e+01	7.575758e-01	1.098907e+00
8.080808e+01	8.080808e-01	1.523099e+00
8.080808e+01	8.585859e-01	1.902911e+00
8.080808e+01	9.090909e-01	2.119557e+00
8.080808e+01	9.595960e-01	2.076481e+00
8.080808e+01	1.010101e+00	1.762805e+00
8.080808e+01	1.060606e+00	1.287388e+00
8.080808e+01	1.111111e+00	8.430851e-01
8.080808e+01	1.161616e+00	6.036650e-01
8.080808e+01	1.212121e+00	6.158018e-01
8.080808e+01	1.262626e+00	7.700281e-01
8.080808e+01	1.313131e+00	8.821299e-01
8.080808e+01	1.363636e+00	8.251670e-01
8.080808e+01	1.414141e+00	6.073787e-01
8.080808e+01	1.464646e+00	3.408901e-01
8.080808e+01	1.515152e+00	1.427020e-01
8.080808e+01	1.565657e+00	5.776419e-02
8.080808e+01	1.616162e+00	5.541213e-02
8.080808e+01	1.666667e+00	7.777624e-02
8.080808e+01	1.717172e+00	8.595040e-02
8.080808e+01	1.767677e+00	7.274090e-02
8.080808e+01	1.818182e+00	4.920101e-02
8.080808e+01	1.868687e+00	2.743950e-02
8.080808e+01	1.919192e+00	1.286612e-02
8.080808e+01	1.969697e+00	5.133998e-03
8.080808e+01	2.020202e+00	1.756752e-03
8.080808e+01	2.070707e+00	5.179454e-04
8.080808e+01	2.121212e+00	1.319580e-04
8.080808e+01	2.171717e+00	2.909842e-05
8.080808e+01	2.222222e+00	5.557726e-06
8.080808e+01	2.272727e+00	9.194941e-07
8.080808e+01	2.323232e+00	1.317147e-07
8.080808e+01	2.373737e+00	1.632402e-08
8.080808e+01	2.424242e+00	1.748212e-09
8.080808e+01	2.474747e+00	1.616505e-10
8.080808e+01	2.525253e+00	1.286368e-11
8.080808e+01	2.575758e+00	8.854655e-13
8.080808e+01	2.626263e+00	5.118244e-14
8.080808e+01	2.676768e+00	2.803266e-15
8.080808e+01	2.727273e+00	7.806418e-17
8.080808e+01	2.777778e+00	1.522946e-17
8.080808e+01	2.828283e+00	2.399945e-18
8.080808e+01	2.878788e+00	4.037550e-18
8.080808e+01	2.929293e+00	3.906460e-18
8.080808e+01	2.979798e+00	4.064404e-18
8.080808e+01	3.030303e+00	4.155680e-18
8.080808e+01	3.080808e+00	4.232926e-18
8.080808e+01	3.131313e+00	4.288023e-18
8.080808e+01	3.181818e+00	4.322895e-18
8.080808e+01	3.232323e+00	4.336806e-18
8.080808e+01	3.282828e+00	4.330879e-18
8.080808e+01	3.333333e+00	4.305209e-18
8.080808e+01	3.383838e+00	4.260651e-18
8.080808e+01	3.434343e+00	4.198083e-18
8.080808e+01	3.484848e+00	4.118071e-18
8.080808e+01	3.535354e+00	4.022134e-18
8.080808e+01	3.585859e+00	3.910759e-18
8.080808e+01	3.636364e+00	3.785692e-18
8.080808e+01	3.686869e+00	3.647713e-18
8.080808e+01	3.737374e+00	3.498381e-18
8.080808e+01	3.787879e+00	3.339034e-18
8.080808e+01	3.838384e+00	3.170805e-18
8.080808e+01	3.888889e+00	2.995559e-18
8.080808e+01	3.939394e+00	2.814190e-18
8.080808e+01	3.989899e+00	2.628693e-18
8.080808e+01	4.040404e+00	2.440035e-18
8.080808e+01	4.090909e+00	2.250052e-18
8.080808e+01	4.141414e+00	2.059897e-18
8.080808e+01	4.191919e+00	1.871137e-18
8.080808e+01	4.242424e+00	1.685095e-18
8.080808e+01	4.292929e+00	1.503089e-18
8.080808e+01	4.343434e+00	1.326459e-18
8.080808e+01	4.393939e+00	1.156402e-18
8.080808e+01	4.444444e+00	9.941100e-19
8.080808e+01	4.494949e+00	8.407287e-19
8.080808e+01	4.545455e+00	6.972496e-19
8.080808e+01	4.595960e+00	5.647340e-19
8.080808e+01	4.646465e+00	4.440064e-19
8.080808e+01	4.696970e+00	3.359881e-19
8.080808e+01	4.747475e+00	2.414092e-19
8.080808e+01	4.797980e+00	1.610550e-19
8.080808e+01	4.848485e+00	9.564597e-20
8.080808e+01	4.898990e+00	4.601211e-20
8.080808e+01	4.949495e+00	1.328329e-20
8.080808e+01	5.000000e+00	2.348004e-31
8.181818e+01	0.000000e+00	0.000000e+00
8.181818e+01	5.050505e-02	2.382695e-06
8.181818e+01	1.010101e-01	1.364764e-05
8.181818e+01	1.515152e-01	5.163005e-05
8.181818e+01	2.020202e-01	1.704883e-04
8.181818e+01	2.525253e-01	5.217003e-04
8.181818e+01	3.030303e-01	1.501568e-03
8.181818e+01	3.535354e-01	4.076550e-03
8.181818e+01	4.040404e-01	1.043101e-02
8.181818e+01	4.545455e-01	2.510451e-02
8.181818e+01	5.050505e-01	5.667958e-02
8.181818e+01	5.555556e-01	1.196853e-01
8.181818e+01	6.060606e-01	2.355755e-01
8.181818e+01	6.565657e-01	4.305847e-01
8.181818e+01	7.070707e-01	7.277559e-01
8.181818e+01	7.575758e-01	1.131923e+00
8.181818e+01	8.080808e-01	1.611146e+00
8.181818e+01	8.585859e-01	2.084980e+00
8.181818e+01	9.090909e-01	2.434031e+00
8.181818e+01	9.595960e-01	2.539057e+00
8.181818e+01	1.010101e+00	2.338847e+00
8.181818e+01	1.060606e+00	1.874254e+00
8.181818e+01	1.111111e+00	1.282152e+00
8.181818e+01	1.161616e+00	7.315213e-01
8.181818e+01	1.212121e+00	3.393153e-01
8.181818e+01	1.262626e+00	1.256568e-01
8.181818e+01	1.313131e+00	3.813983e-02
8.181818e+01	1.363636e+00	1.580878e-02
8.181818e+01	1.414141e+00	3.260474e-02
8.181818e+01	1.464646e+00	8.924528e-02
8.181818e+01	1.515152e+00	1.779712e-01
8.181818e+01	1.565657e+00	2.658528e-01
8.181818e+01	1.616162e+00	3.126528e-01
8.181818e+01	1.666667e+00	2.996148e-01
8.181818e+01	1.717172e+00	2.393621e-01
8.181818e+01	1.767677e+00	1.618678e-01
8.181818e+01	1.818182e+00	9.361515e-02
8.181818e+01	1.868687e+00	4.662664e-02
8.181818e+01	1.919192e+00	2.009327e-02
8.181818e+01	1.969697e+00	7.514795e-03
8.181818e+01	2.020202e+00	2.443682e-03
8.181818e+01	2.070707e+00	6.916184e-04
8.181818e+01	2.121212e+00	1.704239e-04
8.181818e+01	2.171717e+00	3.655656e-05
8.181818e+01	2.222222e+00	6.822254e-06
8.181818e+01	2.272727e+00	1.106730e-06
8.181818e+01	2.323232e+00	1.558884e-07
8.181818e+01	2.373737e+00	1.904078e-08
8.181818e+01	2.424242e+00	2.013513e-09
8.181818e+01	2.474747e+00	1.841153e-10
8.181818e+01	2.525253e+00	1.451089e-11
8.181818e+01	2.575758e+00	9.895420e-13
8.181818e+01	2.626263e+00	5.691063e-14
8.181818e+01	2.676768e+00	3.059824e-15
8.181818e+01	2.727273e+00	9.076594e-17
8.181818e+01	2.777778e+00	1.489833e-17
8.181818e+01	2.828283e+00	2.224128e-18
8.181818e+01	2.878788e+00	3.743184e-18
8.181818e+01	2.929293e+00	3.617907e-18
8.181818e+01	2.979798e+00	3.764727e-18
8.181818e+01	3.030303e+00	3.849269e-18
8.181818e+01	3.080808e+00	3.920874e-18
8.181818e+01	3.131313e+00	3.971955e-18
8.181818e+01	3.181818e+00	4.004305e-18
8.181818e+01	3.232323e+00	4.017215e-18
8.181818e+01	3.282828e+00	4.011782e-18
8.181818e+01	3.333333e+00	3.988005e-18
8.181818e+01	3.383838e+00	3.946800e-18
8.181818e+01	3.434343e+00	3.888821e-18
8.181818e+01	3.484848e+00	3.814775e-18
8.181818e+01	3.535354e+00	3.725876e-18
8.181818e+01	3.585859e+00	3.622772e-18
8.181818e+01	3.636364e+00	3.506886e-18
8.181818e+01	3.686869e+00	3.379118e-18
8.181818e+01	3.737374e+00	3.240773e-18
8.181818e+01	3.787879e+00	3.093184e-18
8.181818e+01	3.838384e+00	2.937345e-18
8.181818e+01	3.888889e+00	2.775011e-18
8.181818e+01	3.939394e+00	2.607007e-18
8.181818e+01	3.989899e+00	2.435166e-18
8.181818e+01	4.040404e+00	2.260411e-18
8.181818e+01	4.090909e+00	2.084410e-18
8.181818e+01	4.141414e+00	1.908263e-18
8.181818e+01	4.191919e+00	1.733397e-18
8.181818e+01	4.242424e+00	1.561055e-18
8.181818e+01	4.292929e+00	1.392445e-18
8.181818e+01	4.343434e+00	1.228820e-18
8.181818e+01	4.393939e+00	1.071280e-18
8.181818e+01	4.444444e+00	9.209366e-19
8.181818e+01	4.494949e+00	7.788426e-19
8.181818e+01	4.545455e+00	6.459280e-19
8.181818e+01	4.595960e+00	5.231649e-19
8.181818e+01	4.646465e+00	4.113246e-19
8.181818e+01	4.696970e+00	3.112553e-19
8.181818e+01	4.747475e+00	2.236385e-19
8.181818e+01	4.797980e+00	1.491988e-19
8.181818e+01	4.848485e+00	8.860479e-20
8.181818e+01	4.898990e+00	4.262449e-20
8.181818e+01	4.949495e+00	1.230506e-20
8.181818e+01	5.000000e+00	1.613694e-31
8.282828e+01	0.000000e+00	0.000000e+00
8.282828e+01	5.050505e-02	8.346132e-07
8.282828e+01	1.010101e-01	4.772830e-06
8.282828e+01	1.515152e-01	1.798611e-05
8.282828e+01	2.020202e-01	5.900281e-05
8.282828e+01	2.525253e-01	1.788412e-04
8.282828e+01	3.030303e-01	5.082838e-04
8.282828e+01	3.535354e-01	1.358093e-03
8.282828e+01	4.040404e-01	3.408069e-03
8.282828e+01	4.545455e-01	8.014269e-03
8.282828e+01	5.050505e-01	1.761173e-02
8.282828e+01	5.555556e-01	3.606111e-02
8.282828e+01	6.060606e-01	6.859673e-02
8.282828e+01	6.565657e-01	1.209152e-01
8.282828e+01	7.070707e-01	1.971888e-01
8.282828e+01	7.575758e-01	2.976631e-01
8.282828e+01	8.080808e-01	4.177777e-01
8.282828e+01	8.585859e-01	5.511839e-01
8.282828e+01	9.090909e-01	6.968120e-01
8.282828e+01	9.595960e-01	8.648851e-01
8.282828e+01	1.010101e+00	1.072335e+00
8.282828e+01	1.060606e+00	1.321748e+00
8.282828e+01	1.111111e+00	1.573277e+00
8.282828e+01	1.161616e+00	1.736181e+00
8.282828e+01	1.212121e+00	1.704605e+00
8.282828e+01	1.262626e+00	1.429441e+00
8.282828e+01	1.313131e+00	9.759061e-01
8.282828e+01	1.363636e+00	5.098303e-01
8.282828e+01	1.414141e+00	2.063496e-01
8.282828e+01	1.464646e+00	1.439985e-01
8.282828e+01	1.515152e+00	2.660334e-01
8.282828e+01	1.565657e+00	4.349462e-01
8.282828e+01	1.616162e+00	5.290243e-01
8.282828e+01	1.666667e+00	5.052538e-01
8.282828e+01	1.717172e+00	3.954025e-01
8.282828e+01	1.767677e+00	2.600968e-01
8.282828e+01	1.818182e+00	1.460228e-01
8.282828e+01	1.868687e+00	7.062314e-02
8.282828e+01	1.919192e+00	2.959465e-02
8.282828e+01	1.969697e+00	1.078291e-02
8.282828e+01	2.020202e+00	3.422812e-03
8.282828e+01	2.070707e+00	9.474886e-04
8.282828e+01	2.121212e+00	2.287761e-04
8.282828e+01	2.171717e+00	4.816833e-05
8.282828e+01	2.222222e+00	8.837310e-06
8.282828e+01	2.272727e+00	1.411386e-06
8.282828e+01	2.323232e+00	1.959703e-07
8.282828e+01	2.373737e+00	2.362278e-08
8.282828e+01	2.424242e+00	2.467999e-09
8.282828e+01	2.474747e+00	2.231343e-10
8.282828e+01	2.525253e+00	1.741322e-11
8.282828e+01	2.575758e+00	1.174037e-12
8.282828e+01	2.626263e+00	6.744243e-14
8.282828e+01	2.676768e+00	3.474715e-15
8.282828e+01	2.727273e+00	1.234178e-16
8.282828e+01	2.777778e+00	1.070091e-17
8.282828e+01	2.828283e+00	7.225039e-19
8.282828e+01	2.878788e+00	1.510833e-18
8.282828e+01	2.929293e+00	1.410153e-18
8.282828e+01	2.979798e+00	1.474670e-18
8.282828e+01	3.030303e+00	1.506599e-18
8.282828e+01	3.080808e+00	1.534584e-18
8.282828e+01	3.131313e+00	1.554405e-18
8.282828e+01	3.181818e+00	1.566942e-18
8.282828e+01	3.232323e+00	1.571846e-18
8.282828e+01	3.282828e+00	1.569630e-18
8.282828e+01	3.333333e+00	1.560208e-18
8.282828e+01	3.383838e+00	1.543991e-18
8.282828e+01	3.434343e+00	1.521244e-18
8.282828e+01	3.484848e+00	1.492166e-18
8.282828e+01	3.535354e+00	1.457374e-18
8.282828e+01	3.585859e+00	1.416919e-18
8.282828e+01	3.636364e+00	1.371615e-18
8.282828e+01	3.686869e+00	1.321524e-18
8.282828e+01	3.737374e+00	1.267438e-18
8.282828e+01	3.787879e+00	1.209631e-18
8.282828e+01	3.838384e+00	1.148691e-18
8.282828e+01	3.888889e+00	1.085162e-18
8.282828e+01	3.939394e+00	1.019445e-18
8.282828e+01	3.989899e+00	9.522338e-19
8.282828e+01	4.040404e+00	8.838669e-19
8.282828e+01	4.090909e+00	8.150528e-19
8.282828e+01	4.141414e+00	7.461432e-19
8.282828e+01	4.191919e+00	6.777816e-19
8.282828e+01	4.242424e+00	6.103666e-19
8.282828e+01	4.292929e+00	5.444526e-19
8.282828e+01	4.343434e+00	4.804576e-19
8.282828e+01	4.393939e+00	4.188679e-19
8.282828e+01	4.444444e+00	3.600751e-19
8.282828e+01	4.494949e+00	3.045222e-19
8.282828e+01	4.545455e+00	2.525515e-19
8.282828e+01	4.595960e+00	2.045513e-19
8.282828e+01	4.646465e+00	1.608271e-19
8.282828e+01	4.696970e+00	1.216986e-19
8.282828e+01	4.747475e+00	8.744581e-20
8.282828e+01	4.797980e+00	5.833838e-20
8.282828e+01	4.848485e+00	3.464794e-20
8.282828e+01	4.898990e+00	1.666828e-20
8.282828e+01	4.949495e+00	4.812987e-21
8.282828e+01	5.000000e+00	3.908166e-31
8.383838e+01	0.000000e+00	0.000000e+00
8.383838e+01	5.050505e-02	3.057096e-07
8.383838e+01	1.010101e-01	1.742480e-06
8.383838e+01	1.515152e-01	6.513994e-06
8.383838e+01	2.020202e-01	2.107548e-05
8.383838e+01	2.525253e-01	6.258441e-05
8.383838e+01	3.030303e-01	1.729251e-04
8.383838e+01	3.535354e-01	4.451252e-04
8.383838e+01	4.040404e-01	1.064272e-03
8.383838e+01	4.545455e-01	2.351728e-03
8.383838e+01	5.050505e-01	4.770875e-03
8.383838e+01	5.555556e-01	8.810709e-03
8.383838e+01	6.060606e-01	1.465571e-02
8.383838e+01	6.565657e-01	2.167770e-02
8.383838e+01	7.070707e-01	2.815653e-02
8.383838e+01	7.575758e-01	3.217356e-02
8.383838e+01	8.080808e-01	3.479041e-02
8.383838e+01	8.585859e-01	4.543631e-02
8.383838e+01	9.090909e-01	8.631240e-02
8.383838e+01	9.595960e-01	1.891403e-01
8.383838e+01	1.010101e+00	3.782439e-01
8.383838e+01	1.060606e+00	6.432137e-01
8.383838e+01	1.111111e+00	9.196051e-01
8.383838e+01	1.161616e+00	1.103329e+00
8.383838e+01	1.212121e+00	1.107405e+00
8.383838e+01	1.262626e+00	9.313105e-01
8.383838e+01	1.313131e+00	6.855689e-01
8.383838e+01	1.363636e+00	5.349213e-01
8.383838e+01	1.414141e+00	5.891591e-01
8.383838e+01	1.464646e+00	8.241554e-01
8.383838e+01	1.515152e+00	1.098392e+00
8.383838e+01	1.565657e+00	1.251126e+00
8.383838e+01	1.616162e+00	1.202268e+00
8.383838e+01	1.666667e+00	9.826458e-01
8.383838e+01	1.717172e+00	6.896889e-01
8.383838e+01	1.767677e+00	4.187961e-01
8.383838e+01	1.818182e+00	2.211547e-01
8.383838e+01	1.868687e+00	1.019083e-01
8.383838e+01	1.919192e+00	4.106234e-02
8.383838e+01	1.969697e+00	1.448354e-02
8.383838e+01	2.020202e+00	4.473687e-03
8.383838e+01	2.070707e+00	1.209879e-03
8.383838e+01	2.121212e+00	2.863179e-04
8.383838e+01	2.171717e+00	5.923653e-05
8.383838e+01	2.222222e+00	1.070183e-05
8.383838e+01	2.272727e+00	1.686007e-06
8.383838e+01	2.323232e+00	2.312722e-07
8.383838e+01	2.373737e+00	2.757590e-08
8.383838e+01	2.424242e+00	2.852876e-09
8.383838e+01	2.474747e+00	2.556426e-10
8.383838e+01	2.525253e+00	1.979174e-11
8.383838e+01	2.575758e+00	1.324066e-12
8.383838e+01	2.626263e+00	7.568417e-14
8.383838e+01	2.676768e+00	3.843615e-15
8.383838e+01	2.727273e+00	1.412710e-16
8.383838e+01	2.777778e+00	9.902643e-18
8.383838e+01	2.828283e+00	1.187601e-19
8.383838e+01	2.878788e+00	7.231539e-19
8.383838e+01	2.929293e+00	6.173617e-19
8.383838e+01	2.979798e+00	6.544491e-19
8.383838e+01	3.030303e+00	6.673007e-19
8.383838e+01	3.080808e+00	6.797201e-19
8.383838e+01	3.131313e+00	6.883712e-19
8.383838e+01	3.181818e+00	6.938489e-19
8.383838e+01	3.232323e+00	6.958902e-19
8.383838e+01	3.282828e+00	6.948828e-19
8.383838e+01	3.333333e+00	6.905827e-19
8.383838e+01	3.383838e+00	6.833883e-19
8.383838e+01	3.434343e+00	6.732209e-19
8.383838e+01	3.484848e+00	6.603221e-19
8.383838e+01	3.535354e+00	6.448696e-19
8.383838e+01	3.585859e+00	6.269169e-19
8.383838e+01	3.636364e+00	6.068576e-19
8.383838e+01	3.686869e+00	5.846288e-19
8.383838e+01	3.737374e+00	5.607096e-19
8.383838e+01	3.787879e+00	5.350733e-19
8.383838e+01	3.838384e+00	5.081242e-19
8.383838e+01	3.888889e+00	4.799820e-19
8.383838e+01	3.939394e+00	4.509095e-19
8.383838e+01	3.989899e+00	4.211649e-19
8.383838e+01	4.040404e+00	3.909089e-19
8.383838e+01	4.090909e+00	3.604769e-19
8.383838e+01	4.141414e+00	3.299760e-19
8.383838e+01	4.191919e+00	2.997558e-19
8.383838e+01	4.242424e+00	2.699183e-19
8.383838e+01	4.292929e+00	2.407803e-19
8.383838e+01	4.343434e+00	2.124646e-19
8.383838e+01	4.393939e+00	1.852354e-19
8.383838e+01	4.444444e+00	1.592289e-19
8.383838e+01	4.494949e+00	1.346639e-19
8.383838e+01	4.545455e+00	1.116834e-19
8.383838e+01	4.595960e+00	9.045379e-20
8.383838e+01	4.646465e+00	7.112407e-20
8.383838e+01	4.696970e+00	5.381577e-20
8.383838e+01	4.747475e+00	3.867415e-20
8.383838e+01	4.797980e+00	2.579974e-20
8.383838e+01	4.848485e+00	1.532542e-20
8.383838e+01	4.898990e+00	7.372728e-21
8.383838e+01	4.949495e+00	2.129769e-21
8.383838e+01	5.000000e+00	2.991715e-31
8.484848e+01	0.000000e+00	0.000000e+00
8.484848e+01	5.050505e-02	8.372462e-07
8.484848e+01	1.010101e-01	4.788949e-06
8.484848e+01	1.515152e-01	1.805639e-05
8.484848e+01	2.020202e-01	5.928512e-05
8.484848e+01	2.525253e-01	1.799155e-04
8.484848e+01	3.030303e-01	5.121171e-04
8.484848e+01	3.535354e-01	1.370751e-03
8.484848e+01	4.040404e-01	3.446299e-03
8.484848e+01	4.545455e-01	8.118481e-03
8.484848e+01	5.050505e-01	1.786300e-02
8.484848e+01	5.555556e-01	3.657610e-02
8.484848e+01	6.060606e-01	6.940386e-02
8.484848e+01	6.565657e-01	1.214583e-01
8.484848e+01	7.070707e-01	1.949449e-01
8.484848e+01	7.575758e-01	2.850987e-01
8.484848e+01	8.080808e-01	3.769359e-01
8.484848e+01	8.585859e-01	4.462072e-01
8.484848e+01	9.090909e-01	4.671736e-01
8.484848e+01	9.595960e-01	4.256094e-01
8.484848e+01	1.010101e+00	3.296558e-01
8.484848e+01	1.060606e+00	2.094499e-01
8.484848e+01	1.111111e+00	1.036140e-01
8.484848e+01	1.161616e+00	4.300172e-02
8.484848e+01	1.212121e+00	4.659222e-02
8.484848e+01	1.262626e+00	1.317137e-01
8.484848e+01	1.313131e+00	3.209200e-01
8.484848e+01	1.363636e+00	6.257071e-01
8.484848e+01	1.414141e+00	1.013088e+00
8.484848e+01	1.464646e+00	1.389789e+00
8.484848e+01	1.515152e+00	1.633246e+00
8.484848e+01	1.565657e+00	1.656480e+00
8.484848e+01	1.616162e+00	1.458085e+00
8.484848e+01	1.666667e+00	1.118646e+00
8.484848e+01	1.717172e+00	7.503862e-01
8.484848e+01	1.767677e+00	4.410848e-01
8.484848e+01	1.818182e+00	2.275246e-01
8.484848e+01	1.868687e+00	1.030737e-01
8.484848e+01	1.919192e+00	4.102007e-02
8.484848e+01	1.969697e+00	1.433842e-02
8.484848e+01	2.020202e+00	4.399843e-03
8.484848e+01	2.070707e+00	1.184274e-03
8.484848e+01	2.121212e+00	2.793123e-04
8.484848e+01	2.171717e+00	5.765114e-05
8.484848e+01	2.222222e+00	1.039895e-05
8.484848e+01	2.272727e+00	1.636662e-06
8.484848e+01	2.323232e+00	2.243802e-07
8.484848e+01	2.373737e+00	2.674862e-08
8.484848e+01	2.424242e+00	2.767393e-09
8.484848e+01	2.474747e+00	2.480521e-10
8.484848e+01	2.525253e+00	1.920884e-11
8.484848e+01	2.575758e+00	1.286441e-12
8.484848e+01	2.626263e+00	7.339504e-14
8.484848e+01	2.676768e+00	3.772090e-15
8.484848e+01	2.727273e+00	1.307897e-16
8.484848e+01	2.777778e+00	1.177268e-17
8.484848e+01	2.828283e+00	5.834848e-19
8.484848e+01	2.878788e+00	1.506989e-18
8.484848e+01	2.929293e+00	1.381558e-18
8.484848e+01	2.979798e+00	1.448816e-18
8.484848e+01	3.030303e+00	1.479686e-18
8.484848e+01	3.080808e+00	1.507250e-18
8.484848e+01	3.131313e+00	1.526731e-18
8.484848e+01	3.181818e+00	1.539079e-18
8.484848e+01	3.232323e+00	1.543880e-18
8.484848e+01	3.282828e+00	1.541767e-18
8.484848e+01	3.333333e+00	1.532467e-18
8.484848e+01	3.383838e+00	1.516622e-18
8.484848e+01	3.434343e+00	1.494215e-18
8.484848e+01	3.484848e+00	1.465736e-18
8.484848e+01	3.535354e+00	1.431503e-18
8.484848e+01	3.585859e+00	1.391834e-18
8.484848e+01	3.636364e+00	1.347289e-18
8.484848e+01	3.686869e+00	1.298126e-18
8.484848e+01	3.737374e+00	1.244988e-18
8.484848e+01	3.787879e+00	1.188213e-18
8.484848e+01	3.838384e+00	1.128360e-18
8.484848e+01	3.888889e+00	1.065951e-18
8.484848e+01	3.939394e+00	1.001412e-18
8.484848e+01	3.989899e+00	9.353827e-19
8.484848e+01	4.040404e+00	8.682361e-19
8.484848e+01	4.090909e+00	8.006358e-19
8.484848e+01	4.141414e+00	7.329478e-19
8.484848e+01	4.191919e+00	6.657983e-19
8.484848e+01	4.242424e+00	5.995741e-19
8.484848e+01	4.292929e+00	5.348270e-19
8.484848e+01	4.343434e+00	4.719625e-19
8.484848e+01	4.393939e+00	4.114630e-19
8.484848e+01	4.444444e+00	3.537103e-19
8.484848e+01	4.494949e+00	2.991363e-19
8.484848e+01	4.545455e+00	2.480892e-19
8.484848e+01	4.595960e+00	2.009342e-19
8.484848e+01	4.646465e+00	1.579861e-19
8.484848e+01	4.696970e+00	1.195449e-19
8.484848e+01	4.747475e+00	8.590010e-20
8.484848e+01	4.797980e+00	5.730601e-20
8.484848e+01	4.848485e+00	3.403563e-20
8.484848e+01	4.898990e+00	1.637329e-20
8.484848e+01	4.949495e+00	4.727805e-21
8.484848e+01	5.000000e+00	1.386144e-31
8.585859e+01	0.000000e+00	0.000000e+00
8.585859e+01	5.050505e-02	1.220179e-06
8.585859e+01	1.010101e-01	6.977174e-06
8.585859e+01	1.515152e-01	2.628746e-05
8.585859e+01	2.020202e-01	8.619820e-05
8.585859e+01	2.525253e-01	2.610699e-04
8.585859e+01	3.030303e-01	7.410002e-04
8.585859e+01	3.535354e-01	1.975523e-03
8.585859e+01	4.040404e-01	4.939722e-03
8.585859e+01	4.545455e-01	1.154961e-02
8.585859e+01	5.050505e-01	2.515163e-02
8.585859e+01	5.555556e-01	5.076950e-02
8.585859e+01	6.060606e-01	9.442914e-02
8.585859e+01	6.565657e-01	1.606325e-01
8.585859e+01	7.070707e-01	2.474756e-01
8.585859e+01	7.575758e-01	3.406548e-01
8.585859e+01	8.080808e-01	4.106135e-01
8.585859e+01	8.585859e-01	4.193652e-01
8.585859e+01	9.090909e-01	3.412170e-01
8.585859e+01	9.595960e-01	1.917662e-01
8.585859e+01	1.010101e+00	4.578630e-02
8.585859e+01	1.060606e+00	1.955226e-02
8.585859e+01	1.111111e+00	2.103980e-01
8.585859e+01	1.161616e+00	6.228450e-01
8.585859e+01	1.212121e+00	1.137664e+00
8.585859e+01	1.262626e+00	1.562840e+00
8.585859e+01	1.313131e+00	1.743442e+00
8.585859e+01	1.363636e+00	1.651620e+00
8.585859e+01	1.414141e+00	1.387352e+00
8.585859e+01	1.464646e+00	1.094542e+00
8.585859e+01	1.515152e+00	8.663883e-01
8.585859e+01	1.565657e+00	7.117093e-01
8.585859e+01	1.616162e+00	5.897461e-01
8.585859e+01	1.666667e+00	4.647404e-01
8.585859e+01	1.717172e+00	3.323795e-01
8.585859e+01	1.767677e+00	2.104228e-01
8.585859e+01	1.818182e+00	1.166766e-01
8.585859e+01	1.868687e+00	5.645774e-02
8.585859e+01	1.919192e+00	2.382077e-02
8.585859e+01	1.969697e+00	8.764431e-03
8.585859e+01	2.020202e+00	2.812687e-03
8.585859e+01	2.070707e+00	7.873385e-04
8.585859e+01	2.121212e+00	1.921910e-04
8.585859e+01	2.171717e+00	4.088829e-05
8.585859e+01	2.222222e+00	7.575377e-06
8.585859e+01	2.272727e+00	1.220939e-06
8.585859e+01	2.323232e+00	1.709700e-07
8.585859e+01	2.373737e+00	2.077189e-08
8.585859e+01	2.424242e+00	2.185966e-09
8.585859e+01	2.474747e+00	1.989819e-10
8.585859e+01	2.525253e+00	1.562235e-11
8.585859e+01	2.575758e+00	1.060248e-12
8.585859e+01	2.626263e+00	6.102344e-14
8.585859e+01	2.676768e+00	3.208590e-15
8.585859e+01	2.727273e+00	1.053039e-16
8.585859e+01	2.777778e+00	1.216722e-17
8.585859e+01	2.828283e+00	1.075744e-18
8.585859e+01	2.878788e+00	2.180486e-18
8.585859e+01	2.929293e+00	2.056826e-18
8.585859e+01	2.979798e+00	2.147808e-18
8.585859e+01	3.030303e+00	2.194764e-18
8.585859e+01	3.080808e+00	2.235511e-18
8.585859e+01	3.131313e+00	2.264421e-18
8.585859e+01	3.181818e+00	2.282699e-18
8.585859e+01	3.232323e+00	2.289883e-18
8.585859e+01	3.282828e+00	2.286651e-18
8.585859e+01	3.333333e+00	2.272969e-18
8.585859e+01	3.383838e+00	2.249335e-18
8.585859e+01	3.434343e+00	2.216234e-18
8.585859e+01	3.484848e+00	2.173867e-18
8.585859e+01	3.535354e+00	2.123206e-18
8.585859e+01	3.585859e+00	2.064271e-18
8.585859e+01	3.636364e+00	1.998281e-18
8.585859e+01	3.686869e+00	1.925317e-18
8.585859e+01	3.737374e+00	1.846517e-18
8.585859e+01	3.787879e+00	1.762317e-18
8.585859e+01	3.838384e+00	1.673528e-18
8.585859e+01	3.888889e+00	1.580985e-18
8.585859e+01	3.939394e+00	1.485241e-18
8.585859e+01	3.989899e+00	1.387325e-18
8.585859e+01	4.040404e+00	1.287724e-18
8.585859e+01	4.090909e+00	1.187467e-18
8.585859e+01	4.141414e+00	1.087077e-18
8.585859e+01	4.191919e+00	9.874756e-19
8.585859e+01	4.242424e+00	8.892636e-19
8.585859e+01	4.292929e+00	7.932281e-19
8.585859e+01	4.343434e+00	6.999961e-19
8.585859e+01	4.393939e+00	6.102618e-19
8.585859e+01	4.444444e+00	5.246064e-19
8.585859e+01	4.494949e+00	4.436696e-19
8.585859e+01	4.545455e+00	3.679504e-19
8.585859e+01	4.595960e+00	2.980186e-19
8.585859e+01	4.646465e+00	2.343132e-19
8.585859e+01	4.696970e+00	1.773076e-19
8.585859e+01	4.747475e+00	1.274016e-19
8.585859e+01	4.797980e+00	8.499495e-20
8.585859e+01	4.848485e+00	5.047876e-20
8.585859e+01	4.898990e+00	2.428416e-20
8.585859e+01	4.949495e+00	7.011835e-21
8.585859e+01	5.000000e+00	3.463697e-31
8.686869e+01	0.000000e+00	0.000000e+00
8.686869e+01	5.050505e-02	2.078254e-06
8.686869e+01	1.010101e-01	1.189507e-05
8.686869e+01	1.515152e-01	4.491954e-05
8.686869e+01	2.020202e-01	1.478757e-04
8.686869e+01	2.525253e-01	4.504741e-04
8.686869e+01	3.030303e-01	1.288677e-03
8.686869e+01	3.535354e-01	3.470947e-03
8.686869e+01	4.040404e-01	8.792505e-03
8.686869e+01	4.545455e-01	2.089628e-02
8.686869e+01	5.050505e-01	4.644545e-02
8.686869e+01	5.555556e-01	9.618698e-02
8.686869e+01	6.060606e-01	1.848029e-01
8.686869e+01	6.565657e-01	3.277335e-01
8.686869e+01	7.070707e-01	5.332583e-01
8.686869e+01	7.575758e-01	7.903023e-01
8.686869e+01	8.080808e-01	1.057277e+00
8.686869e+01	8.585859e-01	1.262693e+00
8.686869e+01	9.090909e-01	1.328472e+00
8.686869e+01	9.595960e-01	1.215503e+00
8.686869e+01	1.010101e+00	9.690802e-01
8.686869e+01	1.060606e+00	7.251473e-01
8.686869e+01	1.111111e+00	6.499893e-01
8.686869e+01	1.161616e+00	8.333351e-01
8.686869e+01	1.212121e+00	1.206947e+00
8.686869e+01	1.262626e+00	1.563579e+00
8.686869e+01	1.313131e+00	1.681857e+00
8.686869e+01	1.363636e+00	1.470960e+00
8.686869e+01	1.414141e+00	1.023424e+00
8.686869e+01	1.464646e+00	5.387999e-01
8.686869e+01	1.515152e+00	1.881102e-01
8.686869e+01	1.565657e+00	2.676407e-02
8.686869e+01	1.616162e+00	4.566870e-03
8.686869e+01	1.666667e+00	3.565713e-02
8.686869e+01	1.717172e+00	5.982072e-02
8.686869e+01	1.767677e+00	5.953029e-02
8.686869e+01	1.818182e+00	4.359053e-02
8.686869e+01	1.868687e+00	2.541405e-02
8.686869e+01	1.919192e+00	1.224283e-02
8.686869e+01	1.969697e+00	4.971129e-03
8.686869e+01	2.020202e+00	1.721028e-03
8.686869e+01	2.070707e+00	5.115316e-04
8.686869e+01	2.121212e+00	1.310703e-04
8.686869e+01	2.171717e+00	2.902133e-05
8.686869e+01	2.222222e+00	5.559492e-06
8.686869e+01	2.272727e+00	9.217812e-07
8.686869e+01	2.323232e+00	1.322516e-07
8.686869e+01	2.373737e+00	1.640944e-08
8.686869e+01	2.424242e+00	1.758840e-09
8.686869e+01	2.474747e+00	1.627245e-10
8.686869e+01	2.525253e+00	1.295593e-11
8.686869e+01	2.575758e+00	8.916532e-13
8.686869e+01	2.626263e+00	5.164772e-14
8.686869e+01	2.676768e+00	2.805219e-15
8.686869e+01	2.727273e+00	8.216641e-17
8.686869e+01	2.777778e+00	1.399597e-17
8.686869e+01	2.828283e+00	1.978536e-18
8.686869e+01	2.878788e+00	3.435559e-18
8.686869e+01	2.929293e+00	3.308961e-18
8.686869e+01	2.979798e+00	3.444943e-18
8.686869e+01	3.030303e+00	3.521888e-18
8.686869e+01	3.080808e+00	3.587298e-18
8.686869e+01	3.131313e+00	3.633895e-18
8.686869e+01	3.181818e+00	3.663368e-18
8.686869e+01	3.232323e+00	3.675085e-18
8.686869e+01	3.282828e+00	3.669988e-18
8.686869e+01	3.333333e+00	3.648191e-18
8.686869e+01	3.383838e+00	3.610347e-18
8.686869e+01	3.434343e+00	3.557320e-18
8.686869e+01	3.484848e+00	3.489426e-18
8.686869e+01	3.535354e+00	3.408149e-18
8.686869e+01	3.585859e+00	3.313680e-18
8.686869e+01	3.636364e+00	3.207738e-18
8.686869e+01	3.686869e+00	3.090744e-18
8.686869e+01	3.737374e+00	2.964227e-18
8.686869e+01	3.787879e+00	2.829162e-18
8.686869e+01	3.838384e+00	2.686619e-18
8.686869e+01	3.888889e+00	2.538111e-18
8.686869e+01	3.939394e+00	2.384422e-18
8.686869e+01	3.989899e+00	2.227248e-18
8.686869e+01	4.040404e+00	2.067381e-18
8.686869e+01	4.090909e+00	1.906417e-18
8.686869e+01	4.141414e+00	1.745285e-18
8.686869e+01	4.191919e+00	1.585360e-18
8.686869e+01	4.242424e+00	1.427718e-18
8.686869e+01	4.292929e+00	1.273517e-18
8.686869e+01	4.343434e+00	1.123855e-18
8.686869e+01	4.393939e+00	9.797763e-19
8.686869e+01	4.444444e+00	8.422673e-19
8.686869e+01	4.494949e+00	7.123173e-19
8.686869e+01	4.545455e+00	5.907500e-19
8.686869e+01	4.595960e+00	4.784758e-19
8.686869e+01	4.646465e+00	3.761892e-19
8.686869e+01	4.696970e+00	2.846703e-19
8.686869e+01	4.747475e+00	2.045389e-19
8.686869e+01	4.797980e+00	1.364574e-19
8.686869e+01	4.848485e+00	8.103913e-20
8.686869e+01	4.898990e+00	3.898565e-20
8.686869e+01	4.949495e+00	1.125540e-20
8.686869e+01	5.000000e+00	3.505455e-31
8.787879e+01	0.000000e+00	0.000000e+00
8.787879e+01	5.050505e-02	2.676713e-06
8.787879e+01	1.010101e-01	1.533175e-05
8.787879e+01	1.515152e-01	5.800128e-05
8.787879e+01	2.020202e-01	1.915264e-04
8.787879e+01	2.525253e-01	5.860673e-04
8.787879e+01	3.030303e-01	1.686747e-03
8.787879e+01	3.535354e-01	4.578794e-03
8.787879e+01	4.040404e-01	1.171378e-02
8.787879e+01	4.545455e-01	2.818184e-02
8.787879e+01	5.050505e-01	6.359059e-02
8.787879e+01	5.555556e-01	1.341555e-01
8.787879e+01	6.060606e-01	2.636822e-01
8.787879e+01	6.565657e-01	4.809171e-01
8.787879e+01	7.070707e-01	8.101785e-01
8.787879e+01	7.575758e-01	1.253951e+00
8.787879e+01	8.080808e-01	1.771669e+00
8.787879e+01	8.585859e-01	2.267018e+00
8.787879e+01	9.090909e-01	2.600871e+00
8.787879e+01	9.595960e-01	2.639547e+00
8.787879e+01	1.010101e+00	2.325099e+00
8.787879e+01	1.060606e+00	1.727416e+00
8.787879e+01	1.111111e+00	1.032818e+00
8.787879e+01	1.161616e+00	4.584202e-01
8.787879e+01	1.212121e+00	1.395437e-01
8.787879e+01	1.262626e+00	6.871071e-02
8.787879e+01	1.313131e+00	1.307586e-01
8.787879e+01	1.363636e+00	2.008772e-01
8.787879e+01	1.414141e+00	2.230429e-01
8.787879e+01	1.464646e+00	2.139116e-01
8.787879e+01	1.515152e+00	2.106682e-01
8.787879e+01	1.565657e+00	2.241360e-01
8.787879e+01	1.616162e+00	2.352489e-01
8.787879e+01	1.666667e+00	2.218523e-01
8.787879e+01	1.717172e+00	1.804409e-01
8.787879e+01	1.767677e+00	1.253563e-01
8.787879e+01	1.818182e+00	7.449995e-02
8.787879e+01	1.868687e+00	3.803528e-02
8.787879e+01	1.919192e+00	1.674950e-02
8.787879e+01	1.969697e+00	6.382392e-03
8.787879e+01	2.020202e+00	2.109104e-03
8.787879e+01	2.070707e+00	6.052664e-04
8.787879e+01	2.121212e+00	1.509490e-04
8.787879e+01	2.171717e+00	3.271966e-05
8.787879e+01	2.222222e+00	6.162362e-06
8.787879e+01	2.272727e+00	1.007764e-06
8.787879e+01	2.323232e+00	1.429631e-07
8.787879e+01	2.373737e+00	1.757298e-08
8.787879e+01	2.424242e+00	1.868805e-09
8.787879e+01	2.474747e+00	1.717581e-10
8.787879e+01	2.525253e+00	1.359689e-11
8.787879e+01	2.575758e+00	9.315698e-13
8.787879e+01	2.626263e+00	5.364977e-14
8.787879e+01	2.676768e+00	2.924147e-15
8.787879e+01	2.727273e+00	8.180409e-17
8.787879e+01	2.777778e+00	1.571958e-17
8.787879e+01	2.828283e+00	2.514105e-18
8.787879e+01	2.878788e+00	4.193438e-18
8.787879e+01	2.929293e+00	4.061326e-18
8.787879e+01	2.979798e+00	4.224955e-18
8.787879e+01	3.030303e+00	4.320002e-18
8.787879e+01	3.080808e+00	4.400355e-18
8.787879e+01	3.131313e+00	4.457694e-18
8.787879e+01	3.181818e+00	4.494005e-18
8.787879e+01	3.232323e+00	4.508509e-18
8.787879e+01	3.282828e+00	4.502409e-18
8.787879e+01	3.333333e+00	4.475741e-18
8.787879e+01	3.383838e+00	4.429491e-18
8.787879e+01	3.434343e+00	4.364436e-18
8.787879e+01	3.484848e+00	4.281331e-18
8.787879e+01	3.535354e+00	4.181570e-18
8.787879e+01	3.585859e+00	4.065855e-18
8.787879e+01	3.636364e+00	3.935800e-18
8.787879e+01	3.686869e+00	3.792409e-18
8.787879e+01	3.737374e+00	3.637143e-18
8.787879e+01	3.787879e+00	3.471509e-18
8.787879e+01	3.838384e+00	3.296608e-18
8.787879e+01	3.888889e+00	3.114423e-18
8.787879e+01	3.939394e+00	2.925870e-18
8.787879e+01	3.989899e+00	2.733013e-18
8.787879e+01	4.040404e+00	2.536885e-18
8.787879e+01	4.090909e+00	2.339357e-18
8.787879e+01	4.141414e+00	2.141667e-18
8.787879e+01	4.191919e+00	1.945412e-18
8.787879e+01	4.242424e+00	1.751993e-18
8.787879e+01	4.292929e+00	1.562758e-18
8.787879e+01	4.343434e+00	1.379121e-18
8.787879e+01	4.393939e+00	1.202311e-18
8.787879e+01	4.444444e+00	1.033580e-18
8.787879e+01	4.494949e+00	8.741057e-19
8.787879e+01	4.545455e+00	7.249333e-19
8.787879e+01	4.595960e+00	5.871552e-19
8.787879e+01	4.646465e+00	4.616345e-19
8.787879e+01	4.696970e+00	3.493263e-19
8.787879e+01	4.747475e+00	2.509920e-19
8.787879e+01	4.797980e+00	1.674478e-19
8.787879e+01	4.848485e+00	9.944197e-20
8.787879e+01	4.898990e+00	4.783789e-20
8.787879e+01	4.949495e+00	1.381000e-20
8.787879e+01	5.000000e+00	1.375471e-31
8.888889e+01	0.000000e+00	0.000000e+00
8.888889e+01	5.050505e-02	1.505147e-06
8.888889e+01	1.010101e-01	8.617256e-06
8.888889e+01	1.515152e-01	3.256386e-05
8.888889e+01	2.020202e-01	1.073300e-04
8.888889e+01	2.525253e-01	3.275603e-04
8.888889e+01	3.030303e-01	9.395045e-04
8.888889e+01	3.535354e-01	2.539592e-03
8.888889e+01	4.040404e-01	6.464685e-03
8.888889e+01	4.545455e-01	1.546552e-02
8.888889e+01	5.050505e-01	3.468187e-02
8.888889e+01	5.555556e-01	7.269679e-02
8.888889e+01	6.060606e-01	1.419909e-01
8.888889e+01	6.565657e-01	2.575868e-01
8.888889e+01	7.070707e-01	4.325679e-01
8.888889e+01	7.575758e-01	6.702463e-01
8.888889e+01	8.080808e-01	9.554633e-01
8.888889e+01	8.585859e-01	1.250718e+00
8.888889e+01	9.090909e-01	1.503422e+00
8.888889e+01	9.595960e-01	1.665229e+00
8.888889e+01	1.010101e+00	1.713992e+00
8.888889e+01	1.060606e+00	1.661724e+00
8.888889e+01	1.111111e+00	1.538595e+00
8.888889e+01	1.161616e+00	1.363972e+00
8.888889e+01	1.212121e+00	1.132870e+00
8.888889e+01	1.262626e+00	8.368839e-01
8.888889e+01	1.313131e+00	5.033578e-01
8.888889e+01	1.363636e+00	2.096072e-01
8.888889e+01	1.414141e+00	4.585257e-02
8.888889e+01	1.464646e+00	5.160024e-02
8.888889e+01	1.515152e+00	1.821312e-01
8.888889e+01	1.565657e+00	3.369332e-01
8.888889e+01	1.616162e+00	4.251564e-01
8.888889e+01	1.666667e+00	4.138972e-01
8.888889e+01	1.717172e+00	3.285546e-01
8.888889e+01	1.767677e+00	2.188029e-01
8.888889e+01	1.818182e+00	1.242229e-01
8.888889e+01	1.868687e+00	6.070324e-02
8.888889e+01	1.919192e+00	2.568171e-02
8.888889e+01	1.969697e+00	9.440169e-03
8.888889e+01	2.020202e+00	3.021115e-03
8.888889e+01	2.070707e+00	8.426109e-04
8.888889e+01	2.121212e+00	2.048713e-04
8.888889e+01	2.171717e+00	4.341286e-05
8.888889e+01	2.222222e+00	8.012184e-06
8.888889e+01	2.272727e+00	1.286639e-06
8.888889e+01	2.323232e+00	1.795574e-07
8.888889e+01	2.373737e+00	2.174636e-08
8.888889e+01	2.424242e+00	2.281854e-09
8.888889e+01	2.474747e+00	2.071510e-10
8.888889e+01	2.525253e+00	1.622411e-11
8.888889e+01	2.575758e+00	1.098449e-12
8.888889e+01	2.626263e+00	6.312348e-14
8.888889e+01	2.676768e+00	3.305315e-15
8.888889e+01	2.727273e+00	1.099345e-16
8.888889e+01	2.777778e+00	1.248766e-17
8.888889e+01	2.828283e+00	1.374685e-18
8.888889e+01	2.878788e+00	2.470045e-18
8.888889e+01	2.929293e+00	2.359920e-18
8.888889e+01	2.979798e+00	2.459673e-18
8.888889e+01	3.030303e+00	2.514263e-18
8.888889e+01	3.080808e+00	2.561013e-18
8.888889e+01	3.131313e+00	2.594287e-18
8.888889e+01	3.181818e+00	2.615351e-18
8.888889e+01	3.232323e+00	2.623704e-18
8.888889e+01	3.282828e+00	2.620109e-18
8.888889e+01	3.333333e+00	2.604515e-18
8.888889e+01	3.383838e+00	2.577555e-18
8.888889e+01	3.434343e+00	2.539654e-18
8.888889e+01	3.484848e+00	2.491239e-18
8.888889e+01	3.535354e+00	2.433172e-18
8.888889e+01	3.585859e+00	2.365774e-18
8.888889e+01	3.636364e+00	2.290108e-18
8.888889e+01	3.686869e+00	2.206609e-18
8.888889e+01	3.737374e+00	2.116277e-18
8.888889e+01	3.787879e+00	2.019854e-18
8.888889e+01	3.838384e+00	1.918092e-18
8.888889e+01	3.888889e+00	1.812063e-18
8.888889e+01	3.939394e+00	1.702348e-18
8.888889e+01	3.989899e+00	1.590129e-18
8.888889e+01	4.040404e+00	1.476000e-18
8.888889e+01	4.090909e+00	1.361078e-18
8.888889e+01	4.141414e+00	1.246041e-18
8.888889e+01	4.191919e+00	1.131865e-18
8.888889e+01	4.242424e+00	1.019316e-18
8.888889e+01	4.292929e+00	9.092252e-19
8.888889e+01	4.343434e+00	8.023741e-19
8.888889e+01	4.393939e+00	6.995100e-19
8.888889e+01	4.444444e+00	6.013361e-19
8.888889e+01	4.494949e+00	5.085563e-19
8.888889e+01	4.545455e+00	4.217669e-19
8.888889e+01	4.595960e+00	3.416065e-19
8.888889e+01	4.646465e+00	2.685813e-19
8.888889e+01	4.696970e+00	2.032385e-19
8.888889e+01	4.747475e+00	1.460304e-19
8.888889e+01	4.797980e+00	9.742289e-20
8.888889e+01	4.848485e+00	5.785793e-20
8.888889e+01	4.898990e+00	2.783354e-20
8.888889e+01	4.949495e+00	8.035719e-21
8.888889e+01	5.000000e+00	2.912111e-31
8.989899e+01	0.000000e+00	0.000000e+00
8.989899e+01	5.050505e-02	3.031829e-07
8.989899e+01	1.010101e-01	1.727128e-06
8.989899e+01	1.515152e-01	6.447927e-06
8.989899e+01	2.020202e-01	2.081292e-05
8.989899e+01	2.525253e-01	6.158669e-05
8.989899e+01	3.030303e-01	1.693224e-04
8.989899e+01	3.535354e-01	4.328891e-04
8.989899e+01	4.040404e-01	1.025495e-03
8.989899e+01	4.545455e-01	2.237760e-03
8.989899e+01	5.050505e-01	4.461937e-03
8.989899e+01	5.555556e-01	8.043060e-03
8.989899e+01	6.060606e-01	1.292160e-02
8.989899e+01	6.565657e-01	1.816103e-02
8.989899e+01	7.070707e-01	2.189326e-02
8.989899e+01	7.575758e-01	2.281117e-02
8.989899e+01	8.080808e-01	2.444711e-02
8.989899e+01	8.585859e-01	4.194918e-02
8.989899e+01	9.090909e-01	1.072647e-01
8.989899e+01	9.595960e-01	2.644225e-01
8.989899e+01	1.010101e+00	5.473267e-01
8.989899e+01	1.060606e+00	9.435782e-01
8.989899e+01	1.111111e+00	1.366653e+00
8.989899e+01	1.161616e+00	1.669120e+00
8.989899e+01	1.212121e+00	1.711492e+00
8.989899e+01	1.262626e+00	1.455432e+00
8.989899e+01	1.313131e+00	1.012226e+00
8.989899e+01	1.363636e+00	5.936208e-01
8.989899e+01	1.414141e+00	3.855418e-01
8.989899e+01	1.464646e+00	4.350928e-01
8.989899e+01	1.515152e+00	6.364231e-01
8.989899e+01	1.565657e+00	8.194232e-01
8.989899e+01	1.616162e+00	8.637401e-01
8.989899e+01	1.666667e+00	7.539835e-01
8.989899e+01	1.717172e+00	5.549555e-01
8.989899e+01	1.767677e+00	3.490855e-01
8.989899e+01	1.818182e+00	1.893740e-01
8.989899e+01	1.868687e+00	8.912105e-02
8.989899e+01	1.919192e+00	3.651904e-02
8.989899e+01	1.969697e+00	1.305843e-02
8.989899e+01	2.020202e+00	4.079323e-03
8.989899e+01	2.070707e+00	1.113707e-03
8.989899e+01	2.121212e+00	2.656778e-04
8.989899e+01	2.171717e+00	5.534411e-05
8.989899e+01	2.222222e+00	1.005792e-05
8.989899e+01	2.272727e+00	1.592737e-06
8.989899e+01	2.323232e+00	2.194657e-07
8.989899e+01	2.373737e+00	2.627243e-08
8.989899e+01	2.424242e+00	2.727636e-09
8.989899e+01	2.474747e+00	2.451897e-10
8.989899e+01	2.525253e+00	1.903634e-11
8.989899e+01	2.575758e+00	1.276703e-12
8.989899e+01	2.626263e+00	7.316035e-14
8.989899e+01	2.676768e+00	3.719578e-15
8.989899e+01	2.727273e+00	1.377407e-16
8.989899e+01	2.777778e+00	9.530880e-18
8.989899e+01	2.828283e+00	1.676637e-19
8.989899e+01	2.878788e+00	7.315028e-19
8.989899e+01	2.929293e+00	6.336510e-19
8.989899e+01	2.979798e+00	6.701091e-19
8.989899e+01	3.030303e+00	6.834594e-19
8.989899e+01	3.080808e+00	6.961453e-19
8.989899e+01	3.131313e+00	7.049977e-19
8.989899e+01	3.181818e+00	7.105911e-19
8.989899e+01	3.232323e+00	7.126859e-19
8.989899e+01	3.282828e+00	7.116258e-19
8.989899e+01	3.333333e+00	7.072395e-19
8.989899e+01	3.383838e+00	6.998347e-19
8.989899e+01	3.434343e+00	6.894482e-19
8.989899e+01	3.484848e+00	6.762019e-19
8.989899e+01	3.535354e+00	6.604018e-19
8.989899e+01	3.585859e+00	6.419860e-19
8.989899e+01	3.636364e+00	6.214630e-19
8.989899e+01	3.686869e+00	5.986809e-19
8.989899e+01	3.737374e+00	5.741906e-19
8.989899e+01	3.787879e+00	5.479334e-19
8.989899e+01	3.838384e+00	5.203332e-19
8.989899e+01	3.888889e+00	4.915160e-19
8.989899e+01	3.939394e+00	4.617387e-19
8.989899e+01	3.989899e+00	4.312821e-19
8.989899e+01	4.040404e+00	4.002944e-19
8.989899e+01	4.090909e+00	3.691332e-19
8.989899e+01	4.141414e+00	3.378982e-19
8.989899e+01	4.191919e+00	3.069513e-19
8.989899e+01	4.242424e+00	2.763976e-19
8.989899e+01	4.292929e+00	2.465598e-19
8.989899e+01	4.343434e+00	2.175645e-19
8.989899e+01	4.393939e+00	1.896813e-19
8.989899e+01	4.444444e+00	1.630501e-19
8.989899e+01	4.494949e+00	1.378970e-19
8.989899e+01	4.545455e+00	1.143629e-19
8.989899e+01	4.595960e+00	9.262511e-20
8.989899e+01	4.646465e+00	7.283022e-20
8.989899e+01	4.696970e+00	5.510832e-20
8.989899e+01	4.747475e+00	3.960237e-20
8.989899e+01	4.797980e+00	2.641945e-20
8.989899e+01	4.848485e+00	1.569323e-20
8.989899e+01	4.898990e+00	7.549856e-21
8.989899e+01	4.949495e+00	2.180955e-21
8.989899e+01	5.000000e+00	3.948744e-31
9.090909e+01	0.000000e+00	0.000000e+00
9.090909e+01	5.050505e-02	6.061546e-07
9.090909e+01	1.010101e-01	3.465492e-06
9.090909e+01	1.515152e-01	1.305151e-05
9.090909e+01	2.020202e-01	4.277007e-05
9.090909e+01	2.525253e-01	1.294385e-04
9.090909e+01	3.030303e-01	3.671052e-04
9.090909e+01	3.535354e-01	9.782007e-04
9.090909e+01	4.040404e-01	2.446241e-03
9.090909e+01	4.545455e-01	5.727368e-03
9.090909e+01	5.050505e-01	1.251683e-02
9.090909e+01	5.555556e-01	2.544864e-02
9.090909e+01	6.060606e-01	4.796441e-02
9.090909e+01	6.565657e-01	8.349908e-02
9.090909e+01	7.070707e-01	1.338044e-01
9.090909e+01	7.575758e-01	1.968525e-01
9.090909e+01	8.080808e-01	2.656691e-01
9.090909e+01	8.585859e-01	3.298172e-01
9.090909e+01	9.090909e-01	3.799268e-01
9.090909e+01	9.595960e-01	4.125645e-01
9.090909e+01	1.010101e+00	4.303744e-01
9.090909e+01	1.060606e+00	4.350138e-01
9.090909e+01	1.111111e+00	4.188480e-01
9.090909e+01	1.161616e+00	3.683072e-01
9.090909e+01	1.212121e+00	2.854623e-01
9.090909e+01	1.262626e+00	2.133019e-01
9.090909e+01	1.313131e+00	2.337273e-01
9.090909e+01	1.363636e+00	4.210048e-01
9.090909e+01	1.414141e+00	7.758242e-01
9.090909e+01	1.464646e+00	1.196237e+00
9.090909e+01	1.515152e+00	1.521326e+00
9.090909e+01	1.565657e+00	1.622380e+00
9.090909e+01	1.616162e+00	1.473521e+00
9.090909e+01	1.666667e+00	1.152567e+00
9.090909e+01	1.717172e+00	7.822533e-01
9.090909e+01	1.767677e+00	4.629686e-01
9.090909e+01	1.818182e+00	2.396915e-01
9.090909e+01	1.868687e+00	1.087613e-01
9.090909e+01	1.919192e+00	4.329559e-02
9.090909e+01	1.969697e+00	1.512488e-02
9.090909e+01	2.020202e+00	4.635855e-03
9.090909e+01	2.070707e+00	1.245938e-03
9.090909e+01	2.121212e+00	2.933571e-04
9.090909e+01	2.171717e+00	6.044072e-05
9.090909e+01	2.222222e+00	1.088197e-05
9.090909e+01	2.272727e+00	1.709514e-06
9.090909e+01	2.323232e+00	2.339414e-07
9.090909e+01	2.373737e+00	2.783895e-08
9.090909e+01	2.424242e+00	2.875282e-09
9.090909e+01	2.474747e+00	2.572940e-10
9.090909e+01	2.525253e+00	1.989450e-11
9.090909e+01	2.575758e+00	1.330000e-12
9.090909e+01	2.626263e+00	7.586040e-14
9.090909e+01	2.676768e+00	3.872713e-15
9.090909e+01	2.727273e+00	1.379373e-16
9.090909e+01	2.777778e+00	1.106278e-17
9.090909e+01	2.828283e+00	3.626257e-19
9.090909e+01	2.878788e+00	1.148565e-18
9.090909e+01	2.929293e+00	1.030305e-18
9.090909e+01	2.979798e+00	1.083983e-18
9.090909e+01	3.030303e+00	1.106563e-18
9.090909e+01	3.080808e+00	1.127192e-18
9.090909e+01	3.131313e+00	1.141715e-18
9.090909e+01	3.181818e+00	1.150925e-18
9.090909e+01	3.232323e+00	1.154467e-18
9.090909e+01	3.282828e+00	1.152882e-18
9.090909e+01	3.333333e+00	1.145877e-18
9.090909e+01	3.383838e+00	1.134030e-18
9.090909e+01	3.434343e+00	1.117235e-18
9.090909e+01	3.484848e+00	1.095936e-18
9.090909e+01	3.535354e+00	1.070316e-18
9.090909e+01	3.585859e+00	1.040642e-18
9.090909e+01	3.636364e+00	1.007328e-18
9.090909e+01	3.686869e+00	9.705492e-19
9.090909e+01	3.737374e+00	9.308230e-19
9.090909e+01	3.787879e+00	8.883527e-19
9.090909e+01	3.838384e+00	8.436073e-19
9.090909e+01	3.888889e+00	7.969330e-19
9.090909e+01	3.939394e+00	7.486811e-19
9.090909e+01	3.989899e+00	6.993097e-19
9.090909e+01	4.040404e+00	6.491040e-19
9.090909e+01	4.090909e+00	5.985659e-19
9.090909e+01	4.141414e+00	5.479529e-19
9.090909e+01	4.191919e+00	4.977565e-19
9.090909e+01	4.242424e+00	4.482385e-19
9.090909e+01	4.292929e+00	3.998379e-19
9.090909e+01	4.343434e+00	3.528350e-19
9.090909e+01	4.393939e+00	3.076085e-19
9.090909e+01	4.444444e+00	2.644304e-19
9.090909e+01	4.494949e+00	2.236316e-19
9.090909e+01	4.545455e+00	1.854702e-19
9.090909e+01	4.595960e+00	1.502161e-19
9.090909e+01	4.646465e+00	1.181108e-19
9.090909e+01	4.696970e+00	8.937027e-20
9.090909e+01	4.747475e+00	6.421981e-20
9.090909e+01	4.797980e+00	4.284203e-20
9.090909e+01	4.848485e+00	2.544608e-20
9.090909e+01	4.898990e+00	1.224115e-20
9.090909e+01	4.949495e+00	3.534966e-21
9.090909e+01	5.000000e+00	1.677659e-31
9.191919e+01	0.000000e+00	0.000000e+00
9.191919e+01	5.050505e-02	1.098277e-06
9.191919e+01	1.010101e-01	6.281515e-06
9.191919e+01	1.515152e-01	2.367927e-05
9.191919e+01	2.020202e-01	7.771857e-05
9.191919e+01	2.525253e-01	2.357175e-04
9.191919e+01	3.030303e-01	6.703479e-04
9.191919e+01	3.535354e-01	1.791852e-03
9.191919e+01	4.040404e-01	4.496013e-03
9.191919e+01	4.545455e-01	1.056018e-02
9.191919e+01	5.050505e-01	2.313539e-02
9.191919e+01	5.555556e-01	4.707299e-02
9.191919e+01	6.060606e-01	8.849497e-02
9.191919e+01	6.565657e-01	1.527527e-01
9.191919e+01	7.070707e-01	2.401892e-01
9.191919e+01	7.575758e-01	3.405012e-01
9.191919e+01	8.080808e-01	4.290134e-01
9.191919e+01	8.585859e-01	4.703265e-01
9.191919e+01	9.090909e-01	4.334542e-01
9.191919e+01	9.595960e-01	3.152483e-01
9.191919e+01	1.010101e+00	1.581331e-01
9.191919e+01	1.060606e+00	4.345130e-02
9.191919e+01	1.111111e+00	5.338622e-02
9.191919e+01	1.161616e+00	2.202859e-01
9.191919e+01	1.212121e+00	5.011896e-01
9.191919e+01	1.262626e+00	8.030607e-01
9.191919e+01	1.313131e+00	1.042743e+00
9.191919e+01	1.363636e+00	1.192266e+00
9.191919e+01	1.414141e+00	1.272572e+00
9.191919e+01	1.464646e+00	1.308804e+00
9.191919e+01	1.515152e+00	1.295967e+00
9.191919e+01	1.565657e+00	1.207269e+00
9.191919e+01	1.616162e+00	1.030049e+00
9.191919e+01	1.666667e+00	7.890875e-01
9.191919e+01	1.717172e+00	5.364196e-01
9.191919e+01	1.767677e+00	3.216236e-01
9.191919e+01	1.818182e+00	1.695818e-01
9.191919e+01	1.868687e+00	7.852186e-02
9.191919e+01	1.919192e+00	3.190424e-02
9.191919e+01	1.969697e+00	1.136830e-02
9.191919e+01	2.020202e+00	3.550219e-03
9.191919e+01	2.070707e+00	9.709370e-04
9.191919e+01	2.121212e+00	2.323231e-04
9.191919e+01	2.171717e+00	4.858186e-05
9.191919e+01	2.222222e+00	8.867058e-06
9.191919e+01	2.272727e+00	1.410556e-06
9.191919e+01	2.323232e+00	1.952661e-07
9.191919e+01	2.373737e+00	2.348409e-08
9.191919e+01	2.424242e+00	2.449227e-09
9.191919e+01	2.474747e+00	2.211560e-10
9.191919e+01	2.525253e+00	1.723975e-11
9.191919e+01	2.575758e+00	1.162152e-12
9.191919e+01	2.626263e+00	6.657032e-14
9.191919e+01	2.676768e+00	3.465003e-15
9.191919e+01	2.727273e+00	1.160630e-16
9.191919e+01	2.777778e+00	1.219382e-17
9.191919e+01	2.828283e+00	8.944814e-19
9.191919e+01	2.878788e+00	1.950685e-18
9.191919e+01	2.929293e+00	1.823798e-18
9.191919e+01	2.979798e+00	1.906994e-18
9.191919e+01	3.030303e+00	1.948374e-18
9.191919e+01	3.080808e+00	1.984597e-18
9.191919e+01	3.131313e+00	2.010270e-18
9.191919e+01	3.181818e+00	2.026518e-18
9.191919e+01	3.232323e+00	2.032886e-18
9.191919e+01	3.282828e+00	2.030058e-18
9.191919e+01	3.333333e+00	2.017883e-18
9.191919e+01	3.383838e+00	1.996954e-18
9.191919e+01	3.434343e+00	1.967527e-18
9.191919e+01	3.484848e+00	1.929966e-18
9.191919e+01	3.535354e+00	1.884954e-18
9.191919e+01	3.585859e+00	1.832675e-18
9.191919e+01	3.636364e+00	1.774061e-18
9.191919e+01	3.686869e+00	1.709309e-18
9.191919e+01	3.737374e+00	1.639345e-18
9.191919e+01	3.787879e+00	1.564596e-18
9.191919e+01	3.838384e+00	1.485775e-18
9.191919e+01	3.888889e+00	1.403611e-18
9.191919e+01	3.939394e+00	1.318618e-18
9.191919e+01	3.989899e+00	1.231683e-18
9.191919e+01	4.040404e+00	1.143262e-18
9.191919e+01	4.090909e+00	1.054251e-18
9.191919e+01	4.141414e+00	9.651250e-19
9.191919e+01	4.191919e+00	8.766988e-19
9.191919e+01	4.242424e+00	7.895039e-19
9.191919e+01	4.292929e+00	7.042427e-19
9.191919e+01	4.343434e+00	6.214691e-19
9.191919e+01	4.393939e+00	5.418021e-19
9.191919e+01	4.444444e+00	4.657561e-19
9.191919e+01	4.494949e+00	3.938968e-19
9.191919e+01	4.545455e+00	3.266749e-19
9.191919e+01	4.595960e+00	2.645861e-19
9.191919e+01	4.646465e+00	2.080291e-19
9.191919e+01	4.696970e+00	1.574157e-19
9.191919e+01	4.747475e+00	1.131097e-19
9.191919e+01	4.797980e+00	7.545948e-20
9.191919e+01	4.848485e+00	4.481613e-20
9.191919e+01	4.898990e+00	2.155973e-20
9.191919e+01	4.949495e+00	6.225175e-21
9.191919e+01	5.000000e+00	2.304683e-31
9.292929e+01	0.000000e+00	0.000000e+00
9.292929e+01	5.050505e-02	1.636983e-06
9.292929e+01	1.010101e-01	9.364287e-06
9.292929e+01	1.515152e-01	3.531558e-05
9.292929e+01	2.020202e-01	1.159951e-04
9.292929e+01	2.525253e-01	3.521764e-04
9.292929e+01	3.030303e-01	1.002909e-03
9.292929e+01	3.535354e-01	2.685314e-03
9.292929e+01	4.040404e-01	6.751315e-03
9.292929e+01	4.545455e-01	1.589386e-02
9.292929e+01	5.050505e-01	3.490991e-02
9.292929e+01	5.555556e-01	7.122854e-02
9.292929e+01	6.060606e-01	1.343003e-01
9.292929e+01	6.565657e-01	2.325135e-01
9.292929e+01	7.070707e-01	3.666851e-01
9.292929e+01	7.575758e-01	5.213122e-01
9.292929e+01	8.080808e-01	6.588121e-01
9.292929e+01	8.585859e-01	7.256422e-01
9.292929e+01	9.090909e-01	6.773591e-01
9.292929e+01	9.595960e-01	5.177594e-01
9.292929e+01	1.010101e+00	3.284251e-01
9.292929e+01	1.060606e+00	2.548635e-01
9.292929e+01	1.111111e+00	4.334757e-01
9.292929e+01	1.161616e+00	8.905660e-01
9.292929e+01	1.212121e+00	1.486648e+00
9.292929e+01	1.262626e+00	1.967680e+00
9.292929e+01	1.313131e+00	2.108623e+00
9.292929e+01	1.363636e+00	1.851552e+00
9.292929e+01	1.414141e+00	1.333248e+00
9.292929e+01	1.464646e+00	7.842149e-01
9.292929e+01	1.515152e+00	3.844277e-01
9.292929e+01	1.565657e+00	1.838834e-01
9.292929e+01	1.616162e+00	1.253203e-01
9.292929e+01	1.666667e+00	1.212106e-01
9.292929e+01	1.717172e+00	1.142505e-01
9.292929e+01	1.767677e+00	9.020944e-02
9.292929e+01	1.818182e+00	5.881801e-02
9.292929e+01	1.868687e+00	3.205323e-02
9.292929e+01	1.919192e+00	1.478306e-02
9.292929e+01	1.969697e+00	5.823619e-03
9.292929e+01	2.020202e+00	1.971849e-03
9.292929e+01	2.070707e+00	5.761916e-04
9.292929e+01	2.121212e+00	1.456639e-04
9.292929e+01	2.171717e+00	3.190209e-05
9.292929e+01	2.222222e+00	6.056257e-06
9.292929e+01	2.272727e+00	9.965109e-07
9.292929e+01	2.323232e+00	1.420438e-07
9.292929e+01	2.373737e+00	1.752520e-08
9.292929e+01	2.424242e+00	1.869217e-09
9.292929e+01	2.474747e+00	1.721800e-10
9.292929e+01	2.525253e+00	1.365796e-11
9.292929e+01	2.575758e+00	9.362187e-13
9.292929e+01	2.626263e+00	5.418708e-14
9.292929e+01	2.676768e+00	2.905348e-15
9.292929e+01	2.727273e+00	8.992077e-17
9.292929e+01	2.777778e+00	1.292101e-17
9.292929e+01	2.828283e+00	1.540896e-18
9.292929e+01	2.878788e+00	2.820051e-18
9.292929e+01	2.929293e+00	2.696328e-18
9.292929e+01	2.979798e+00	2.810065e-18
9.292929e+01	3.030303e+00	2.872324e-18
9.292929e+01	3.080808e+00	2.925633e-18
9.292929e+01	3.131313e+00	2.963546e-18
9.292929e+01	3.181818e+00	2.987512e-18
9.292929e+01	3.232323e+00	2.996994e-18
9.292929e+01	3.282828e+00	2.992779e-18
9.292929e+01	3.333333e+00	2.974953e-18
9.292929e+01	3.383838e+00	2.944027e-18
9.292929e+01	3.434343e+00	2.900765e-18
9.292929e+01	3.484848e+00	2.845328e-18
9.292929e+01	3.535354e+00	2.779056e-18
9.292929e+01	3.585859e+00	2.701947e-18
9.292929e+01	3.636364e+00	2.615581e-18
9.292929e+01	3.686869e+00	2.520117e-18
9.292929e+01	3.737374e+00	2.416969e-18
9.292929e+01	3.787879e+00	2.306794e-18
9.292929e+01	3.838384e+00	2.190569e-18
9.292929e+01	3.888889e+00	2.069459e-18
9.292929e+01	3.939394e+00	1.944136e-18
9.292929e+01	3.989899e+00	1.815978e-18
9.292929e+01	4.040404e+00	1.685612e-18
9.292929e+01	4.090909e+00	1.554376e-18
9.292929e+01	4.141414e+00	1.422983e-18
9.292929e+01	4.191919e+00	1.292596e-18
9.292929e+01	4.242424e+00	1.164052e-18
9.292929e+01	4.292929e+00	1.038334e-18
9.292929e+01	4.343434e+00	9.163023e-19
9.292929e+01	4.393939e+00	7.988351e-19
9.292929e+01	4.444444e+00	6.867160e-19
9.292929e+01	4.494949e+00	5.807681e-19
9.292929e+01	4.545455e+00	4.816497e-19
9.292929e+01	4.595960e+00	3.901104e-19
9.292929e+01	4.646465e+00	3.067157e-19
9.292929e+01	4.696970e+00	2.320981e-19
9.292929e+01	4.747475e+00	1.667673e-19
9.292929e+01	4.797980e+00	1.112582e-19
9.292929e+01	4.848485e+00	6.607498e-20
9.292929e+01	4.898990e+00	3.178712e-20
9.292929e+01	4.949495e+00	9.177705e-21
9.292929e+01	5.000000e+00	4.080717e-31
9.393939e+01	0.000000e+00	0.000000e+00
9.393939e+01	5.050505e-02	2.569739e-06
9.393939e+01	1.010101e-01	1.471569e-05
9.393939e+01	1.515152e-01	5.564018e-05
9.393939e+01	2.020202e-01	1.835577e-04
9.393939e+01	2.525253e-01	5.609129e-04
9.393939e+01	3.030303e-01	1.611357e-03
9.393939e+01	3.535354e-01	4.363640e-03
9.393939e+01	4.040404e-01	1.112952e-02
9.393939e+01	4.545455e-01	2.667526e-02
9.393939e+01	5.050505e-01	5.991104e-02
9.393939e+01	5.555556e-01	1.256694e-01
9.393939e+01	6.060606e-01	2.452640e-01
9.393939e+01	6.565657e-01	4.434401e-01
9.393939e+01	7.070707e-01	7.389998e-01
9.393939e+01	7.575758e-01	1.128419e+00
9.393939e+01	8.080808e-01	1.567384e+00
9.393939e+01	8.585859e-01	1.962759e+00
9.393939e+01	9.090909e-01	2.190798e+00
9.393939e+01	9.595960e-01	2.148004e+00
9.393939e+01	1.010101e+00	1.816862e+00
9.393939e+01	1.060606e+00	1.303618e+00
9.393939e+01	1.111111e+00	8.060500e-01
9.393939e+01	1.161616e+00	5.110997e-01
9.393939e+01	1.212121e+00	4.830402e-01
9.393939e+01	1.262626e+00	6.269071e-01
9.393939e+01	1.313131e+00	7.625440e-01
9.393939e+01	1.363636e+00	7.540902e-01
9.393939e+01	1.414141e+00	5.921639e-01
9.393939e+01	1.464646e+00	3.711612e-01
9.393939e+01	1.515152e+00	1.978699e-01
9.393939e+01	1.565657e+00	1.170304e-01
9.393939e+01	1.616162e+00	1.048535e-01
9.393939e+01	1.666667e+00	1.121608e-01
9.393939e+01	1.717172e+00	1.064625e-01
9.393939e+01	1.767677e+00	8.338254e-02
9.393939e+01	1.818182e+00	5.403696e-02
9.393939e+01	1.868687e+00	2.937183e-02
9.393939e+01	1.919192e+00	1.354628e-02
9.393939e+01	1.969697e+00	5.345037e-03
9.393939e+01	2.020202e+00	1.814464e-03
9.393939e+01	2.070707e+00	5.318458e-04
9.393939e+01	2.121212e+00	1.349036e-04
9.393939e+01	2.171717e+00	2.964690e-05
9.393939e+01	2.222222e+00	5.647315e-06
9.393939e+01	2.272727e+00	9.323096e-07
9.393939e+01	2.323232e+00	1.333171e-07
9.393939e+01	2.373737e+00	1.649883e-08
9.393939e+01	2.424242e+00	1.764812e-09
9.393939e+01	2.474747e+00	1.630208e-10
9.393939e+01	2.525253e+00	1.296152e-11
9.393939e+01	2.575758e+00	8.915677e-13
9.393939e+01	2.626263e+00	5.149631e-14
9.393939e+01	2.676768e+00	2.820452e-15
9.393939e+01	2.727273e+00	7.821605e-17
9.393939e+01	2.777778e+00	1.538749e-17
9.393939e+01	2.828283e+00	2.431064e-18
9.393939e+01	2.878788e+00	4.089622e-18
9.393939e+01	2.929293e+00	3.957141e-18
9.393939e+01	2.979798e+00	4.117101e-18
9.393939e+01	3.030303e+00	4.209580e-18
9.393939e+01	3.080808e+00	4.287838e-18
9.393939e+01	3.131313e+00	4.343660e-18
9.393939e+01	3.181818e+00	4.378995e-18
9.393939e+01	3.232323e+00	4.393093e-18
9.393939e+01	3.282828e+00	4.387100e-18
9.393939e+01	3.333333e+00	4.361099e-18
9.393939e+01	3.383838e+00	4.315976e-18
9.393939e+01	3.434343e+00	4.252594e-18
9.393939e+01	3.484848e+00	4.171557e-18
9.393939e+01	3.535354e+00	4.074369e-18
9.393939e+01	3.585859e+00	3.961561e-18
9.393939e+01	3.636364e+00	3.834864e-18
9.393939e+01	3.686869e+00	3.695103e-18
9.393939e+01	3.737374e+00	3.543829e-18
9.393939e+01	3.787879e+00	3.382418e-18
9.393939e+01	3.838384e+00	3.212003e-18
9.393939e+01	3.888889e+00	3.034483e-18
9.393939e+01	3.939394e+00	2.850759e-18
9.393939e+01	3.989899e+00	2.662852e-18
9.393939e+01	4.040404e+00	2.471745e-18
9.393939e+01	4.090909e+00	2.279292e-18
9.393939e+01	4.141414e+00	2.086669e-18
9.393939e+01	4.191919e+00	1.895455e-18
9.393939e+01	4.242424e+00	1.706996e-18
9.393939e+01	4.292929e+00	1.522624e-18
9.393939e+01	4.343434e+00	1.343699e-18
9.393939e+01	4.393939e+00	1.171432e-18
9.393939e+01	4.444444e+00	1.007031e-18
9.393939e+01	4.494949e+00	8.516558e-19
9.393939e+01	4.545455e+00	7.063124e-19
9.393939e+01	4.595960e+00	5.720741e-19
9.393939e+01	4.646465e+00	4.497774e-19
9.393939e+01	4.696970e+00	3.403548e-19
9.393939e+01	4.747475e+00	2.445467e-19
9.393939e+01	4.797980e+00	1.631481e-19
9.393939e+01	4.848485e+00	9.688891e-20
9.393939e+01	4.898990e+00	4.660998e-20
9.393939e+01	4.949495e+00	1.345583e-20
9.393939e+01	5.000000e+00	2.115816e-31
9.494949e+01	0.000000e+00	0.000000e+00
9.494949e+01	5.050505e-02	2.168690e-06
9.494949e+01	1.010101e-01	1.242122e-05
9.494949e+01	1.515152e-01	4.698467e-05
9.494949e+01	2.020202e-01	1.551169e-04
9.494949e+01	2.525253e-01	4.745254e-04
9.494949e+01	3.030303e-01	1.365278e-03
9.494949e+01	3.535354e-01	3.704863e-03
9.494949e+01	4.040404e-01	9.474988e-03
9.494949e+01	4.545455e-01	2.279044e-02
9.494949e+01	5.050505e-01	5.142367e-02
9.494949e+01	5.555556e-01	1.085217e-01
9.494949e+01	6.060606e-01	2.134890e-01
9.494949e+01	6.565657e-01	3.900737e-01
9.494949e+01	7.070707e-01	6.592600e-01
9.494949e+01	7.575758e-01	1.025931e+00
9.494949e+01	8.080808e-01	1.462466e+00
9.494949e+01	8.585859e-01	1.898479e+00
9.494949e+01	9.090909e-01	2.229270e+00
9.494949e+01	9.595960e-01	2.349828e+00
9.494949e+01	1.010101e+00	2.204517e+00
9.494949e+01	1.060606e+00	1.824041e+00
9.494949e+01	1.111111e+00	1.319494e+00
9.494949e+01	1.161616e+00	8.288473e-01
9.494949e+01	1.212121e+00	4.494379e-01
9.494949e+01	1.262626e+00	2.053561e-01
9.494949e+01	1.313131e+00	6.979888e-02
9.494949e+01	1.363636e+00	1.297888e-02
9.494949e+01	1.414141e+00	2.657428e-02
9.494949e+01	1.464646e+00	1.072615e-01
9.494949e+01	1.515152e+00	2.283704e-01
9.494949e+01	1.565657e+00	3.379449e-01
9.494949e+01	1.616162e+00	3.874773e-01
9.494949e+01	1.666667e+00	3.616896e-01
9.494949e+01	1.717172e+00	2.822724e-01
9.494949e+01	1.767677e+00	1.871199e-01
9.494949e+01	1.818182e+00	1.064206e-01
9.494949e+01	1.868687e+00	5.226267e-02
9.494949e+01	1.919192e+00	2.225543e-02
9.494949e+01	1.969697e+00	8.239563e-03
9.494949e+01	2.020202e+00	2.656224e-03
9.494949e+01	2.070707e+00	7.461681e-04
9.494949e+01	2.121212e+00	1.826744e-04
9.494949e+01	2.171717e+00	3.896227e-05
9.494949e+01	2.222222e+00	7.234951e-06
9.494949e+01	2.272727e+00	1.168499e-06
9.494949e+01	2.323232e+00	1.639429e-07
9.494949e+01	2.373737e+00	1.995430e-08
9.494949e+01	2.424242e+00	2.103483e-09
9.494949e+01	2.474747e+00	1.917918e-10
9.494949e+01	2.525253e+00	1.507831e-11
9.494949e+01	2.575758e+00	1.025511e-12
9.494949e+01	2.626263e+00	5.893328e-14
9.494949e+01	2.676768e+00	3.143833e-15
9.494949e+01	2.727273e+00	9.630761e-17
9.494949e+01	2.777778e+00	1.435175e-17
9.494949e+01	2.828283e+00	2.009906e-18
9.494949e+01	2.878788e+00	3.427181e-18
9.494949e+01	2.929293e+00	3.304958e-18
9.494949e+01	2.979798e+00	3.440180e-18
9.494949e+01	3.030303e+00	3.517266e-18
9.494949e+01	3.080808e+00	3.582697e-18
9.494949e+01	3.131313e+00	3.629354e-18
9.494949e+01	3.181818e+00	3.658903e-18
9.494949e+01	3.232323e+00	3.670683e-18
9.494949e+01	3.282828e+00	3.665714e-18
9.494949e+01	3.333333e+00	3.643972e-18
9.494949e+01	3.383838e+00	3.606317e-18
9.494949e+01	3.434343e+00	3.553328e-18
9.494949e+01	3.484848e+00	3.485665e-18
9.494949e+01	3.535354e+00	3.404429e-18
9.494949e+01	3.585859e+00	3.310211e-18
9.494949e+01	3.636364e+00	3.204323e-18
9.494949e+01	3.686869e+00	3.087568e-18
9.494949e+01	3.737374e+00	2.961161e-18
9.494949e+01	3.787879e+00	2.826297e-18
9.494949e+01	3.838384e+00	2.683905e-18
9.494949e+01	3.888889e+00	2.535572e-18
9.494949e+01	3.939394e+00	2.382063e-18
9.494949e+01	3.989899e+00	2.225047e-18
9.494949e+01	4.040404e+00	2.065368e-18
9.494949e+01	4.090909e+00	1.904554e-18
9.494949e+01	4.141414e+00	1.743603e-18
9.494949e+01	4.191919e+00	1.583828e-18
9.494949e+01	4.242424e+00	1.426354e-18
9.494949e+01	4.292929e+00	1.272294e-18
9.494949e+01	4.343434e+00	1.122786e-18
9.494949e+01	4.393939e+00	9.788409e-19
9.494949e+01	4.444444e+00	8.414695e-19
9.494949e+01	4.494949e+00	7.116369e-19
9.494949e+01	4.545455e+00	5.901915e-19
9.494949e+01	4.595960e+00	4.780212e-19
9.494949e+01	4.646465e+00	3.758322e-19
9.494949e+01	4.696970e+00	2.843972e-19
9.494949e+01	4.747475e+00	2.043415e-19
9.494949e+01	4.797980e+00	1.363248e-19
9.494949e+01	4.848485e+00	8.095963e-20
9.494949e+01	4.898990e+00	3.894670e-20
9.494949e+01	4.949495e+00	1.124346e-20
9.494949e+01	5.000000e+00	1.782336e-31
9.595960e+01	0.000000e+00	0.000000e+00
9.595960e+01	5.050505e-02	6.320320e-07
9.595960e+01	1.010101e-01	3.612032e-06
9.595960e+01	1.515152e-01	1.359067e-05
9.595960e+01	2.020202e-01	4.446623e-05
9.595960e+01	2.525253e-01	1.342633e-04
9.595960e+01	3.030303e-01	3.796314e-04
9.595960e+01	3.535354e-01	1.007708e-03
9.595960e+01	4.040404e-01	2.508358e-03
9.595960e+01	4.545455e-01	5.841038e-03
9.595960e+01	5.050505e-01	1.268824e-02
9.595960e+01	5.555556e-01	2.563583e-02
9.595960e+01	6.060606e-01	4.804869e-02
9.595960e+01	6.565657e-01	8.339993e-02
9.595960e+01	7.070707e-01	1.341194e-01
9.595960e+01	7.575758e-01	2.007646e-01
9.595960e+01	8.080808e-01	2.830971e-01
9.595960e+01	8.585859e-01	3.842879e-01
9.595960e+01	9.090909e-01	5.166596e-01
9.595960e+01	9.595960e-01	7.026684e-01
9.595960e+01	1.010101e+00	9.626569e-01
9.595960e+01	1.060606e+00	1.287743e+00
9.595960e+01	1.111111e+00	1.612902e+00
9.595960e+01	1.161616e+00	1.819377e+00
9.595960e+01	1.212121e+00	1.786346e+00
9.595960e+01	1.262626e+00	1.473127e+00
9.595960e+01	1.313131e+00	9.727146e-01
9.595960e+01	1.363636e+00	4.809357e-01
9.595960e+01	1.414141e+00	1.868163e-01
9.595960e+01	1.464646e+00	1.603220e-01
9.595960e+01	1.515152e+00	3.226442e-01
9.595960e+01	1.565657e+00	5.164244e-01
9.595960e+01	1.616162e+00	6.127706e-01
9.595960e+01	1.666667e+00	5.739904e-01
9.595960e+01	1.717172e+00	4.424720e-01
9.595960e+01	1.767677e+00	2.875769e-01
9.595960e+01	1.818182e+00	1.598653e-01
9.595960e+01	1.868687e+00	7.668133e-02
9.595960e+01	1.919192e+00	3.190765e-02
9.595960e+01	1.969697e+00	1.155507e-02
9.595960e+01	2.020202e+00	3.648449e-03
9.595960e+01	2.070707e+00	1.005221e-03
9.595960e+01	2.121212e+00	2.417062e-04
9.595960e+01	2.171717e+00	5.070145e-05
9.595960e+01	2.222222e+00	9.270942e-06
9.595960e+01	2.272727e+00	1.476166e-06
9.595960e+01	2.323232e+00	2.044031e-07
9.595960e+01	2.373737e+00	2.457774e-08
9.595960e+01	2.424242e+00	2.561921e-09
9.595960e+01	2.474747e+00	2.311382e-10
9.595960e+01	2.525253e+00	1.800409e-11
9.595960e+01	2.575758e+00	1.211472e-12
9.595960e+01	2.626263e+00	6.954097e-14
9.595960e+01	2.676768e+00	3.562824e-15
9.595960e+01	2.727273e+00	1.290095e-16
9.595960e+01	2.777778e+00	1.019185e-17
9.595960e+01	2.828283e+00	5.178237e-19
9.595960e+01	2.878788e+00	1.209042e-18
9.595960e+01	2.929293e+00	1.111217e-18
9.595960e+01	2.979798e+00	1.164665e-18
9.595960e+01	3.030303e+00	1.189475e-18
9.595960e+01	3.080808e+00	1.211564e-18
9.595960e+01	3.131313e+00	1.227163e-18
9.595960e+01	3.181818e+00	1.237026e-18
9.595960e+01	3.232323e+00	1.240852e-18
9.595960e+01	3.282828e+00	1.239081e-18
9.595960e+01	3.333333e+00	1.231603e-18
9.595960e+01	3.383838e+00	1.218781e-18
9.595960e+01	3.434343e+00	1.200799e-18
9.595960e+01	3.484848e+00	1.177820e-18
9.595960e+01	3.535354e+00	1.150347e-18
9.595960e+01	3.585859e+00	1.118383e-18
9.595960e+01	3.636364e+00	1.082627e-18
9.595960e+01	3.686869e+00	1.043058e-18
9.595960e+01	3.737374e+00	1.000372e-18
9.595960e+01	3.787879e+00	9.547217e-19
9.595960e+01	3.838384e+00	9.066247e-19
9.595960e+01	3.888889e+00	8.564691e-19
9.595960e+01	3.939394e+00	8.045976e-19
9.595960e+01	3.989899e+00	7.515459e-19
9.595960e+01	4.040404e+00	6.975791e-19
9.595960e+01	4.090909e+00	6.432701e-19
9.595960e+01	4.141414e+00	5.888746e-19
9.595960e+01	4.191919e+00	5.349260e-19
9.595960e+01	4.242424e+00	4.817117e-19
9.595960e+01	4.292929e+00	4.296951e-19
9.595960e+01	4.343434e+00	3.791834e-19
9.595960e+01	4.393939e+00	3.305782e-19
9.595960e+01	4.444444e+00	2.841753e-19
9.595960e+01	4.494949e+00	2.403333e-19
9.595960e+01	4.545455e+00	1.993171e-19
9.595960e+01	4.595960e+00	1.614340e-19
9.595960e+01	4.646465e+00	1.269279e-19
9.595960e+01	4.696970e+00	9.604607e-20
9.595960e+01	4.747475e+00	6.901497e-20
9.595960e+01	4.797980e+00	4.604222e-20
9.595960e+01	4.848485e+00	2.734592e-20
9.595960e+01	4.898990e+00	1.315555e-20
9.595960e+01	4.949495e+00	3.799013e-21
9.595960e+01	5.000000e+00	4.023072e-31
9.696970e+01	0.000000e+00	0.000000e+00
9.696970e+01	5.050505e-02	3.456661e-07
9.696970e+01	1.010101e-01	1.972043e-06
9.696970e+01	1.515152e-01	7.388837e-06
9.696970e+01	2.020202e-01	2.400022e-05
9.696970e+01	2.525253e-01	7.169394e-05
9.696970e+01	3.030303e-01	1.997593e-04
9.696970e+01	3.535354e-01	5.201076e-04
9.696970e+01	4.040404e-01	1.262897e-03
9.696970e+01	4.545455e-01	2.849549e-03
9.696970e+01	5.050505e-01	5.948424e-03
9.696970e+01	5.555556e-01	1.143161e-02
9.696970e+01	6.060606e-01	2.012557e-02
9.696970e+01	6.565657e-01	3.233826e-02
9.696970e+01	7.070707e-01	4.746362e-02
9.696970e+01	7.575758e-01	6.446555e-02
9.696970e+01	8.080808e-01	8.426182e-02
9.696970e+01	8.585859e-01	1.140535e-01
9.696970e+01	9.090909e-01	1.709140e-01
9.696970e+01	9.595960e-01	2.788302e-01
9.696970e+01	1.010101e+00	4.539869e-01
9.696970e+01	1.060606e+00	6.814788e-01
9.696970e+01	1.111111e+00	9.003025e-01
9.696970e+01	1.161616e+00	1.019450e+00
9.696970e+01	1.212121e+00	9.713917e-01
9.696970e+01	1.262626e+00	7.734937e-01
9.696970e+01	1.313131e+00	5.438483e-01
9.696970e+01	1.363636e+00	4.402497e-01
9.696970e+01	1.414141e+00	5.544054e-01
9.696970e+01	1.464646e+00	8.420122e-01
9.696970e+01	1.515152e+00	1.148342e+00
9.696970e+01	1.565657e+00	1.310333e+00
9.696970e+01	1.616162e+00	1.254164e+00
9.696970e+01	1.666667e+00	1.019927e+00
9.696970e+01	1.717172e+00	7.124767e-01
9.696970e+01	1.767677e+00	4.308537e-01
9.696970e+01	1.818182e+00	2.267267e-01
9.696970e+01	1.868687e+00	1.041678e-01
9.696970e+01	1.919192e+00	4.186818e-02
9.696970e+01	1.969697e+00	1.473659e-02
9.696970e+01	2.020202e+00	4.543655e-03
9.696970e+01	2.070707e+00	1.226905e-03
9.696970e+01	2.121212e+00	2.899604e-04
9.696970e+01	2.171717e+00	5.992084e-05
9.696970e+01	2.222222e+00	1.081456e-05
9.696970e+01	2.272727e+00	1.702260e-06
9.696970e+01	2.323232e+00	2.333197e-07
9.696970e+01	2.373737e+00	2.780086e-08
9.696970e+01	2.424242e+00	2.874383e-09
9.696970e+01	2.474747e+00	2.574292e-10
9.696970e+01	2.525253e+00	1.992015e-11
9.696970e+01	2.575758e+00	1.332102e-12
9.696970e+01	2.626263e+00	7.610466e-14
9.696970e+01	2.676768e+00	3.865566e-15
9.696970e+01	2.727273e+00	1.416644e-16
9.696970e+01	2.777778e+00	1.005617e-17
9.696970e+01	2.828283e+00	1.489970e-19
9.696970e+01	2.878788e+00	7.721292e-19
9.696970e+01	2.929293e+00	6.651583e-19
9.696970e+01	2.979798e+00	7.041283e-19
9.696970e+01	3.030303e+00	7.181196e-19
9.696970e+01	3.080808e+00	7.314946e-19
9.696970e+01	3.131313e+00	7.408318e-19
9.696970e+01	3.181818e+00	7.467476e-19
9.696970e+01	3.232323e+00	7.489670e-19
9.696970e+01	3.282828e+00	7.478996e-19
9.696970e+01	3.333333e+00	7.432881e-19
9.696970e+01	3.383838e+00	7.355631e-19
9.696970e+01	3.434343e+00	7.246272e-19
9.696970e+01	3.484848e+00	7.107645e-19
9.696970e+01	3.535354e+00	6.941320e-19
9.696970e+01	3.585859e+00	6.748303e-19
9.696970e+01	3.636364e+00	6.532329e-19
9.696970e+01	3.686869e+00	6.293255e-19
9.696970e+01	3.737374e+00	6.035745e-19
9.696970e+01	3.787879e+00	5.759920e-19
9.696970e+01	3.838384e+00	5.469820e-19
9.696970e+01	3.888889e+00	5.166947e-19
9.696970e+01	3.939394e+00	4.854021e-19
9.696970e+01	3.989899e+00	4.533841e-19
9.696970e+01	4.040404e+00	4.208190e-19
9.696970e+01	4.090909e+00	3.880574e-19
9.696970e+01	4.141414e+00	3.552280e-19
9.696970e+01	4.191919e+00	3.226933e-19
9.696970e+01	4.242424e+00	2.905768e-19
9.696970e+01	4.292929e+00	2.592069e-19
9.696970e+01	4.343434e+00	2.287269e-19
9.696970e+01	4.393939e+00	1.994124e-19
9.696970e+01	4.444444e+00	1.714169e-19
9.696970e+01	4.494949e+00	1.449709e-19
9.696970e+01	4.545455e+00	1.202320e-19
9.696970e+01	4.595960e+00	9.737745e-20
9.696970e+01	4.646465e+00	7.656764e-20
9.696970e+01	4.696970e+00	5.793473e-20
9.696970e+01	4.747475e+00	4.163353e-20
9.696970e+01	4.797980e+00	2.777398e-20
9.696970e+01	4.848485e+00	1.649779e-20
9.696970e+01	4.898990e+00	7.936645e-21
9.696970e+01	4.949495e+00	2.292495e-21
9.696970e+01	5.000000e+00	2.745574e-31
9.797980e+01	0.000000e+00	0.000000e+00
9.797980e+01	5.050505e-02	9.708664e-07
9.797980e+01	1.010101e-01	5.554278e-06
9.797980e+01	1.515152e-01	2.095143e-05
9.797980e+01	2.020202e-01	6.884311e-05
9.797980e+01	2.525253e-01	2.091527e-04
9.797980e+01	3.030303e-01	5.962127e-04
9.797980e+01	3.535354e-01	1.598800e-03
9.797980e+01	4.040404e-01	4.028742e-03
9.797980e+01	4.545455e-01	9.516114e-03
9.797980e+01	5.050505e-01	2.100410e-02
9.797980e+01	5.555556e-01	4.316312e-02
9.797980e+01	6.060606e-01	8.223584e-02
9.797980e+01	6.565657e-01	1.445572e-01
9.797980e+01	7.070707e-01	2.331171e-01
9.797980e+01	7.575758e-01	3.425287e-01
9.797980e+01	8.080808e-01	4.547236e-01
9.797980e+01	8.585859e-01	5.395633e-01
9.797980e+01	9.090909e-01	5.640222e-01
9.797980e+01	9.595960e-01	5.087809e-01
9.797980e+01	1.010101e+00	3.836022e-01
9.797980e+01	1.060606e+00	2.292682e-01
9.797980e+01	1.111111e+00	1.008424e-01
9.797980e+01	1.161616e+00	4.239747e-02
9.797980e+01	1.212121e+00	7.297033e-02
9.797980e+01	1.262626e+00	1.936748e-01
9.797980e+01	1.313131e+00	4.026658e-01
9.797980e+01	1.363636e+00	6.940152e-01
9.797980e+01	1.414141e+00	1.035801e+00
9.797980e+01	1.464646e+00	1.353489e+00
9.797980e+01	1.515152e+00	1.548717e+00
9.797980e+01	1.565657e+00	1.550143e+00
9.797980e+01	1.616162e+00	1.357213e+00
9.797980e+01	1.666667e+00	1.040317e+00
9.797980e+01	1.717172e+00	6.989088e-01
9.797980e+01	1.767677e+00	4.119740e-01
9.797980e+01	1.818182e+00	2.132294e-01
9.797980e+01	1.868687e+00	9.694631e-02
9.797980e+01	1.919192e+00	3.872081e-02
9.797980e+01	1.969697e+00	1.358200e-02
9.797980e+01	2.020202e+00	4.181551e-03
9.797980e+01	2.070707e+00	1.129021e-03
9.797980e+01	2.121212e+00	2.670534e-04
9.797980e+01	2.171717e+00	5.526930e-05
9.797980e+01	2.222222e+00	9.994183e-06
9.797980e+01	2.272727e+00	1.576586e-06
9.797980e+01	2.323232e+00	2.166050e-07
9.797980e+01	2.373737e+00	2.587271e-08
9.797980e+01	2.424242e+00	2.681655e-09
9.797980e+01	2.474747e+00	2.407760e-10
9.797980e+01	2.525253e+00	1.867398e-11
9.797980e+01	2.575758e+00	1.252621e-12
9.797980e+01	2.626263e+00	7.151844e-14
9.797980e+01	2.676768e+00	3.690565e-15
9.797980e+01	2.727273e+00	1.262577e-16
9.797980e+01	2.777778e+00	1.206890e-17
9.797980e+01	2.828283e+00	7.252957e-19
9.797980e+01	2.878788e+00	1.711461e-18
9.797980e+01	2.929293e+00	1.584753e-18
9.797980e+01	2.979798e+00	1.659433e-18
9.797980e+01	3.030303e+00	1.695146e-18
9.797980e+01	3.080808e+00	1.726709e-18
9.797980e+01	3.131313e+00	1.749054e-18
9.797980e+01	3.181818e+00	1.763212e-18
9.797980e+01	3.232323e+00	1.768744e-18
9.797980e+01	3.282828e+00	1.766322e-18
9.797980e+01	3.333333e+00	1.755701e-18
9.797980e+01	3.383838e+00	1.737542e-18
9.797980e+01	3.434343e+00	1.711901e-18
9.797980e+01	3.484848e+00	1.679270e-18
9.797980e+01	3.535354e+00	1.640070e-18
9.797980e+01	3.585859e+00	1.594624e-18
9.797980e+01	3.636364e+00	1.543598e-18
9.797980e+01	3.686869e+00	1.487281e-18
9.797980e+01	3.737374e+00	1.426400e-18
9.797980e+01	3.787879e+00	1.361366e-18
9.797980e+01	3.838384e+00	1.292787e-18
9.797980e+01	3.888889e+00	1.221293e-18
9.797980e+01	3.939394e+00	1.147348e-18
9.797980e+01	3.989899e+00	1.071702e-18
9.797980e+01	4.040404e+00	9.947720e-19
9.797980e+01	4.090909e+00	9.173195e-19
9.797980e+01	4.141414e+00	8.397718e-19
9.797980e+01	4.191919e+00	7.628325e-19
9.797980e+01	4.242424e+00	6.869619e-19
9.797980e+01	4.292929e+00	6.127753e-19
9.797980e+01	4.343434e+00	5.407520e-19
9.797980e+01	4.393939e+00	4.714329e-19
9.797980e+01	4.444444e+00	4.052643e-19
9.797980e+01	4.494949e+00	3.427361e-19
9.797980e+01	4.545455e+00	2.842479e-19
9.797980e+01	4.595960e+00	2.302212e-19
9.797980e+01	4.646465e+00	1.810116e-19
9.797980e+01	4.696970e+00	1.369693e-19
9.797980e+01	4.747475e+00	9.841915e-20
9.797980e+01	4.797980e+00	6.565818e-20
9.797980e+01	4.848485e+00	3.899553e-20
9.797980e+01	4.898990e+00	1.875935e-20
9.797980e+01	4.949495e+00	5.416585e-21
9.797980e+01	5.000000e+00	1.453228e-31
9.898990e+01	0.000000e+00	0.000000e+00
9.898990e+01	5.050505e-02	1.361056e-06
9.898990e+01	1.010101e-01	7.783727e-06
9.898990e+01	1.515152e-01	2.933530e-05
9.898990e+01	2.020202e-01	9.624290e-05
9.898990e+01	2.525253e-01	2.917165e-04
9.898990e+01	3.030303e-01	8.288412e-04
9.898990e+01	3.535354e-01	2.212648e-03
9.898990e+01	4.040404e-01	5.541860e-03
9.898990e+01	4.545455e-01	1.298411e-02
9.898990e+01	5.050505e-01	2.834669e-02
9.898990e+01	5.555556e-01	5.739494e-02
9.898990e+01	6.060606e-01	1.071556e-01
9.898990e+01	6.565657e-01	1.831362e-01
9.898990e+01	7.070707e-01	2.838175e-01
9.898990e+01	7.575758e-01	3.936919e-01
9.898990e+01	8.080808e-01	4.795220e-01
9.898990e+01	8.585859e-01	4.972659e-01
9.898990e+01	9.090909e-01	4.148958e-01
9.898990e+01	9.595960e-01	2.455957e-01
9.898990e+01	1.010101e+00	7.006180e-02
9.898990e+01	1.060606e+00	1.969620e-02
9.898990e+01	1.111111e+00	2.102318e-01
9.898990e+01	1.161616e+00	6.561517e-01
9.898990e+01	1.212121e+00	1.229246e+00
9.898990e+01	1.262626e+00	1.709486e+00
9.898990e+01	1.313131e+00	1.908705e+00
9.898990e+01	1.363636e+00	1.780874e+00
9.898990e+01	1.414141e+00	1.435264e+00
9.898990e+01	1.464646e+00	1.047503e+00
9.898990e+01	1.515152e+00	7.460993e-01
9.898990e+01	1.565657e+00	5.600220e-01
9.898990e+01	1.616162e+00	4.469656e-01
9.898990e+01	1.666667e+00	3.548889e-01
9.898990e+01	1.717172e+00	2.608224e-01
9.898990e+01	1.767677e+00	1.702801e-01
9.898990e+01	1.818182e+00	9.710424e-02
9.898990e+01	1.868687e+00	4.812116e-02
9.898990e+01	1.919192e+00	2.071000e-02
9.898990e+01	1.969697e+00	7.746102e-03
9.898990e+01	2.020202e+00	2.520109e-03
9.898990e+01	2.070707e+00	7.135746e-04
9.898990e+01	2.121212e+00	1.758830e-04
9.898990e+01	2.171717e+00	3.772980e-05
9.898990e+01	2.222222e+00	7.040171e-06
9.898990e+01	2.272727e+00	1.141710e-06
9.898990e+01	2.323232e+00	1.607405e-07
9.898990e+01	2.373737e+00	1.962198e-08
9.898990e+01	2.424242e+00	2.073630e-09
9.898990e+01	2.474747e+00	1.894656e-10
9.898990e+01	2.525253e+00	1.492410e-11
9.898990e+01	2.575758e+00	1.016133e-12
9.898990e+01	2.626263e+00	5.858687e-14
9.898990e+01	2.676768e+00	3.101089e-15
9.898990e+01	2.727273e+00	9.969591e-17
9.898990e+01	2.777778e+00	1.245213e-17
9.898990e+01	2.828283e+00	1.230643e-18
9.898990e+01	2.878788e+00	2.402028e-18
9.898990e+01	2.929293e+00	2.277309e-18
9.898990e+01	2.979798e+00	2.376292e-18
9.898990e+01	3.030303e+00	2.428502e-18
9.898990e+01	3.080808e+00	2.473581e-18
9.898990e+01	3.131313e+00	2.505593e-18
9.898990e+01	3.181818e+00	2.525830e-18
9.898990e+01	3.232323e+00	2.533803e-18
9.898990e+01	3.282828e+00	2.530229e-18
9.898990e+01	3.333333e+00	2.515115e-18
9.898990e+01	3.383838e+00	2.488963e-18
9.898990e+01	3.434343e+00	2.452356e-18
9.898990e+01	3.484848e+00	2.405477e-18
9.898990e+01	3.535354e+00	2.349432e-18
9.898990e+01	3.585859e+00	2.284225e-18
9.898990e+01	3.636364e+00	2.211207e-18
9.898990e+01	3.686869e+00	2.130479e-18
9.898990e+01	3.737374e+00	2.043281e-18
9.898990e+01	3.787879e+00	1.950119e-18
9.898990e+01	3.838384e+00	1.851868e-18
9.898990e+01	3.888889e+00	1.749470e-18
9.898990e+01	3.939394e+00	1.643523e-18
9.898990e+01	3.989899e+00	1.535176e-18
9.898990e+01	4.040404e+00	1.424962e-18
9.898990e+01	4.090909e+00	1.314020e-18
9.898990e+01	4.141414e+00	1.202936e-18
9.898990e+01	4.191919e+00	1.092717e-18
9.898990e+01	4.242424e+00	9.840418e-19
9.898990e+01	4.292929e+00	8.777687e-19
9.898990e+01	4.343434e+00	7.746029e-19
9.898990e+01	4.393939e+00	6.753033e-19
9.898990e+01	4.444444e+00	5.805200e-19
9.898990e+01	4.494949e+00	4.909567e-19
9.898990e+01	4.545455e+00	4.071667e-19
9.898990e+01	4.595960e+00	3.297822e-19
9.898990e+01	4.646465e+00	2.592858e-19
9.898990e+01	4.696970e+00	1.962056e-19
9.898990e+01	4.747475e+00	1.409795e-19
9.898990e+01	4.797980e+00	9.405358e-20
9.898990e+01	4.848485e+00	5.585820e-20
9.898990e+01	4.898990e+00	2.687209e-20
9.898990e+01	4.949495e+00	7.758915e-21
9.898990e+01	5.000000e+00	3.654749e-31
1.000000e+02	0.000000e+00	0.000000e+00
1.000000e+02	5.050505e-02	2.190904e-06
1.000000e+02	1.010101e-01	1.254092e-05
1.000000e+02	1.515152e-01	4.736830e-05
1.000000e+02	2.020202e-01	1.559924e-04
1.000000e+02	2.525253e-01	4.754458e-04
1.000000e+02	3.030303e-01	1.361058e-03
1.000000e+02	3.535354e-01	3.669167e-03
1.000000e+02	4.040404e-01	9.304965e-03
1.000000e+02	4.545455e-01	2.214437e-02
1.000000e+02	5.050505e-01	4.930110e-02
1.000000e+02	5.555556e-01	1.023051e-01
1.000000e+02	6.060606e-01	1.970302e-01
1.000000e+02	6.565657e-01	3.504263e-01
1.000000e+02	7.070707e-01	5.721543e-01
1.000000e+02	7.575758e-01	8.514447e-01
1.000000e+02	8.080808e-01	1.144599e+00
1.000000e+02	8.585859e-01	1.374454e+00
1.000000e+02	9.090909e-01	1.453842e+00
1.000000e+02	9.595960e-01	1.333613e+00
1.000000e+02	1.010101e+00	1.052885e+00
1.000000e+02	1.060606e+00	7.504615e-01
1.000000e+02	1.111111e+00	6.065667e-01
1.000000e+02	1.161616e+00	7.319842e-01
1.000000e+02	1.212121e+00	1.077329e+00
1.000000e+02	1.262626e+00	1.442325e+00
1.000000e+02	1.313131e+00	1.597045e+00
1.000000e+02	1.363636e+00	1.431846e+00
1.000000e+02	1.414141e+00	1.020810e+00
1.000000e+02	1.464646e+00	5.542261e-01
1.000000e+02	1.515152e+00	2.048547e-01
1.000000e+02	1.565657e+00	3.615413e-02
1.000000e+02	1.616162e+00	5.867850e-03
1.000000e+02	1.666667e+00	3.222510e-02
1.000000e+02	1.717172e+00	5.526974e-02
1.000000e+02	1.767677e+00	5.590656e-02
1.000000e+02	1.818182e+00	4.138517e-02
1.000000e+02	1.868687e+00	2.431553e-02
1.000000e+02	1.919192e+00	1.178172e-02
1.000000e+02	1.969697e+00	4.805601e-03
1.000000e+02	2.020202e+00	1.669795e-03
1.000000e+02	2.070707e+00	4.977965e-04
1.000000e+02	2.121212e+00	1.278728e-04
1.000000e+02	2.171717e+00	2.837424e-05
1.000000e+02	2.222222e+00	5.445609e-06
1.000000e+02	2.272727e+00	9.043575e-07
1.000000e+02	2.323232e+00	1.299359e-07
1.000000e+02	2.373737e+00	1.614239e-08
1.000000e+02	2.424242e+00	1.732147e-09
1.000000e+02	2.474747e+00	1.604177e-10
1.000000e+02	2.525253e+00	1.278323e-11
1.000000e+02	2.575758e+00	8.806420e-13
1.000000e+02	2.626263e+00	5.101007e-14
1.000000e+02	2.676768e+00	2.781342e-15
1.000000e+02	2.727273e+00	7.997287e-17
1.000000e+02	2.777778e+00	1.431970e-17
1.000000e+02	2.828283e+00	2.085223e-18
1.000000e+02	2.878788e+00	3.597374e-18
1.000000e+02	2.929293e+00	3.468592e-18
1.000000e+02	2.979798e+00	3.610587e-18
1.000000e+02	3.030303e+00	3.691330e-18
1.000000e+02	3.080808e+00	3.759898e-18
1.000000e+02	3.131313e+00	3.808757e-18
1.000000e+02	3.181818e+00	3.839664e-18
1.000000e+02	3.232323e+00	3.851959e-18
1.000000e+02	3.282828e+00	3.846631e-18
1.000000e+02	3.333333e+00	3.823795e-18
1.000000e+02	3.383838e+00	3.784146e-18
1.000000e+02	3.434343e+00	3.728570e-18
1.000000e+02	3.484848e+00	3.657426e-18
1.000000e+02	3.535354e+00	3.572234e-18
1.000000e+02	3.585859e+00	3.473235e-18
1.000000e+02	3.636364e+00	3.362186e-18
1.000000e+02	3.686869e+00	3.239575e-18
1.000000e+02	3.737374e+00	3.106963e-18
1.000000e+02	3.787879e+00	2.965404e-18
1.000000e+02	3.838384e+00	2.815997e-18
1.000000e+02	3.888889e+00	2.660342e-18
1.000000e+02	3.939394e+00	2.499255e-18
1.000000e+02	3.989899e+00	2.334513e-18
1.000000e+02	4.040404e+00	2.166950e-18
1.000000e+02	4.090909e+00	1.998233e-18
1.000000e+02	4.141414e+00	1.829345e-18
1.000000e+02	4.191919e+00	1.661716e-18
1.000000e+02	4.242424e+00	1.496484e-18
1.000000e+02	4.292929e+00	1.334855e-18
1.000000e+02	4.343434e+00	1.177987e-18
1.000000e+02	4.393939e+00	1.026967e-18
1.000000e+02	4.444444e+00	8.828362e-19
1.000000e+02	4.494949e+00	7.466264e-19
1.000000e+02	4.545455e+00	6.192043e-19
1.000000e+02	4.595960e+00	5.015221e-19
1.000000e+02	4.646465e+00	3.943086e-19
1.000000e+02	4.696970e+00	2.983815e-19
1.000000e+02	4.747475e+00	2.143902e-19
1.000000e+02	4.797980e+00	1.430296e-19
1.000000e+02	4.848485e+00	8.494199e-20
1.000000e+02	4.898990e+00	4.086313e-20
1.000000e+02	4.949495e+00	1.179732e-20
1.000000e+02	5.000000e+00	3.290454e-31
